<?xml version="1.0" encoding="UTF-8"?>

<Composition xmlns="http://hl7.org/fhir">
  <id value="ContinuityCareDocument1"/>
  <meta>
    <versionId value="1"/>
    <lastUpdated value="2018-10-04T19:42:52.061-04:00"/>
    <profile value="http://hl7.org/fhir/us/ccda/StructureDefinition/CCDA-on-FHIR-Continuity-of-Care-Document"/>
  </meta>
  <language value="en-US"/>
  <text>
    <status value="generated"/><div xmlns="http://www.w3.org/1999/xhtml" xml:lang="en-US" lang="en-US"><p><b>Generated Narrative</b></p><div style="display: inline-block; background-color: #d9e0e7; padding: 6px; margin: 4px; border: 1px solid #8da1b4; border-radius: 5px; line-height: 60%"><p style="margin-bottom: 0px">Resource "ContinuityCareDocument1" Version "1" Updated "2018-10-04 06:42:52-0500"  (Language "en-US") </p><p style="margin-bottom: 0px">Profile: <code>http://hl7.org/fhir/us/ccda/StructureDefinition/CCDA-on-FHIR-Continuity-of-Care-Document</code></p></div><p><b>identifier</b>: id: urn:uuid:7e63fe21-7285-46c6-b72f-e58a61341195</p><p><b>status</b>: preliminary</p><p><b>type</b>: Summary of episode note <span style="background: LightGoldenRodYellow; margin: 4px; border: 1px solid khaki"> (<a href="https://loinc.org/">LOINC</a>#34133-9)</span></p><p><b>date</b>: 2016-02-28 09:10:14+0000</p><p><b>author</b>: <a href="Practitioner/practitioner-1">Practitioner/practitioner-1: Ronald Boone, MD</a></p><p><b>title</b>: Continuity of Care Document</p><p><b>confidentiality</b>: N</p><h3>Attesters</h3><table class="grid"><tr><td>-</td><td><b>Mode</b></td><td><b>Time</b></td><td><b>Party</b></td></tr><tr><td>*</td><td>legal</td><td>2016-06-15 09:10:14+0000</td><td><a href="Practitioner/practitioner-1">Practitioner/practitioner-1: Ronald Boone, MD</a></td></tr></table><p><b>custodian</b>: <a href="Organization-organization-1.html">Organization/organization-1: Community Health and Hospitals</a> "Acme Labs"</p><h3>Events</h3><table class="grid"><tr><td>-</td><td><b>Code</b></td><td><b>Period</b></td></tr><tr><td>*</td><td>Care Provision <span style="background: LightGoldenRodYellow; margin: 4px; border: 1px solid khaki"> (ActClass#PCPR)</span></td><td>2016-06-15 --&gt; 2016-08-20</td></tr></table></div>
  </text>
  <identifier>
    <system value="urn:ietf:rfc:3986"/>
    <value value="urn:uuid:7e63fe21-7285-46c6-b72f-e58a61341195"/>
  </identifier>
  <status value="preliminary"/>
  <type>
    <coding>
      <system value="http://loinc.org"/>
      <code value="34133-9"/>
      <display value="Summary of episode note"/>
    </coding>
  </type>
  <subject>
    <reference value="Patient/john-doe"/>
    <display value="John Doe"/>
  </subject>
  <date value="2016-02-28T09:10:14Z"/>
  <author>
    <reference value="Practitioner/practitioner-1"/>
    <display value="Ronald Boone, MD"/>
  </author>
  <title value="Continuity of Care Document"/>
  <confidentiality value="N"/>
  <attester>
    <mode value="legal"/>
    <time value="2016-06-15T09:10:14Z"/>
    <party>
      <reference value="Practitioner/practitioner-1"/>
      <display value="Ronald Boone, MD"/>
    </party>
  </attester>
  <custodian>
    <reference value="Organization/organization-1"/>
    <display value="Community Health and Hospitals"/>
  </custodian>
  <event>
    <code>
      <coding>
        <system value="http://hl7.org/fhir/v3/ActClass"/>
        <code value="PCPR"/>
        <display value="Care Provision"/>
      </coding>
    </code>
    <period>
      <start value="2016-06-15"/>
      <end value="2016-08-20"/>
    </period>
  </event>
  <section>
    <title value="Allergies and Intolerances Section"/>
    <code>
      <coding>
        <system value="http://loinc.org"/>
        <code value="48765-2"/>
        <display value="Allergies and adverse reactions"/>
      </coding>
    </code>
    <text>
      <status value="generated"/><div xmlns="http://www.w3.org/1999/xhtml"><table><tr><td><b>Substance</b></td><td><b>Overall Severity</b></td><td><b>Reaction</b></td><td><b>Reaction Severity</b></td><td><b>Status</b></td></tr><tr><td>Cashew Nut</td><td>Severe</td><td>Anaphylactic reaction</td><td>Mild</td><td>Active</td></tr></table></div>
    </text>
    <mode value="snapshot"/>
    <orderedBy>
      <coding>
        <system value="http://hl7.org/fhir/list-order"/>
        <code value="event-date"/>
        <display value="Sorted by Event Date"/>
      </coding>
    </orderedBy>
    <entry>
      <reference value="AllergyIntolerance/allergy-intolerance"/>
    </entry>
  </section>
  <section>
    <title value="Medication Section"/>
    <code>
      <coding>
        <system value="http://loinc.org"/>
        <code value="10160-0"/>
        <display value="History of Medication Use"/>
      </coding>
    </code>
    <text>
      <status value="generated"/><div xmlns="http://www.w3.org/1999/xhtml"><table><tr><td><b>Medication</b></td><td><b>Directions</b></td><td><b>Start Date</b></td><td><b>Status</b></td><td><b>Indications</b></td><td><b>Fill Instructions</b></td></tr><tr><td>Amoxicillin</td><td>Amoxicillin Powder, for Suspension 250mg/5ml</td><td>2016/02/28</td><td>Active</td><td>Pneumonia</td><td>Generic substitution allowed</td></tr></table></div>
    </text>
    <entry>
      <reference value="MedicationStatement/medication-statement"/>
    </entry>
  </section>
  <section>
    <title value="Problem Section"/>
    <code>
      <coding>
        <system value="http://loinc.org"/>
        <code value="11450-4"/>
        <display value="Problem list"/>
      </coding>
    </code>
    <text>
      <status value="generated"/><div xmlns="http://www.w3.org/1999/xhtml"><table><tr><td><b>Problem Name</b></td><td><b>Type</b></td><td><b>Onset Date</b></td><td><b>Abatement Date</b></td><td><b>Status</b></td></tr><tr><td>Fever</td><td>Condition</td><td>2016/02/28</td><td>2016/03/01</td><td>Complete</td></tr></table></div>
    </text>
    <entry>
      <reference value="Condition/condition-problem"/>
    </entry>
  </section>
  <section>
    <title value="Procedures Section"/>
    <code>
      <coding>
        <system value="http://loinc.org"/>
        <code value="47519-4"/>
        <display value="History of procedures"/>
      </coding>
    </code>
    <text>
      <status value="generated"/><div xmlns="http://www.w3.org/1999/xhtml"><table><tr><td><b>Procedure Name</b></td><td><b>Body Site</b></td><td><b>Performer</b></td><td><b>Date Performed</b></td><td><b>Reason</b></td></tr><tr><td>Appendectomy (Procedure)</td><td>Abdomen</td><td>Dr. Adam Everyman</td><td>2016/06/15</td><td>Generalized abdominal pain 24 hours. Localized in RIF with rebound and guarding</td></tr></table></div>
    </text>
    <entry>
      <reference value="Procedure/procedure-rehab"/>
    </entry>
  </section>
  <section>
    <title value="Results Section"/>
    <code>
      <coding>
        <system value="http://loinc.org"/>
        <code value="30954-2"/>
        <display value="Relevant diagnostic tests and laboratory data"/>
      </coding>
    </code>
    <text>
      <status value="generated"/><div xmlns="http://www.w3.org/1999/xhtml"><table><tr><td><b>Result Type</b></td><td><b>Quantity Value</b></td><td><b>Date</b></td><td><b>Status</b></td></tr><tr><td>Glucose [Moles/volume] in Blood</td><td>6.3 mmol/l</td><td>2016/06/15</td><td>Final</td></tr></table></div>
    </text>
    <entry>
      <reference value="Observation/observation-lab-urine"/>
    </entry>
  </section>
  <section>
    <title value="Advance Directives Section"/>
    <code>
      <coding>
        <system value="http://loinc.org"/>
        <code value="42348-3"/>
        <display value="Advance directives"/>
      </coding>
    </code>
    <text>
      <status value="generated"/><div xmlns="http://www.w3.org/1999/xhtml"><table><tr><td><b>Name</b></td><td><b>Applies Period</b></td></tr><tr><td>Resuscitation</td><td>2010/01/01 - 2025/01/01</td></tr></table></div>
    </text>
  </section>
  <section>
    <title value="Encounters Section"/>
    <code>
      <coding>
        <system value="http://loinc.org"/>
        <code value="46240-8"/>
        <display value="Encounters"/>
      </coding>
    </code>
    <text>
      <status value="generated"/><div xmlns="http://www.w3.org/1999/xhtml"><table><tr><td><b>Encounter</b></td><td><b>Performer</b></td><td><b>Location</b></td><td><b>Date</b></td></tr><tr><td>Checkup Examination</td><td>Dr. S. Steene</td><td>Community Urgent Care Center</td><td>2016/04/18</td></tr></table></div>
    </text>
  </section>
  <section>
    <title value="Family History Section"/>
    <code>
      <coding>
        <system value="http://loinc.org"/>
        <code value="10157-6"/>
        <display value="History of family member diseases"/>
      </coding>
    </code>
    <text>
      <status value="generated"/><div xmlns="http://www.w3.org/1999/xhtml"><table><tr><td><b>Relationship</b></td><td><b>Diagnosis</b></td><td><b>Age at Onset</b></td></tr><tr><td>Father</td><td>Myocardial Infarction(cause of Death)</td><td>57</td></tr><tr><td>Father</td><td>Diabetes</td><td>40</td></tr></table></div>
    </text>
  </section>
  <section>
    <title value="Functional Status Section"/>
    <code>
      <coding>
        <system value="http://loinc.org"/>
        <code value="47420-5"/>
        <display value="Functional status assessment"/>
      </coding>
    </code>
    <text>
      <status value="generated"/><div xmlns="http://www.w3.org/1999/xhtml"><table><tr><td><b>Functional or Cognitive Finding</b></td><td><b>Observation</b></td><td><b>Observation Date</b></td><td><b>Condition Status</b></td></tr><tr><td>Ambulation (Dependent to Independent</td><td>Independently able</td><td>2016/06/15</td><td>Active</td></tr><tr><td>Finding of Functional Performance and Activity</td><td>Dyspnea</td><td>2016/06/15</td><td>Active</td></tr><tr><td>Cognitive Function Finding</td><td>Memory Impairment</td><td>2010/04/17</td><td>Active</td></tr></table></div>
    </text>
  </section>
  <section>
    <title value="Immunizations Section"/>
    <code>
      <coding>
        <system value="http://loinc.org"/>
        <code value="11369-6"/>
        <display value="History of immunization"/>
      </coding>
    </code>
    <text>
      <status value="generated"/><div xmlns="http://www.w3.org/1999/xhtml"><table><tr><td><b>Vaccine</b></td><td><b>Date</b></td><td><b>Status</b></td></tr><tr><td>Fluvax (Influenza)</td><td>2014/05/29</td><td>Completed</td></tr></table></div>
    </text>
    <entry>
      <reference value="Immunization/immunization"/>
    </entry>
  </section>
  <section>
    <title value="Nutrition Section"/>
    <code>
      <coding>
        <system value="http://loinc.org"/>
        <code value="61144-2"/>
        <display value="Diet and nutrition"/>
      </coding>
    </code>
    <text>
      <status value="generated"/><div xmlns="http://www.w3.org/1999/xhtml"><table><tr><td><b>Date</b></td><td><b>Nutritional Status</b></td><td><b>Diet</b></td></tr><tr><td>2016/06/15</td><td>Well nourished</td><td>Low sodium diet, excessive carbohydrate</td></tr><tr><td>2016/06/15</td><td>Slight dehydration</td><td>High protein, low fibre</td></tr></table></div>
    </text>
  </section>
  <section>
    <title value="Mental Status Section"/>
    <code>
      <coding>
        <system value="http://loinc.org"/>
        <code value="10190-7"/>
        <display value="Mental status"/>
      </coding>
    </code>
    <text>
      <status value="generated"/><div xmlns="http://www.w3.org/1999/xhtml"><table><tr><td><b>Date</b></td><td><b>Mental Status</b></td><td><b>Support System</b></td></tr><tr><td>2016/06/15</td><td>Good</td><td>Not required</td></tr><tr><td>2012/04/29</td><td>Dimentia</td><td>Daily Home Care</td></tr></table></div>
    </text>
  </section>
  <section>
    <title value="Social History Section"/>
    <code>
      <coding>
        <system value="http://loinc.org"/>
        <code value="29762-2"/>
        <display value="Social history"/>
      </coding>
    </code>
    <text>
      <status value="generated"/><div xmlns="http://www.w3.org/1999/xhtml"><table><tr><td><b>Social History Element</b></td><td><b>Description</b></td><td><b>Effective Dates</b></td></tr><tr><td>Smoking</td><td>1 pack tobacco per day</td><td>2010/01/01 - 2016/06/15</td></tr></table></div>
    </text>
    <entry>
      <reference value="Observation/observation-smoker"/>
    </entry>
  </section>
  <section>
    <title value="Plan of Treatment Section"/>
    <code>
      <coding>
        <system value="http://loinc.org"/>
        <code value="18776-5"/>
        <display value="Plan of treatment"/>
      </coding>
    </code>
    <text>
      <status value="generated"/><div xmlns="http://www.w3.org/1999/xhtml"><table><tr><td><b>Planned Activity</b></td><td><b>Period</b></td><td><b>Status</b></td></tr><tr><td>Colonoscopy</td><td>2016/06/15 - 2015/06/15</td><td>Completed</td></tr><tr><td>Recommendation to Exercise</td><td>2016/06/15</td><td>Ongoing</td></tr></table></div>
    </text>
  </section>
  <section>
    <title value="Payers Section"/>
    <code>
      <coding>
        <system value="http://loinc.org"/>
        <code value="48768-6"/>
        <display value="Payers"/>
      </coding>
    </code>
    <text>
      <status value="generated"/><div xmlns="http://www.w3.org/1999/xhtml"><table><tr><td><b>Payer Name</b></td><td><b>Policy ID</b></td><td><b>Policy Holder</b></td></tr><tr><td>United Healthcare</td><td>12341</td><td>Self</td></tr><tr><td>Cigna</td><td>53123</td><td>Spouse</td></tr></table></div>
    </text>
  </section>
  <section>
    <title value="Medical Equipment Section"/>
    <code>
      <coding>
        <system value="http://loinc.org"/>
        <code value="46264-8"/>
        <display value="Medical equipment"/>
      </coding>
    </code>
    <text>
      <status value="generated"/><div xmlns="http://www.w3.org/1999/xhtml"><table><tr><td><b>Supply/Device</b></td><td><b>Date Supplied</b></td></tr><tr><td>Automatic Implantable cardioverter/defbrillator</td><td>2015/05/29</td></tr><tr><td>Wheelchair</td><td>2016/06/15</td></tr></table></div>
    </text>
  </section>
  <section>
    <title value="Vital Signs Section"/>
    <code>
      <coding>
        <system value="http://loinc.org"/>
        <code value="8716-3"/>
        <display value="Vital signs"/>
      </coding>
    </code>
    <text>
      <status value="generated"/><div xmlns="http://www.w3.org/1999/xhtml"><table><tr><td><b>Vital Sign</b></td><td><b>Date</b></td><td><b>Value</b></td></tr><tr><td>Temperature</td><td>2016/06/15</td><td>39 Degrees Celcius</td></tr></table></div>
    </text>
    <entry>
      <reference value="Observation/observation-vitals-temp"/>
    </entry>
  </section>
</Composition>