<?xml version="1.0" encoding="UTF-8"?>

<ImplementationGuide xmlns="http://hl7.org/fhir">
  <id value="StandardPersonalHealthRecordIG"/>
  <text>
    <status value="extensions"/><div xmlns="http://www.w3.org/1999/xhtml"><h2>StandardPersonalHealthRecordIG</h2><p>The official URL for this implementation guide is: </p><pre>https://gitlab.mitre.org/awatson/hello-implementation-guide/ImplementationGuide/StandardPersonalHealthRecordIG</pre></div>
  </text>
  <url value="https://gitlab.mitre.org/awatson/hello-implementation-guide/ImplementationGuide/StandardPersonalHealthRecordIG"/>
  <version value="0.2.1"/>
  <name value="StandardPersonalHealthRecordIG"/>
  <status value="draft"/>
  <date value="2022-01-17T15:55:59-06:00"/>
  <publisher value="MITRE"/>
  <contact>
    <name value="MITRE"/>
    <telecom>
      <system value="url"/>
      <value value="https://gitlab.mitre.org/awatson/sphr"/>
    </telecom>
  </contact>
  <packageId value="StandardPersonalHealthRecordIG"/>
  <license value="CC0-1.0"/>
  <fhirVersion value="4.0.1"/>
  <definition>
    <extension url="http://hl7.org/fhir/tools/StructureDefinition/ig-parameter">
      <extension url="code">
        <valueString value="copyrightyear"/>
      </extension>
      <extension url="value">
        <valueString value="2022+"/>
      </extension>
    </extension>
    <extension url="http://hl7.org/fhir/tools/StructureDefinition/ig-parameter">
      <extension url="code">
        <valueString value="releaselabel"/>
      </extension>
      <extension url="value">
        <valueString value="ci-build"/>
      </extension>
    </extension>
    <extension url="http://hl7.org/fhir/tools/StructureDefinition/ig-parameter">
      <extension url="code">
        <valueString value="path-liquid"/>
      </extension>
      <extension url="value">
        <valueString value="template/liquid"/>
      </extension>
    </extension>
    <extension url="http://hl7.org/fhir/tools/StructureDefinition/ig-parameter">
      <extension url="code">
        <valueString value="path-liquid"/>
      </extension>
      <extension url="value">
        <valueString value="input/liquid"/>
      </extension>
    </extension>
    <extension url="http://hl7.org/fhir/tools/StructureDefinition/ig-parameter">
      <extension url="code">
        <valueString value="path-qa"/>
      </extension>
      <extension url="value">
        <valueString value="temp/qa"/>
      </extension>
    </extension>
    <extension url="http://hl7.org/fhir/tools/StructureDefinition/ig-parameter">
      <extension url="code">
        <valueString value="path-temp"/>
      </extension>
      <extension url="value">
        <valueString value="temp/pages"/>
      </extension>
    </extension>
    <extension url="http://hl7.org/fhir/tools/StructureDefinition/ig-parameter">
      <extension url="code">
        <valueString value="path-output"/>
      </extension>
      <extension url="value">
        <valueString value="output"/>
      </extension>
    </extension>
    <extension url="http://hl7.org/fhir/tools/StructureDefinition/ig-parameter">
      <extension url="code">
        <valueString value="path-suppressed-warnings"/>
      </extension>
      <extension url="value">
        <valueString value="input/ignoreWarnings.txt"/>
      </extension>
    </extension>
    <extension url="http://hl7.org/fhir/tools/StructureDefinition/ig-parameter">
      <extension url="code">
        <valueString value="path-history"/>
      </extension>
      <extension url="value">
        <valueString value="https://gitlab.mitre.org/awatson/hello-implementation-guide/history.html"/>
      </extension>
    </extension>
    <extension url="http://hl7.org/fhir/tools/StructureDefinition/ig-parameter">
      <extension url="code">
        <valueString value="template-html"/>
      </extension>
      <extension url="value">
        <valueString value="template-page.html"/>
      </extension>
    </extension>
    <extension url="http://hl7.org/fhir/tools/StructureDefinition/ig-parameter">
      <extension url="code">
        <valueString value="template-md"/>
      </extension>
      <extension url="value">
        <valueString value="template-page-md.html"/>
      </extension>
    </extension>
    <extension url="http://hl7.org/fhir/tools/StructureDefinition/ig-parameter">
      <extension url="code">
        <valueString value="apply-contact"/>
      </extension>
      <extension url="value">
        <valueString value="true"/>
      </extension>
    </extension>
    <extension url="http://hl7.org/fhir/tools/StructureDefinition/ig-parameter">
      <extension url="code">
        <valueString value="apply-context"/>
      </extension>
      <extension url="value">
        <valueString value="true"/>
      </extension>
    </extension>
    <extension url="http://hl7.org/fhir/tools/StructureDefinition/ig-parameter">
      <extension url="code">
        <valueString value="apply-copyright"/>
      </extension>
      <extension url="value">
        <valueString value="true"/>
      </extension>
    </extension>
    <extension url="http://hl7.org/fhir/tools/StructureDefinition/ig-parameter">
      <extension url="code">
        <valueString value="apply-jurisdiction"/>
      </extension>
      <extension url="value">
        <valueString value="true"/>
      </extension>
    </extension>
    <extension url="http://hl7.org/fhir/tools/StructureDefinition/ig-parameter">
      <extension url="code">
        <valueString value="apply-license"/>
      </extension>
      <extension url="value">
        <valueString value="true"/>
      </extension>
    </extension>
    <extension url="http://hl7.org/fhir/tools/StructureDefinition/ig-parameter">
      <extension url="code">
        <valueString value="apply-publisher"/>
      </extension>
      <extension url="value">
        <valueString value="true"/>
      </extension>
    </extension>
    <extension url="http://hl7.org/fhir/tools/StructureDefinition/ig-parameter">
      <extension url="code">
        <valueString value="apply-version"/>
      </extension>
      <extension url="value">
        <valueString value="true"/>
      </extension>
    </extension>
    <extension url="http://hl7.org/fhir/tools/StructureDefinition/ig-parameter">
      <extension url="code">
        <valueString value="active-tables"/>
      </extension>
      <extension url="value">
        <valueString value="true"/>
      </extension>
    </extension>
    <resource>
      <extension url="http://hl7.org/fhir/tools/StructureDefinition/resource-information">
        <valueString value="StructureDefinition:resource"/>
      </extension>
      <reference>
        <reference value="StructureDefinition/MyAllergyIntolerance"/>
      </reference>
      <name value="MyAllergyIntolerance"/>
      <description value="An example profile of the AllergyIntolerance resource."/>
      <exampleBoolean value="false"/>
    </resource>
    <resource>
      <extension url="http://hl7.org/fhir/tools/StructureDefinition/resource-information">
        <valueString value="StructureDefinition:resource"/>
      </extension>
      <reference>
        <reference value="StructureDefinition/MyBodyStructure"/>
      </reference>
      <name value="MyBodyStructure"/>
      <description value="An example profile of the BodyStructure resource."/>
      <exampleBoolean value="false"/>
    </resource>
    <resource>
      <extension url="http://hl7.org/fhir/tools/StructureDefinition/resource-information">
        <valueString value="StructureDefinition:resource"/>
      </extension>
      <reference>
        <reference value="StructureDefinition/MyCarePlan"/>
      </reference>
      <name value="MyCarePlan"/>
      <description value="An example profile of the CarePlan resource."/>
      <exampleBoolean value="false"/>
    </resource>
    <resource>
      <extension url="http://hl7.org/fhir/tools/StructureDefinition/resource-information">
        <valueString value="StructureDefinition:resource"/>
      </extension>
      <reference>
        <reference value="StructureDefinition/MyCareTeam"/>
      </reference>
      <name value="MyCareTeam"/>
      <description value="An example profile of the CareTeam resource."/>
      <exampleBoolean value="false"/>
    </resource>
    <resource>
      <extension url="http://hl7.org/fhir/tools/StructureDefinition/resource-information">
        <valueString value="StructureDefinition:resource"/>
      </extension>
      <reference>
        <reference value="StructureDefinition/MyCommunication"/>
      </reference>
      <name value="MyCommunication"/>
      <description value="An example profile of the Communication resource."/>
      <exampleBoolean value="false"/>
    </resource>
    <resource>
      <extension url="http://hl7.org/fhir/tools/StructureDefinition/resource-information">
        <valueString value="StructureDefinition:resource"/>
      </extension>
      <reference>
        <reference value="StructureDefinition/MyCondition"/>
      </reference>
      <name value="MyCondition"/>
      <description value="An example profile of the Condition resource."/>
      <exampleBoolean value="false"/>
    </resource>
    <resource>
      <extension url="http://hl7.org/fhir/tools/StructureDefinition/resource-information">
        <valueString value="StructureDefinition:resource"/>
      </extension>
      <reference>
        <reference value="StructureDefinition/MyConsent"/>
      </reference>
      <name value="MyConsent"/>
      <description value="An example profile of the Consent resource."/>
      <exampleBoolean value="false"/>
    </resource>
    <resource>
      <extension url="http://hl7.org/fhir/tools/StructureDefinition/resource-information">
        <valueString value="StructureDefinition:resource"/>
      </extension>
      <reference>
        <reference value="StructureDefinition/MyDevice"/>
      </reference>
      <name value="MyDevice"/>
      <description value="An example profile of the Device resource."/>
      <exampleBoolean value="false"/>
    </resource>
    <resource>
      <extension url="http://hl7.org/fhir/tools/StructureDefinition/resource-information">
        <valueString value="StructureDefinition:resource"/>
      </extension>
      <reference>
        <reference value="StructureDefinition/MyDiagnosticReport"/>
      </reference>
      <name value="MyDiagnosticReport"/>
      <description value="An example profile of the DiagnosticReport resource."/>
      <exampleBoolean value="false"/>
    </resource>
    <resource>
      <extension url="http://hl7.org/fhir/tools/StructureDefinition/resource-information">
        <valueString value="StructureDefinition:resource"/>
      </extension>
      <reference>
        <reference value="StructureDefinition/MyFamilyMemberHistory"/>
      </reference>
      <name value="MyFamilyMemberHistory"/>
      <description value="An example profile of the FamilyMemberHistory resource."/>
      <exampleBoolean value="false"/>
    </resource>
    <resource>
      <extension url="http://hl7.org/fhir/tools/StructureDefinition/resource-information">
        <valueString value="StructureDefinition:resource"/>
      </extension>
      <reference>
        <reference value="StructureDefinition/MyGoal"/>
      </reference>
      <name value="MyGoal"/>
      <description value="An example profile of the Goal resource."/>
      <exampleBoolean value="false"/>
    </resource>
    <resource>
      <extension url="http://hl7.org/fhir/tools/StructureDefinition/resource-information">
        <valueString value="StructureDefinition:resource"/>
      </extension>
      <reference>
        <reference value="StructureDefinition/MyImagingStudy"/>
      </reference>
      <name value="MyImagingStudy"/>
      <description value="An example profile of the ImagingStudy resource."/>
      <exampleBoolean value="false"/>
    </resource>
    <resource>
      <extension url="http://hl7.org/fhir/tools/StructureDefinition/resource-information">
        <valueString value="StructureDefinition:resource"/>
      </extension>
      <reference>
        <reference value="StructureDefinition/MyImmunization"/>
      </reference>
      <name value="MyImmunization"/>
      <description value="An example profile of the Immunization resource."/>
      <exampleBoolean value="false"/>
    </resource>
    <resource>
      <extension url="http://hl7.org/fhir/tools/StructureDefinition/resource-information">
        <valueString value="StructureDefinition:resource"/>
      </extension>
      <reference>
        <reference value="StructureDefinition/MyMedication"/>
      </reference>
      <name value="MyMedication"/>
      <description value="An example profile of the Medication resource."/>
      <exampleBoolean value="false"/>
    </resource>
    <resource>
      <extension url="http://hl7.org/fhir/tools/StructureDefinition/resource-information">
        <valueString value="StructureDefinition:resource"/>
      </extension>
      <reference>
        <reference value="StructureDefinition/MyMedicationStatement"/>
      </reference>
      <name value="MyMedicationStatement"/>
      <description value="An example profile of the MedicationStatement resource."/>
      <exampleBoolean value="false"/>
    </resource>
    <resource>
      <extension url="http://hl7.org/fhir/tools/StructureDefinition/resource-information">
        <valueString value="StructureDefinition:resource"/>
      </extension>
      <reference>
        <reference value="StructureDefinition/MyMolecularSequence"/>
      </reference>
      <name value="MyMolecularSequence"/>
      <description value="An example profile of the MolecularSequence resource."/>
      <exampleBoolean value="false"/>
    </resource>
    <resource>
      <extension url="http://hl7.org/fhir/tools/StructureDefinition/resource-information">
        <valueString value="StructureDefinition:resource"/>
      </extension>
      <reference>
        <reference value="StructureDefinition/MyObservation"/>
      </reference>
      <name value="MyObservation"/>
      <description value="An example profile of the Observation resource."/>
      <exampleBoolean value="false"/>
    </resource>
    <resource>
      <extension url="http://hl7.org/fhir/tools/StructureDefinition/resource-information">
        <valueString value="StructureDefinition:resource"/>
      </extension>
      <reference>
        <reference value="StructureDefinition/MyPatient"/>
      </reference>
      <name value="MyPatient"/>
      <description value="An example profile of the Patient resource."/>
      <exampleBoolean value="false"/>
    </resource>
    <resource>
      <extension url="http://hl7.org/fhir/tools/StructureDefinition/resource-information">
        <valueString value="StructureDefinition:resource"/>
      </extension>
      <reference>
        <reference value="StructureDefinition/MyPractitioner"/>
      </reference>
      <name value="MyPractitioner"/>
      <description value="An example profile of the Practitioner resource."/>
      <exampleBoolean value="false"/>
    </resource>
    <resource>
      <extension url="http://hl7.org/fhir/tools/StructureDefinition/resource-information">
        <valueString value="StructureDefinition:resource"/>
      </extension>
      <reference>
        <reference value="StructureDefinition/MyProcedure"/>
      </reference>
      <name value="MyProcedure"/>
      <description value="An example profile of the Procedure resource."/>
      <exampleBoolean value="false"/>
    </resource>
    <resource>
      <extension url="http://hl7.org/fhir/tools/StructureDefinition/resource-information">
        <valueString value="StructureDefinition:resource"/>
      </extension>
      <reference>
        <reference value="StructureDefinition/MyRelatedPerson"/>
      </reference>
      <name value="MyRelatedPerson"/>
      <description value="An example profile of the RelatedPerson resource."/>
      <exampleBoolean value="false"/>
    </resource>
    <resource>
      <extension url="http://hl7.org/fhir/tools/StructureDefinition/resource-information">
        <valueString value="StructureDefinition:resource"/>
      </extension>
      <reference>
        <reference value="StructureDefinition/MySpecimen"/>
      </reference>
      <name value="MySpecimen"/>
      <description value="An example profile of the Specimen resource."/>
      <exampleBoolean value="false"/>
    </resource>
    <resource>
      <extension url="http://hl7.org/fhir/tools/StructureDefinition/resource-information">
        <valueString value="StructureDefinition:logical"/>
      </extension>
      <reference>
        <reference value="StructureDefinition/Environmental"/>
      </reference>
      <name value="Environmental"/>
      <description value="An example profile of the Environmental resource."/>
      <exampleBoolean value="false"/>
    </resource>
    <resource>
      <extension url="http://hl7.org/fhir/tools/StructureDefinition/resource-information">
        <valueString value="StructureDefinition:logical"/>
      </extension>
      <reference>
        <reference value="StructureDefinition/HealthReceipt"/>
      </reference>
      <name value="HealthReceipt"/>
      <description value="An example profile of the HealthReceipt resource."/>
      <exampleBoolean value="false"/>
    </resource>
    <resource>
      <extension url="http://hl7.org/fhir/tools/StructureDefinition/resource-information">
        <valueString value="StructureDefinition:logical"/>
      </extension>
      <reference>
        <reference value="StructureDefinition/NutrientIntake"/>
      </reference>
      <name value="NutrientIntake"/>
      <description value="An example profile of the NutrientIntake resource."/>
      <exampleBoolean value="false"/>
    </resource>
    <resource>
      <extension url="http://hl7.org/fhir/tools/StructureDefinition/resource-information">
        <valueString value="StructureDefinition:logical"/>
      </extension>
      <reference>
        <reference value="StructureDefinition/NutrientOuttake"/>
      </reference>
      <name value="NutrientOuttake"/>
      <description value="An example profile of the NutrientOuttake resource."/>
      <exampleBoolean value="false"/>
    </resource>
    <resource>
      <extension url="http://hl7.org/fhir/tools/StructureDefinition/resource-information">
        <valueString value="StructureDefinition:logical"/>
      </extension>
      <reference>
        <reference value="StructureDefinition/SocialMedia"/>
      </reference>
      <name value="SocialMedia"/>
      <description value="An example profile of the SocialMedia resource."/>
      <exampleBoolean value="false"/>
    </resource>
    <resource>
      <extension url="http://hl7.org/fhir/tools/StructureDefinition/resource-information">
        <valueString value="StructureDefinition:logical"/>
      </extension>
      <reference>
        <reference value="StructureDefinition/VitalSigns"/>
      </reference>
      <name value="VitalSigns"/>
      <description value="An example profile of the VitalSigns resource."/>
      <exampleBoolean value="false"/>
    </resource>
    <resource>
      <extension url="http://hl7.org/fhir/tools/StructureDefinition/resource-information">
        <valueString value="AllergyIntolerance"/>
      </extension>
      <reference>
        <reference value="AllergyIntolerance/AllergyIntoleranceExample"/>
      </reference>
      <name value="AllergyIntoleranceExample"/>
      <description value="An example of an AllergyIntolerance."/>
      <exampleCanonical value="https://gitlab.mitre.org/awatson/hello-implementation-guide/StructureDefinition/MyAllergyIntolerance"/>
    </resource>
    <resource>
      <extension url="http://hl7.org/fhir/tools/StructureDefinition/resource-information">
        <valueString value="DomainResource"/>
      </extension>
      <reference>
        <reference value="DomainResource/BodyStructureExample"/>
      </reference>
      <name value="BodyStructureExample"/>
      <description value="An example of a BodyStructure ."/>
      <exampleCanonical value="https://gitlab.mitre.org/awatson/hello-implementation-guide/StructureDefinition/MyBodyStructure"/>
    </resource>
    <resource>
      <extension url="http://hl7.org/fhir/tools/StructureDefinition/resource-information">
        <valueString value="CarePlan"/>
      </extension>
      <reference>
        <reference value="CarePlan/CarePlanExample"/>
      </reference>
      <name value="CarePlanExample"/>
      <description value="An example of a CarePlan ."/>
      <exampleCanonical value="https://gitlab.mitre.org/awatson/hello-implementation-guide/StructureDefinition/MyCarePlan"/>
    </resource>
    <resource>
      <extension url="http://hl7.org/fhir/tools/StructureDefinition/resource-information">
        <valueString value="CareTeam"/>
      </extension>
      <reference>
        <reference value="CareTeam/CareTeamExample"/>
      </reference>
      <name value="CareTeamExample"/>
      <description value="An example of a CareTeam ."/>
      <exampleCanonical value="https://gitlab.mitre.org/awatson/hello-implementation-guide/StructureDefinition/MyCareTeam"/>
    </resource>
    <resource>
      <extension url="http://hl7.org/fhir/tools/StructureDefinition/resource-information">
        <valueString value="Communication"/>
      </extension>
      <reference>
        <reference value="Communication/CommunicationExample"/>
      </reference>
      <name value="CommunicationExample"/>
      <description value="An example of a Communication ."/>
      <exampleCanonical value="https://gitlab.mitre.org/awatson/hello-implementation-guide/StructureDefinition/MyCommunication"/>
    </resource>
    <resource>
      <extension url="http://hl7.org/fhir/tools/StructureDefinition/resource-information">
        <valueString value="Condition"/>
      </extension>
      <reference>
        <reference value="Condition/ConditionExample"/>
      </reference>
      <name value="ConditionExample"/>
      <description value="An example of a Condition ."/>
      <exampleCanonical value="https://gitlab.mitre.org/awatson/hello-implementation-guide/StructureDefinition/MyCondition"/>
    </resource>
    <resource>
      <extension url="http://hl7.org/fhir/tools/StructureDefinition/resource-information">
        <valueString value="Consent"/>
      </extension>
      <reference>
        <reference value="Consent/ConsentExample"/>
      </reference>
      <name value="ConsentExample"/>
      <description value="An example of a Consent ."/>
      <exampleCanonical value="https://gitlab.mitre.org/awatson/hello-implementation-guide/StructureDefinition/MyConsent"/>
    </resource>
    <resource>
      <extension url="http://hl7.org/fhir/tools/StructureDefinition/resource-information">
        <valueString value="Device"/>
      </extension>
      <reference>
        <reference value="Device/DeviceExample"/>
      </reference>
      <name value="DeviceExample"/>
      <description value="An example of a Device ."/>
      <exampleCanonical value="https://gitlab.mitre.org/awatson/hello-implementation-guide/StructureDefinition/MyDevice"/>
    </resource>
    <resource>
      <extension url="http://hl7.org/fhir/tools/StructureDefinition/resource-information">
        <valueString value="DiagnosticReport"/>
      </extension>
      <reference>
        <reference value="DiagnosticReport/DiagnosticReportExample"/>
      </reference>
      <name value="DiagnosticReportExample"/>
      <description value="An example of a DiagnosticReport ."/>
      <exampleCanonical value="https://gitlab.mitre.org/awatson/hello-implementation-guide/StructureDefinition/MyDiagnosticReport"/>
    </resource>
    <resource>
      <extension url="http://hl7.org/fhir/tools/StructureDefinition/resource-information">
        <valueString value="FamilyMemberHistory"/>
      </extension>
      <reference>
        <reference value="FamilyMemberHistory/FamilyMemberHistoryExample"/>
      </reference>
      <name value="FamilyMemberHistoryExample"/>
      <description value="An example of a FamilyMemberHistory ."/>
      <exampleCanonical value="https://gitlab.mitre.org/awatson/hello-implementation-guide/StructureDefinition/MyFamilyMemberHistory"/>
    </resource>
    <resource>
      <extension url="http://hl7.org/fhir/tools/StructureDefinition/resource-information">
        <valueString value="Goal"/>
      </extension>
      <reference>
        <reference value="Goal/GoalExample"/>
      </reference>
      <name value="GoalExample"/>
      <description value="An example of a patient ."/>
      <exampleCanonical value="https://gitlab.mitre.org/awatson/hello-implementation-guide/StructureDefinition/MyGoal"/>
    </resource>
    <resource>
      <extension url="http://hl7.org/fhir/tools/StructureDefinition/resource-information">
        <valueString value="ImagingStudy"/>
      </extension>
      <reference>
        <reference value="ImagingStudy/ImagingStudyExample"/>
      </reference>
      <name value="ImagingStudyExample"/>
      <description value="An example of a ImagingStudy ."/>
      <exampleCanonical value="https://gitlab.mitre.org/awatson/hello-implementation-guide/StructureDefinition/MyImagingStudy"/>
    </resource>
    <resource>
      <extension url="http://hl7.org/fhir/tools/StructureDefinition/resource-information">
        <valueString value="Immunization"/>
      </extension>
      <reference>
        <reference value="Immunization/ImmunizationExample"/>
      </reference>
      <name value="ImmunizationExample"/>
      <description value="An example of a Immunization ."/>
      <exampleCanonical value="https://gitlab.mitre.org/awatson/hello-implementation-guide/StructureDefinition/MyImmunization"/>
    </resource>
    <resource>
      <extension url="http://hl7.org/fhir/tools/StructureDefinition/resource-information">
        <valueString value="Medication"/>
      </extension>
      <reference>
        <reference value="Medication/MedicationExample"/>
      </reference>
      <name value="MedicationExample"/>
      <description value="An example of a Medication ."/>
      <exampleCanonical value="https://gitlab.mitre.org/awatson/hello-implementation-guide/StructureDefinition/MyMedication"/>
    </resource>
    <resource>
      <extension url="http://hl7.org/fhir/tools/StructureDefinition/resource-information">
        <valueString value="MedicationStatement"/>
      </extension>
      <reference>
        <reference value="MedicationStatement/MedicationStatementExample"/>
      </reference>
      <name value="MedicationStatementExample"/>
      <description value="An example of a MedicationStatement ."/>
      <exampleCanonical value="https://gitlab.mitre.org/awatson/hello-implementation-guide/StructureDefinition/MyMedicationStatement"/>
    </resource>
    <resource>
      <extension url="http://hl7.org/fhir/tools/StructureDefinition/resource-information">
        <valueString value="Observation"/>
      </extension>
      <reference>
        <reference value="Observation/ObservationExample"/>
      </reference>
      <name value="ObservationExample"/>
      <description value="An example of a Observation ."/>
      <exampleCanonical value="https://gitlab.mitre.org/awatson/hello-implementation-guide/StructureDefinition/MyObservation"/>
    </resource>
    <resource>
      <extension url="http://hl7.org/fhir/tools/StructureDefinition/resource-information">
        <valueString value="Patient"/>
      </extension>
      <reference>
        <reference value="Patient/PatientExample"/>
      </reference>
      <name value="PatientExample"/>
      <description value="An example of a patient ."/>
      <exampleCanonical value="https://gitlab.mitre.org/awatson/hello-implementation-guide/StructureDefinition/MyPatient"/>
    </resource>
    <resource>
      <extension url="http://hl7.org/fhir/tools/StructureDefinition/resource-information">
        <valueString value="Practitioner"/>
      </extension>
      <reference>
        <reference value="Practitioner/PractitionerExample"/>
      </reference>
      <name value="PractitionerExample"/>
      <description value="An example of a Practitioner ."/>
      <exampleCanonical value="https://gitlab.mitre.org/awatson/hello-implementation-guide/StructureDefinition/MyPractitioner"/>
    </resource>
    <resource>
      <extension url="http://hl7.org/fhir/tools/StructureDefinition/resource-information">
        <valueString value="Procedure"/>
      </extension>
      <reference>
        <reference value="Procedure/ProcedureExample"/>
      </reference>
      <name value="ProcedureExample"/>
      <description value="An example of a Procedure ."/>
      <exampleCanonical value="https://gitlab.mitre.org/awatson/hello-implementation-guide/StructureDefinition/MyProcedure"/>
    </resource>
    <resource>
      <extension url="http://hl7.org/fhir/tools/StructureDefinition/resource-information">
        <valueString value="RelatedPerson"/>
      </extension>
      <reference>
        <reference value="RelatedPerson/RelatedPersonExample"/>
      </reference>
      <name value="RelatedPersonExample"/>
      <description value="An example of a RelatedPerson ."/>
      <exampleCanonical value="https://gitlab.mitre.org/awatson/hello-implementation-guide/StructureDefinition/MyRelatedPerson"/>
    </resource>
    <resource>
      <extension url="http://hl7.org/fhir/tools/StructureDefinition/resource-information">
        <valueString value="Specimen"/>
      </extension>
      <reference>
        <reference value="Specimen/SpecimenExample"/>
      </reference>
      <name value="SpecimenExample"/>
      <description value="An example of a Specimen ."/>
      <exampleCanonical value="https://gitlab.mitre.org/awatson/hello-implementation-guide/StructureDefinition/MySpecimen"/>
    </resource>
    <page>
      <nameUrl value="toc.html"/>
      <title value="Table of Contents"/>
      <generation value="html"/>
      <page>
        <nameUrl value="index.html"/>
        <title value="Getting Started"/>
        <generation value="markdown"/>
      </page>
      <page>
        <nameUrl value="usecases.html"/>
        <title value="Use Cases"/>
        <generation value="markdown"/>
      </page>
      <page>
        <nameUrl value="datastorage.html"/>
        <title value="Data Storage"/>
        <generation value="markdown"/>
      </page>
      <page>
        <nameUrl value="syntheticdata.html"/>
        <title value="Synthea"/>
        <generation value="markdown"/>
      </page>
      <page>
        <nameUrl value="physiology.html"/>
        <title value="Physiology"/>
        <generation value="markdown"/>
      </page>
    </page>
    <parameter>
      <code value="path-resource"/>
      <value value="input/capabilities"/>
    </parameter>
    <parameter>
      <code value="path-resource"/>
      <value value="input/examples"/>
    </parameter>
    <parameter>
      <code value="path-resource"/>
      <value value="input/extensions"/>
    </parameter>
    <parameter>
      <code value="path-resource"/>
      <value value="input/models"/>
    </parameter>
    <parameter>
      <code value="path-resource"/>
      <value value="input/operations"/>
    </parameter>
    <parameter>
      <code value="path-resource"/>
      <value value="input/profiles"/>
    </parameter>
    <parameter>
      <code value="path-resource"/>
      <value value="input/resources"/>
    </parameter>
    <parameter>
      <code value="path-resource"/>
      <value value="input/vocabulary"/>
    </parameter>
    <parameter>
      <code value="path-resource"/>
      <value value="input/maps"/>
    </parameter>
    <parameter>
      <code value="path-resource"/>
      <value value="input/testing"/>
    </parameter>
    <parameter>
      <code value="path-resource"/>
      <value value="input/history"/>
    </parameter>
    <parameter>
      <code value="path-resource"/>
      <value value="fsh-generated/resources"/>
    </parameter>
    <parameter>
      <code value="path-pages"/>
      <value value="template/config"/>
    </parameter>
    <parameter>
      <code value="path-pages"/>
      <value value="input/images"/>
    </parameter>
    <parameter>
      <code value="path-tx-cache"/>
      <value value="input-cache/txcache"/>
    </parameter>
  </definition>
</ImplementationGuide>