<?xml version="1.0" encoding="UTF-8"?>

<Patient xmlns="http://hl7.org/fhir">
  <id value="john-doe"/>
  <text>
    <status value="generated"/><div xmlns="http://www.w3.org/1999/xhtml"><p><b>Johnny </b> (no stated gender) 1954-09-17</p></div>
  </text>
  <active value="true"/>
  <name>
    <use value="official"/>
    <family value="Doe"/>
    <given value="John"/>
  </name>
  <name>
    <use value="usual"/>
    <given value="Johnny"/>
  </name>
  <telecom>
    <use value="home"/>
  </telecom>
  <telecom>
    <system value="phone"/>
    <value value="(+1) 555 6473"/>
    <use value="work"/>
    <rank value="1"/>
  </telecom>
  <gender value="male"/>
  <birthDate value="1954-09-17"/>
  <deceasedBoolean value="false"/>
</Patient>