<?xml version="1.0" encoding="UTF-8"?><ImplementationGuide xmlns="http://hl7.org/fhir"><id value="StandardPersonalHealthRecordIG"/><text><status value="extensions"/><div xmlns="http://www.w3.org/1999/xhtml"><h2>StandardPersonalHealthRecordIG</h2><p>The official URL for this implementation guide is: </p><pre>https://gitlab.mitre.org/awatson/hello-implementation-guide/ImplementationGuide/StandardPersonalHealthRecordIG</pre></div></text><url value="https://gitlab.mitre.org/awatson/hello-implementation-guide/ImplementationGuide/StandardPersonalHealthRecordIG"/><version value="0.2.1"/><name value="StandardPersonalHealthRecordIG"/><status value="draft"/><date value="2022-03-07T02:13:14-06:00"/><publisher value="MITRE"/><contact><name value="MITRE"/><telecom><system value="url"/><value value="https://gitlab.mitre.org/awatson/sphr"/></telecom></contact><packageId value="StandardPersonalHealthRecordIG"/><license value="CC0-1.0"/><fhirVersion value="4.0.1"/><definition><extension url="http://hl7.org/fhir/tools/StructureDefinition/ig-parameter"><extension url="code"><valueString value="copyrightyear"/></extension><extension url="value"><valueString value="2022+"/></extension></extension><extension url="http://hl7.org/fhir/tools/StructureDefinition/ig-parameter"><extension url="code"><valueString value="releaselabel"/></extension><extension url="value"><valueString value="ci-build"/></extension></extension><extension url="http://hl7.org/fhir/tools/StructureDefinition/ig-parameter"><extension url="code"><valueString value="path-liquid"/></extension><extension url="value"><valueString value="template/liquid"/></extension></extension><extension url="http://hl7.org/fhir/tools/StructureDefinition/ig-parameter"><extension url="code"><valueString value="path-liquid"/></extension><extension url="value"><valueString value="input/liquid"/></extension></extension><extension url="http://hl7.org/fhir/tools/StructureDefinition/ig-parameter"><extension url="code"><valueString value="path-qa"/></extension><extension url="value"><valueString value="temp/qa"/></extension></extension><extension url="http://hl7.org/fhir/tools/StructureDefinition/ig-parameter"><extension url="code"><valueString value="path-temp"/></extension><extension url="value"><valueString value="temp/pages"/></extension></extension><extension url="http://hl7.org/fhir/tools/StructureDefinition/ig-parameter"><extension url="code"><valueString value="path-output"/></extension><extension url="value"><valueString value="output"/></extension></extension><extension url="http://hl7.org/fhir/tools/StructureDefinition/ig-parameter"><extension url="code"><valueString value="path-suppressed-warnings"/></extension><extension url="value"><valueString value="input/ignoreWarnings.txt"/></extension></extension><extension url="http://hl7.org/fhir/tools/StructureDefinition/ig-parameter"><extension url="code"><valueString value="path-history"/></extension><extension url="value"><valueString value="https://gitlab.mitre.org/awatson/hello-implementation-guide/history.html"/></extension></extension><extension url="http://hl7.org/fhir/tools/StructureDefinition/ig-parameter"><extension url="code"><valueString value="template-html"/></extension><extension url="value"><valueString value="template-page.html"/></extension></extension><extension url="http://hl7.org/fhir/tools/StructureDefinition/ig-parameter"><extension url="code"><valueString value="template-md"/></extension><extension url="value"><valueString value="template-page-md.html"/></extension></extension><extension url="http://hl7.org/fhir/tools/StructureDefinition/ig-parameter"><extension url="code"><valueString value="apply-contact"/></extension><extension url="value"><valueString value="true"/></extension></extension><extension url="http://hl7.org/fhir/tools/StructureDefinition/ig-parameter"><extension url="code"><valueString value="apply-context"/></extension><extension url="value"><valueString value="true"/></extension></extension><extension url="http://hl7.org/fhir/tools/StructureDefinition/ig-parameter"><extension url="code"><valueString value="apply-copyright"/></extension><extension url="value"><valueString value="true"/></extension></extension><extension url="http://hl7.org/fhir/tools/StructureDefinition/ig-parameter"><extension url="code"><valueString value="apply-jurisdiction"/></extension><extension url="value"><valueString value="true"/></extension></extension><extension url="http://hl7.org/fhir/tools/StructureDefinition/ig-parameter"><extension url="code"><valueString value="apply-license"/></extension><extension url="value"><valueString value="true"/></extension></extension><extension url="http://hl7.org/fhir/tools/StructureDefinition/ig-parameter"><extension url="code"><valueString value="apply-publisher"/></extension><extension url="value"><valueString value="true"/></extension></extension><extension url="http://hl7.org/fhir/tools/StructureDefinition/ig-parameter"><extension url="code"><valueString value="apply-version"/></extension><extension url="value"><valueString value="true"/></extension></extension><extension url="http://hl7.org/fhir/tools/StructureDefinition/ig-parameter"><extension url="code"><valueString value="active-tables"/></extension><extension url="value"><valueString value="true"/></extension></extension><extension url="http://hl7.org/fhir/tools/StructureDefinition/ig-parameter"><extension url="code"><valueString value="fmm-definition"/></extension><extension url="value"><valueString value="http://hl7.org/fhir/versions.html#maturity"/></extension></extension><extension url="http://hl7.org/fhir/tools/StructureDefinition/ig-parameter"><extension url="code"><valueString value="propagate-status"/></extension><extension url="value"><valueString value="true"/></extension></extension><grouping id="-str-logicalmodel"><name value="Structures: Logical Models"/><description value="These define data models that represent the domain covered by this implementation guide in more business-friendly terms than the underlying FHIR resources."/></grouping><grouping id="-str-profile"><name value="Structures: Resource Profiles"/><description value="These define constraints on FHIR resources for systems conforming to this implementation guide"/></grouping><grouping id="-ex-example"><name value="Example: Example Instances"/><description value="These are example instances that show what data produced and consumed by systems conforming with this implementation guide might look like"/></grouping><resource><extension url="http://hl7.org/fhir/StructureDefinition/implementationguide-page"><valueUri value="StructureDefinition-MyAllergyIntolerance.html"/></extension><reference><reference value="StructureDefinition/MyAllergyIntolerance"/></reference><name value="MyAllergyIntolerance"/><description value="An example profile of the AllergyIntolerance resource."/><exampleBoolean value="false"/><groupingId value="-str-profile"/></resource><resource><extension url="http://hl7.org/fhir/StructureDefinition/implementationguide-page"><valueUri value="StructureDefinition-MyBodyStructure.html"/></extension><reference><reference value="StructureDefinition/MyBodyStructure"/></reference><name value="MyBodyStructure"/><description value="An example profile of the BodyStructure resource."/><exampleBoolean value="false"/><groupingId value="-str-profile"/></resource><resource><extension url="http://hl7.org/fhir/StructureDefinition/implementationguide-page"><valueUri value="StructureDefinition-MyCarePlan.html"/></extension><reference><reference value="StructureDefinition/MyCarePlan"/></reference><name value="MyCarePlan"/><description value="An example profile of the CarePlan resource."/><exampleBoolean value="false"/><groupingId value="-str-profile"/></resource><resource><extension url="http://hl7.org/fhir/StructureDefinition/implementationguide-page"><valueUri value="StructureDefinition-MyCareTeam.html"/></extension><reference><reference value="StructureDefinition/MyCareTeam"/></reference><name value="MyCareTeam"/><description value="An example profile of the CareTeam resource."/><exampleBoolean value="false"/><groupingId value="-str-profile"/></resource><resource><extension url="http://hl7.org/fhir/StructureDefinition/implementationguide-page"><valueUri value="StructureDefinition-MyCommunication.html"/></extension><reference><reference value="StructureDefinition/MyCommunication"/></reference><name value="MyCommunication"/><description value="An example profile of the Communication resource."/><exampleBoolean value="false"/><groupingId value="-str-profile"/></resource><resource><extension url="http://hl7.org/fhir/StructureDefinition/implementationguide-page"><valueUri value="StructureDefinition-MyCondition.html"/></extension><reference><reference value="StructureDefinition/MyCondition"/></reference><name value="MyCondition"/><description value="An example profile of the Condition resource."/><exampleBoolean value="false"/><groupingId value="-str-profile"/></resource><resource><extension url="http://hl7.org/fhir/StructureDefinition/implementationguide-page"><valueUri value="StructureDefinition-MyConsent.html"/></extension><reference><reference value="StructureDefinition/MyConsent"/></reference><name value="MyConsent"/><description value="An example profile of the Consent resource."/><exampleBoolean value="false"/><groupingId value="-str-profile"/></resource><resource><extension url="http://hl7.org/fhir/StructureDefinition/implementationguide-page"><valueUri value="StructureDefinition-MyDevice.html"/></extension><reference><reference value="StructureDefinition/MyDevice"/></reference><name value="MyDevice"/><description value="An example profile of the Device resource."/><exampleBoolean value="false"/><groupingId value="-str-profile"/></resource><resource><extension url="http://hl7.org/fhir/StructureDefinition/implementationguide-page"><valueUri value="StructureDefinition-MyDiagnosticReport.html"/></extension><reference><reference value="StructureDefinition/MyDiagnosticReport"/></reference><name value="MyDiagnosticReport"/><description value="An example profile of the DiagnosticReport resource."/><exampleBoolean value="false"/><groupingId value="-str-profile"/></resource><resource><extension url="http://hl7.org/fhir/StructureDefinition/implementationguide-page"><valueUri value="StructureDefinition-MyFamilyMemberHistory.html"/></extension><reference><reference value="StructureDefinition/MyFamilyMemberHistory"/></reference><name value="MyFamilyMemberHistory"/><description value="An example profile of the FamilyMemberHistory resource."/><exampleBoolean value="false"/><groupingId value="-str-profile"/></resource><resource><extension url="http://hl7.org/fhir/StructureDefinition/implementationguide-page"><valueUri value="StructureDefinition-MyGoal.html"/></extension><reference><reference value="StructureDefinition/MyGoal"/></reference><name value="MyGoal"/><description value="An example profile of the Goal resource."/><exampleBoolean value="false"/><groupingId value="-str-profile"/></resource><resource><extension url="http://hl7.org/fhir/StructureDefinition/implementationguide-page"><valueUri value="StructureDefinition-MyImagingStudy.html"/></extension><reference><reference value="StructureDefinition/MyImagingStudy"/></reference><name value="MyImagingStudy"/><description value="An example profile of the ImagingStudy resource."/><exampleBoolean value="false"/><groupingId value="-str-profile"/></resource><resource><extension url="http://hl7.org/fhir/StructureDefinition/implementationguide-page"><valueUri value="StructureDefinition-MyImmunization.html"/></extension><reference><reference value="StructureDefinition/MyImmunization"/></reference><name value="MyImmunization"/><description value="An example profile of the Immunization resource."/><exampleBoolean value="false"/><groupingId value="-str-profile"/></resource><resource><extension url="http://hl7.org/fhir/StructureDefinition/implementationguide-page"><valueUri value="StructureDefinition-MyMedication.html"/></extension><reference><reference value="StructureDefinition/MyMedication"/></reference><name value="MyMedication"/><description value="An example profile of the Medication resource."/><exampleBoolean value="false"/><groupingId value="-str-profile"/></resource><resource><extension url="http://hl7.org/fhir/StructureDefinition/implementationguide-page"><valueUri value="StructureDefinition-MyMedicationStatement.html"/></extension><reference><reference value="StructureDefinition/MyMedicationStatement"/></reference><name value="MyMedicationStatement"/><description value="An example profile of the MedicationStatement resource."/><exampleBoolean value="false"/><groupingId value="-str-profile"/></resource><resource><extension url="http://hl7.org/fhir/StructureDefinition/implementationguide-page"><valueUri value="StructureDefinition-MyMolecularSequence.html"/></extension><reference><reference value="StructureDefinition/MyMolecularSequence"/></reference><name value="MyMolecularSequence"/><description value="An example profile of the MolecularSequence resource."/><exampleBoolean value="false"/><groupingId value="-str-profile"/></resource><resource><extension url="http://hl7.org/fhir/StructureDefinition/implementationguide-page"><valueUri value="StructureDefinition-MyObservation.html"/></extension><reference><reference value="StructureDefinition/MyObservation"/></reference><name value="MyObservation"/><description value="An example profile of the Observation resource."/><exampleBoolean value="false"/><groupingId value="-str-profile"/></resource><resource><extension url="http://hl7.org/fhir/StructureDefinition/implementationguide-page"><valueUri value="StructureDefinition-MyPatient.html"/></extension><reference><reference value="StructureDefinition/MyPatient"/></reference><name value="MyPatient"/><description value="An example profile of the Patient resource."/><exampleBoolean value="false"/><groupingId value="-str-profile"/></resource><resource><extension url="http://hl7.org/fhir/StructureDefinition/implementationguide-page"><valueUri value="StructureDefinition-MyPractitioner.html"/></extension><reference><reference value="StructureDefinition/MyPractitioner"/></reference><name value="MyPractitioner"/><description value="An example profile of the Practitioner resource."/><exampleBoolean value="false"/><groupingId value="-str-profile"/></resource><resource><extension url="http://hl7.org/fhir/StructureDefinition/implementationguide-page"><valueUri value="StructureDefinition-MyProcedure.html"/></extension><reference><reference value="StructureDefinition/MyProcedure"/></reference><name value="MyProcedure"/><description value="An example profile of the Procedure resource."/><exampleBoolean value="false"/><groupingId value="-str-profile"/></resource><resource><extension url="http://hl7.org/fhir/StructureDefinition/implementationguide-page"><valueUri value="StructureDefinition-MyRelatedPerson.html"/></extension><reference><reference value="StructureDefinition/MyRelatedPerson"/></reference><name value="MyRelatedPerson"/><description value="An example profile of the RelatedPerson resource."/><exampleBoolean value="false"/><groupingId value="-str-profile"/></resource><resource><extension url="http://hl7.org/fhir/StructureDefinition/implementationguide-page"><valueUri value="StructureDefinition-MySpecimen.html"/></extension><reference><reference value="StructureDefinition/MySpecimen"/></reference><name value="MySpecimen"/><description value="An example profile of the Specimen resource."/><exampleBoolean value="false"/><groupingId value="-str-profile"/></resource><resource><extension url="http://hl7.org/fhir/StructureDefinition/implementationguide-page"><valueUri value="StructureDefinition-Environmental.html"/></extension><reference><reference value="StructureDefinition/Environmental"/></reference><name value="Environmental"/><description value="An example profile of the Environmental resource."/><exampleBoolean value="false"/><groupingId value="-str-logicalmodel"/></resource><resource><extension url="http://hl7.org/fhir/StructureDefinition/implementationguide-page"><valueUri value="StructureDefinition-HealthReceipt.html"/></extension><reference><reference value="StructureDefinition/HealthReceipt"/></reference><name value="HealthReceipt"/><description value="An example profile of the HealthReceipt resource."/><exampleBoolean value="false"/><groupingId value="-str-logicalmodel"/></resource><resource><extension url="http://hl7.org/fhir/StructureDefinition/implementationguide-page"><valueUri value="StructureDefinition-NutrientIntake.html"/></extension><reference><reference value="StructureDefinition/NutrientIntake"/></reference><name value="NutrientIntake"/><description value="An example profile of the NutrientIntake resource."/><exampleBoolean value="false"/><groupingId value="-str-logicalmodel"/></resource><resource><extension url="http://hl7.org/fhir/StructureDefinition/implementationguide-page"><valueUri value="StructureDefinition-NutrientOuttake.html"/></extension><reference><reference value="StructureDefinition/NutrientOuttake"/></reference><name value="NutrientOuttake"/><description value="An example profile of the NutrientOuttake resource."/><exampleBoolean value="false"/><groupingId value="-str-logicalmodel"/></resource><resource><extension url="http://hl7.org/fhir/StructureDefinition/implementationguide-page"><valueUri value="StructureDefinition-SocialMedia.html"/></extension><reference><reference value="StructureDefinition/SocialMedia"/></reference><name value="SocialMedia"/><description value="An example profile of the SocialMedia resource."/><exampleBoolean value="false"/><groupingId value="-str-logicalmodel"/></resource><resource><extension url="http://hl7.org/fhir/StructureDefinition/implementationguide-page"><valueUri value="StructureDefinition-VitalSigns.html"/></extension><reference><reference value="StructureDefinition/VitalSigns"/></reference><name value="VitalSigns"/><description value="An example profile of the VitalSigns resource."/><exampleBoolean value="false"/><groupingId value="-str-logicalmodel"/></resource><resource><extension url="http://hl7.org/fhir/StructureDefinition/implementationguide-page"><valueUri value="AllergyIntolerance-AllergyIntoleranceExample.html"/></extension><reference><reference value="AllergyIntolerance/AllergyIntoleranceExample"/></reference><name value="AllergyIntoleranceExample"/><description value="An example of an AllergyIntolerance."/><exampleCanonical value="https://gitlab.mitre.org/awatson/hello-implementation-guide/StructureDefinition/MyAllergyIntolerance"/><groupingId value="-ex-example"/></resource><resource><extension url="http://hl7.org/fhir/StructureDefinition/implementationguide-page"><valueUri value="DomainResource-BodyStructureExample.html"/></extension><reference><reference value="DomainResource/BodyStructureExample"/></reference><name value="BodyStructureExample"/><description value="An example of a BodyStructure ."/><exampleCanonical value="https://gitlab.mitre.org/awatson/hello-implementation-guide/StructureDefinition/MyBodyStructure"/><groupingId value="-ex-example"/></resource><resource><extension url="http://hl7.org/fhir/StructureDefinition/implementationguide-page"><valueUri value="CarePlan-CarePlanExample.html"/></extension><reference><reference value="CarePlan/CarePlanExample"/></reference><name value="CarePlanExample"/><description value="An example of a CarePlan ."/><exampleCanonical value="https://gitlab.mitre.org/awatson/hello-implementation-guide/StructureDefinition/MyCarePlan"/><groupingId value="-ex-example"/></resource><resource><extension url="http://hl7.org/fhir/StructureDefinition/implementationguide-page"><valueUri value="CareTeam-CareTeamExample.html"/></extension><reference><reference value="CareTeam/CareTeamExample"/></reference><name value="CareTeamExample"/><description value="An example of a CareTeam ."/><exampleCanonical value="https://gitlab.mitre.org/awatson/hello-implementation-guide/StructureDefinition/MyCareTeam"/><groupingId value="-ex-example"/></resource><resource><extension url="http://hl7.org/fhir/StructureDefinition/implementationguide-page"><valueUri value="Communication-CommunicationExample.html"/></extension><reference><reference value="Communication/CommunicationExample"/></reference><name value="CommunicationExample"/><description value="An example of a Communication ."/><exampleCanonical value="https://gitlab.mitre.org/awatson/hello-implementation-guide/StructureDefinition/MyCommunication"/><groupingId value="-ex-example"/></resource><resource><extension url="http://hl7.org/fhir/StructureDefinition/implementationguide-page"><valueUri value="Condition-ConditionExample.html"/></extension><reference><reference value="Condition/ConditionExample"/></reference><name value="ConditionExample"/><description value="An example of a Condition ."/><exampleCanonical value="https://gitlab.mitre.org/awatson/hello-implementation-guide/StructureDefinition/MyCondition"/><groupingId value="-ex-example"/></resource><resource><extension url="http://hl7.org/fhir/StructureDefinition/implementationguide-page"><valueUri value="Consent-ConsentExample.html"/></extension><reference><reference value="Consent/ConsentExample"/></reference><name value="ConsentExample"/><description value="An example of a Consent ."/><exampleCanonical value="https://gitlab.mitre.org/awatson/hello-implementation-guide/StructureDefinition/MyConsent"/><groupingId value="-ex-example"/></resource><resource><extension url="http://hl7.org/fhir/StructureDefinition/implementationguide-page"><valueUri value="Device-DeviceExample.html"/></extension><reference><reference value="Device/DeviceExample"/></reference><name value="DeviceExample"/><description value="An example of a Device ."/><exampleCanonical value="https://gitlab.mitre.org/awatson/hello-implementation-guide/StructureDefinition/MyDevice"/><groupingId value="-ex-example"/></resource><resource><extension url="http://hl7.org/fhir/StructureDefinition/implementationguide-page"><valueUri value="DiagnosticReport-DiagnosticReportExample.html"/></extension><reference><reference value="DiagnosticReport/DiagnosticReportExample"/></reference><name value="DiagnosticReportExample"/><description value="An example of a DiagnosticReport ."/><exampleCanonical value="https://gitlab.mitre.org/awatson/hello-implementation-guide/StructureDefinition/MyDiagnosticReport"/><groupingId value="-ex-example"/></resource><resource><extension url="http://hl7.org/fhir/StructureDefinition/implementationguide-page"><valueUri value="FamilyMemberHistory-FamilyMemberHistoryExample.html"/></extension><reference><reference value="FamilyMemberHistory/FamilyMemberHistoryExample"/></reference><name value="FamilyMemberHistoryExample"/><description value="An example of a FamilyMemberHistory ."/><exampleCanonical value="https://gitlab.mitre.org/awatson/hello-implementation-guide/StructureDefinition/MyFamilyMemberHistory"/><groupingId value="-ex-example"/></resource><resource><extension url="http://hl7.org/fhir/StructureDefinition/implementationguide-page"><valueUri value="Goal-GoalExample.html"/></extension><reference><reference value="Goal/GoalExample"/></reference><name value="GoalExample"/><description value="An example of a patient ."/><exampleCanonical value="https://gitlab.mitre.org/awatson/hello-implementation-guide/StructureDefinition/MyGoal"/><groupingId value="-ex-example"/></resource><resource><extension url="http://hl7.org/fhir/StructureDefinition/implementationguide-page"><valueUri value="ImagingStudy-ImagingStudyExample.html"/></extension><reference><reference value="ImagingStudy/ImagingStudyExample"/></reference><name value="ImagingStudyExample"/><description value="An example of a ImagingStudy ."/><exampleCanonical value="https://gitlab.mitre.org/awatson/hello-implementation-guide/StructureDefinition/MyImagingStudy"/><groupingId value="-ex-example"/></resource><resource><extension url="http://hl7.org/fhir/StructureDefinition/implementationguide-page"><valueUri value="Immunization-ImmunizationExample.html"/></extension><reference><reference value="Immunization/ImmunizationExample"/></reference><name value="ImmunizationExample"/><description value="An example of a Immunization ."/><exampleCanonical value="https://gitlab.mitre.org/awatson/hello-implementation-guide/StructureDefinition/MyImmunization"/><groupingId value="-ex-example"/></resource><resource><extension url="http://hl7.org/fhir/StructureDefinition/implementationguide-page"><valueUri value="Medication-MedicationExample.html"/></extension><reference><reference value="Medication/MedicationExample"/></reference><name value="MedicationExample"/><description value="An example of a Medication ."/><exampleCanonical value="https://gitlab.mitre.org/awatson/hello-implementation-guide/StructureDefinition/MyMedication"/><groupingId value="-ex-example"/></resource><resource><extension url="http://hl7.org/fhir/StructureDefinition/implementationguide-page"><valueUri value="MedicationStatement-MedicationStatementExample.html"/></extension><reference><reference value="MedicationStatement/MedicationStatementExample"/></reference><name value="MedicationStatementExample"/><description value="An example of a MedicationStatement ."/><exampleCanonical value="https://gitlab.mitre.org/awatson/hello-implementation-guide/StructureDefinition/MyMedicationStatement"/><groupingId value="-ex-example"/></resource><resource><extension url="http://hl7.org/fhir/StructureDefinition/implementationguide-page"><valueUri value="Observation-ObservationExample.html"/></extension><reference><reference value="Observation/ObservationExample"/></reference><name value="ObservationExample"/><description value="An example of a Observation ."/><exampleCanonical value="https://gitlab.mitre.org/awatson/hello-implementation-guide/StructureDefinition/MyObservation"/><groupingId value="-ex-example"/></resource><resource><extension url="http://hl7.org/fhir/StructureDefinition/implementationguide-page"><valueUri value="Patient-PatientExample.html"/></extension><reference><reference value="Patient/PatientExample"/></reference><name value="PatientExample"/><description value="An example of a patient ."/><exampleCanonical value="https://gitlab.mitre.org/awatson/hello-implementation-guide/StructureDefinition/MyPatient"/><groupingId value="-ex-example"/></resource><resource><extension url="http://hl7.org/fhir/StructureDefinition/implementationguide-page"><valueUri value="Practitioner-PractitionerExample.html"/></extension><reference><reference value="Practitioner/PractitionerExample"/></reference><name value="PractitionerExample"/><description value="An example of a Practitioner ."/><exampleCanonical value="https://gitlab.mitre.org/awatson/hello-implementation-guide/StructureDefinition/MyPractitioner"/><groupingId value="-ex-example"/></resource><resource><extension url="http://hl7.org/fhir/StructureDefinition/implementationguide-page"><valueUri value="Procedure-ProcedureExample.html"/></extension><reference><reference value="Procedure/ProcedureExample"/></reference><name value="ProcedureExample"/><description value="An example of a Procedure ."/><exampleCanonical value="https://gitlab.mitre.org/awatson/hello-implementation-guide/StructureDefinition/MyProcedure"/><groupingId value="-ex-example"/></resource><resource><extension url="http://hl7.org/fhir/StructureDefinition/implementationguide-page"><valueUri value="RelatedPerson-RelatedPersonExample.html"/></extension><reference><reference value="RelatedPerson/RelatedPersonExample"/></reference><name value="RelatedPersonExample"/><description value="An example of a RelatedPerson ."/><exampleCanonical value="https://gitlab.mitre.org/awatson/hello-implementation-guide/StructureDefinition/MyRelatedPerson"/><groupingId value="-ex-example"/></resource><resource><extension url="http://hl7.org/fhir/StructureDefinition/implementationguide-page"><valueUri value="Specimen-SpecimenExample.html"/></extension><reference><reference value="Specimen/SpecimenExample"/></reference><name value="SpecimenExample"/><description value="An example of a Specimen ."/><exampleCanonical value="https://gitlab.mitre.org/awatson/hello-implementation-guide/StructureDefinition/MySpecimen"/><groupingId value="-ex-example"/></resource><page><nameUrl value="toc.html"/><title value="Table of Contents"/><generation value="html"/><page><nameUrl value="index.html"/><title value="Getting Started"/><generation value="markdown"/></page><page><nameUrl value="usecases.html"/><title value="Accessibility Use Cases"/><generation value="markdown"/></page><page><nameUrl value="datamodel.html"/><title value="Data Model"/><generation value="markdown"/></page><page><nameUrl value="datastorage.html"/><title value="Storage"/><generation value="markdown"/></page><page><nameUrl value="physiology.html"/><title value="Physiology Simulations"/><generation value="markdown"/></page><page><nameUrl value="artifacts.html"/><title value="Artifacts Summary"/><generation value="html"/><page><nameUrl value="StructureDefinition-Environmental.html"/><title value="Environmental"/><generation value="generated"/></page><page><nameUrl value="StructureDefinition-HealthReceipt.html"/><title value="HealthReceipt"/><generation value="generated"/></page><page><nameUrl value="StructureDefinition-NutrientIntake.html"/><title value="NutrientIntake"/><generation value="generated"/></page><page><nameUrl value="StructureDefinition-NutrientOuttake.html"/><title value="NutrientOuttake"/><generation value="generated"/></page><page><nameUrl value="StructureDefinition-SocialMedia.html"/><title value="SocialMedia"/><generation value="generated"/></page><page><nameUrl value="StructureDefinition-VitalSigns.html"/><title value="VitalSigns"/><generation value="generated"/></page><page><nameUrl value="StructureDefinition-MyAllergyIntolerance.html"/><title value="MyAllergyIntolerance"/><generation value="generated"/></page><page><nameUrl value="StructureDefinition-MyBodyStructure.html"/><title value="MyBodyStructure"/><generation value="generated"/></page><page><nameUrl value="StructureDefinition-MyCarePlan.html"/><title value="MyCarePlan"/><generation value="generated"/></page><page><nameUrl value="StructureDefinition-MyCareTeam.html"/><title value="MyCareTeam"/><generation value="generated"/></page><page><nameUrl value="StructureDefinition-MyCommunication.html"/><title value="MyCommunication"/><generation value="generated"/></page><page><nameUrl value="StructureDefinition-MyCondition.html"/><title value="MyCondition"/><generation value="generated"/></page><page><nameUrl value="StructureDefinition-MyConsent.html"/><title value="MyConsent"/><generation value="generated"/></page><page><nameUrl value="StructureDefinition-MyDevice.html"/><title value="MyDevice"/><generation value="generated"/></page><page><nameUrl value="StructureDefinition-MyDiagnosticReport.html"/><title value="MyDiagnosticReport"/><generation value="generated"/></page><page><nameUrl value="StructureDefinition-MyFamilyMemberHistory.html"/><title value="MyFamilyMemberHistory"/><generation value="generated"/></page><page><nameUrl value="StructureDefinition-MyGoal.html"/><title value="MyGoal"/><generation value="generated"/></page><page><nameUrl value="StructureDefinition-MyImagingStudy.html"/><title value="MyImagingStudy"/><generation value="generated"/></page><page><nameUrl value="StructureDefinition-MyImmunization.html"/><title value="MyImmunization"/><generation value="generated"/></page><page><nameUrl value="StructureDefinition-MyMedication.html"/><title value="MyMedication"/><generation value="generated"/></page><page><nameUrl value="StructureDefinition-MyMedicationStatement.html"/><title value="MyMedicationStatement"/><generation value="generated"/></page><page><nameUrl value="StructureDefinition-MyMolecularSequence.html"/><title value="MyMolecularSequence"/><generation value="generated"/></page><page><nameUrl value="StructureDefinition-MyObservation.html"/><title value="MyObservation"/><generation value="generated"/></page><page><nameUrl value="StructureDefinition-MyPatient.html"/><title value="MyPatient"/><generation value="generated"/></page><page><nameUrl value="StructureDefinition-MyPractitioner.html"/><title value="MyPractitioner"/><generation value="generated"/></page><page><nameUrl value="StructureDefinition-MyProcedure.html"/><title value="MyProcedure"/><generation value="generated"/></page><page><nameUrl value="StructureDefinition-MyRelatedPerson.html"/><title value="MyRelatedPerson"/><generation value="generated"/></page><page><nameUrl value="StructureDefinition-MySpecimen.html"/><title value="MySpecimen"/><generation value="generated"/></page><page><nameUrl value="AllergyIntolerance-AllergyIntoleranceExample.html"/><title value="AllergyIntoleranceExample"/><generation value="generated"/></page><page><nameUrl value="DomainResource-BodyStructureExample.html"/><title value="BodyStructureExample"/><generation value="generated"/></page><page><nameUrl value="CarePlan-CarePlanExample.html"/><title value="CarePlanExample"/><generation value="generated"/></page><page><nameUrl value="CareTeam-CareTeamExample.html"/><title value="CareTeamExample"/><generation value="generated"/></page><page><nameUrl value="Communication-CommunicationExample.html"/><title value="CommunicationExample"/><generation value="generated"/></page><page><nameUrl value="Condition-ConditionExample.html"/><title value="ConditionExample"/><generation value="generated"/></page><page><nameUrl value="Consent-ConsentExample.html"/><title value="ConsentExample"/><generation value="generated"/></page><page><nameUrl value="Device-DeviceExample.html"/><title value="DeviceExample"/><generation value="generated"/></page><page><nameUrl value="DiagnosticReport-DiagnosticReportExample.html"/><title value="DiagnosticReportExample"/><generation value="generated"/></page><page><nameUrl value="FamilyMemberHistory-FamilyMemberHistoryExample.html"/><title value="FamilyMemberHistoryExample"/><generation value="generated"/></page><page><nameUrl value="Goal-GoalExample.html"/><title value="GoalExample"/><generation value="generated"/></page><page><nameUrl value="ImagingStudy-ImagingStudyExample.html"/><title value="ImagingStudyExample"/><generation value="generated"/></page><page><nameUrl value="Immunization-ImmunizationExample.html"/><title value="ImmunizationExample"/><generation value="generated"/></page><page><nameUrl value="Medication-MedicationExample.html"/><title value="MedicationExample"/><generation value="generated"/></page><page><nameUrl value="MedicationStatement-MedicationStatementExample.html"/><title value="MedicationStatementExample"/><generation value="generated"/></page><page><nameUrl value="Observation-ObservationExample.html"/><title value="ObservationExample"/><generation value="generated"/></page><page><nameUrl value="Patient-PatientExample.html"/><title value="PatientExample"/><generation value="generated"/></page><page><nameUrl value="Practitioner-PractitionerExample.html"/><title value="PractitionerExample"/><generation value="generated"/></page><page><nameUrl value="Procedure-ProcedureExample.html"/><title value="ProcedureExample"/><generation value="generated"/></page><page><nameUrl value="RelatedPerson-RelatedPersonExample.html"/><title value="RelatedPersonExample"/><generation value="generated"/></page><page><nameUrl value="Specimen-SpecimenExample.html"/><title value="SpecimenExample"/><generation value="generated"/></page></page></page><parameter><code value="path-resource"/><value value="input/capabilities"/></parameter><parameter><code value="path-resource"/><value value="input/examples"/></parameter><parameter><code value="path-resource"/><value value="input/extensions"/></parameter><parameter><code value="path-resource"/><value value="input/models"/></parameter><parameter><code value="path-resource"/><value value="input/operations"/></parameter><parameter><code value="path-resource"/><value value="input/profiles"/></parameter><parameter><code value="path-resource"/><value value="input/resources"/></parameter><parameter><code value="path-resource"/><value value="input/vocabulary"/></parameter><parameter><code value="path-resource"/><value value="input/maps"/></parameter><parameter><code value="path-resource"/><value value="input/testing"/></parameter><parameter><code value="path-resource"/><value value="input/history"/></parameter><parameter><code value="path-resource"/><value value="fsh-generated/resources"/></parameter><parameter><code value="path-pages"/><value value="template/config"/></parameter><parameter><code value="path-pages"/><value value="input/images"/></parameter><parameter><code value="path-tx-cache"/><value value="input-cache/txcache"/></parameter></definition></ImplementationGuide>