<?xml version="1.0" encoding="UTF-8"?><StructureDefinition xmlns="http://hl7.org/fhir"><id value="apple-health-kit-healthstore-characteristic"/><text><status value="extensions"/><div xmlns="http://www.w3.org/1999/xhtml"><table border="0" cellpadding="0" cellspacing="0" style="border: 0px #F0F0F0 solid; font-size: 11px; font-family: verdana; vertical-align: top;"><tr style="border: 1px #F0F0F0 solid; font-size: 11px; font-family: verdana; vertical-align: top"><th style="vertical-align: top; text-align : left; background-color: white; border: 0px #F0F0F0 solid; padding:0px 4px 0px 4px" class="hierarchy"><a href="https://build.fhir.org/ig/FHIR/ig-guidance/readingIgs.html#table-views" title="The logical name of the element">Name</a></th><th style="vertical-align: top; text-align : left; background-color: white; border: 0px #F0F0F0 solid; padding:0px 4px 0px 4px" class="hierarchy"><a href="https://build.fhir.org/ig/FHIR/ig-guidance/readingIgs.html#table-views" title="Information about the use of the element">Flags</a></th><th style="vertical-align: top; text-align : left; background-color: white; border: 0px #F0F0F0 solid; padding:0px 4px 0px 4px" class="hierarchy"><a href="https://build.fhir.org/ig/FHIR/ig-guidance/readingIgs.html#table-views" title="Minimum and Maximum # of times the the element can appear in the instance">Card.</a></th><th style="width: 100px" class="hierarchy"><a href="https://build.fhir.org/ig/FHIR/ig-guidance/readingIgs.html#table-views" title="Reference to the type of the element">Type</a></th><th style="vertical-align: top; text-align : left; background-color: white; border: 0px #F0F0F0 solid; padding:0px 4px 0px 4px" class="hierarchy"><a href="https://build.fhir.org/ig/FHIR/ig-guidance/readingIgs.html#table-views" title="Additional information about the element">Description &amp; Constraints</a><span style="float: right"><a href="https://build.fhir.org/ig/FHIR/ig-guidance/readingIgs.html#table-views" title="Legend for this format"><img src="http://hl7.org/fhir/R4/help16.png" alt="doco" style="background-color: inherit"/></a></span></th></tr><tr style="border: 0px #F0F0F0 solid; padding:0px; vertical-align: top; background-color: white"><td style="vertical-align: top; text-align : left; background-color: white; border: 0px #F0F0F0 solid; padding:0px 4px 0px 4px; white-space: nowrap; background-image: url(tbl_bck1.png)" class="hierarchy"><img src="tbl_spacer.png" alt="." style="background-color: inherit" class="hierarchy"/><img src="icon_element.gif" alt="." style="background-color: white; background-color: inherit" title="Element" class="hierarchy"/> <a href="StructureDefinition-apple-health-kit-healthstore-characteristic-definitions.html#apple-health-kit-healthstore-characteristic" title="Relevant Data elements that correspond to the CharacteristicType stored in Apple HealthStore.">apple-health-kit-healthstore-characteristic</a><a name="apple-health-kit-healthstore-characteristic"> </a></td><td style="vertical-align: top; text-align : left; background-color: white; border: 0px #F0F0F0 solid; padding:0px 4px 0px 4px" class="hierarchy"/><td style="vertical-align: top; text-align : left; background-color: white; border: 0px #F0F0F0 solid; padding:0px 4px 0px 4px" class="hierarchy"><span style="opacity: 0.5">0</span><span style="opacity: 0.5">..</span><span style="opacity: 0.5">*</span></td><td style="vertical-align: top; text-align : left; background-color: white; border: 0px #F0F0F0 solid; padding:0px 4px 0px 4px" class="hierarchy"><a href="http://build.fhir.org/types.html#Base">Base</a></td><td style="vertical-align: top; text-align : left; background-color: white; border: 0px #F0F0F0 solid; padding:0px 4px 0px 4px" class="hierarchy">Apple HealthKit HealthStore Characteristic Logical Model</td></tr>
<tr style="border: 0px #F0F0F0 solid; padding:0px; vertical-align: top; background-color: #F7F7F7"><td style="vertical-align: top; text-align : left; background-color: #F7F7F7; border: 0px #F0F0F0 solid; padding:0px 4px 0px 4px; white-space: nowrap; background-image: url(tbl_bck10.png)" class="hierarchy"><img src="tbl_spacer.png" alt="." style="background-color: inherit" class="hierarchy"/><img src="tbl_vjoin.png" alt="." style="background-color: inherit" class="hierarchy"/><img src="icon_primitive.png" alt="." style="background-color: #F7F7F7; background-color: inherit" title="Primitive Data Type" class="hierarchy"/> <a href="StructureDefinition-apple-health-kit-healthstore-characteristic-definitions.html#apple-health-kit-healthstore-characteristic.characteristicType" title="The characteristic type.">characteristicType</a><a name="apple-health-kit-healthstore-characteristic.characteristicType"> </a></td><td style="vertical-align: top; text-align : left; background-color: #F7F7F7; border: 0px #F0F0F0 solid; padding:0px 4px 0px 4px" class="hierarchy"/><td style="vertical-align: top; text-align : left; background-color: #F7F7F7; border: 0px #F0F0F0 solid; padding:0px 4px 0px 4px" class="hierarchy">1..1</td><td style="vertical-align: top; text-align : left; background-color: #F7F7F7; border: 0px #F0F0F0 solid; padding:0px 4px 0px 4px" class="hierarchy"><a href="http://hl7.org/fhir/R4/datatypes.html#code">code</a></td><td style="vertical-align: top; text-align : left; background-color: #F7F7F7; border: 0px #F0F0F0 solid; padding:0px 4px 0px 4px" class="hierarchy">The characteristic type.<br/><span style="font-weight:bold">Binding: </span><a href="ValueSet-apple-health-kit-characteristic-type-value-set.html">Apple HealthKit Charactersitic Type Value Set</a> (<a href="http://hl7.org/fhir/R4/terminologies.html#extensible" title="To be conformant, the concept in this element SHALL be from the specified value set if any of the codes within the value set can apply to the concept being communicated.  If the value set does not cover the concept (based on human review), alternate codings (or, data type allowing, text) may be included instead.">extensible</a>)</td></tr>
<tr style="border: 0px #F0F0F0 solid; padding:0px; vertical-align: top; background-color: white"><td style="vertical-align: top; text-align : left; background-color: white; border: 0px #F0F0F0 solid; padding:0px 4px 0px 4px; white-space: nowrap; background-image: url(tbl_bck10.png)" class="hierarchy"><img src="tbl_spacer.png" alt="." style="background-color: inherit" class="hierarchy"/><img src="tbl_vjoin.png" alt="." style="background-color: inherit" class="hierarchy"/><img src="icon_primitive.png" alt="." style="background-color: white; background-color: inherit" title="Primitive Data Type" class="hierarchy"/> <a href="StructureDefinition-apple-health-kit-healthstore-characteristic-definitions.html#apple-health-kit-healthstore-characteristic.biologicalSex" title="The biological sex.">biologicalSex</a><a name="apple-health-kit-healthstore-characteristic.biologicalSex"> </a></td><td style="vertical-align: top; text-align : left; background-color: white; border: 0px #F0F0F0 solid; padding:0px 4px 0px 4px" class="hierarchy"/><td style="vertical-align: top; text-align : left; background-color: white; border: 0px #F0F0F0 solid; padding:0px 4px 0px 4px" class="hierarchy">0..1</td><td style="vertical-align: top; text-align : left; background-color: white; border: 0px #F0F0F0 solid; padding:0px 4px 0px 4px" class="hierarchy"><a href="http://hl7.org/fhir/R4/datatypes.html#code">code</a></td><td style="vertical-align: top; text-align : left; background-color: white; border: 0px #F0F0F0 solid; padding:0px 4px 0px 4px" class="hierarchy">The biological sex.<br/><span style="font-weight:bold">Binding: </span><a href="ValueSet-apple-health-kit-biological-sex-value-set.html">Apple HealthKit Biological Sex Value Set</a> (<a href="http://hl7.org/fhir/R4/terminologies.html#extensible" title="To be conformant, the concept in this element SHALL be from the specified value set if any of the codes within the value set can apply to the concept being communicated.  If the value set does not cover the concept (based on human review), alternate codings (or, data type allowing, text) may be included instead.">extensible</a>)</td></tr>
<tr style="border: 0px #F0F0F0 solid; padding:0px; vertical-align: top; background-color: #F7F7F7"><td style="vertical-align: top; text-align : left; background-color: #F7F7F7; border: 0px #F0F0F0 solid; padding:0px 4px 0px 4px; white-space: nowrap; background-image: url(tbl_bck00.png)" class="hierarchy"><img src="tbl_spacer.png" alt="." style="background-color: inherit" class="hierarchy"/><img src="tbl_vjoin_end.png" alt="." style="background-color: inherit" class="hierarchy"/><img src="icon_primitive.png" alt="." style="background-color: #F7F7F7; background-color: inherit" title="Primitive Data Type" class="hierarchy"/> <a href="StructureDefinition-apple-health-kit-healthstore-characteristic-definitions.html#apple-health-kit-healthstore-characteristic.dateOfBirth" title="The date of birth.">dateOfBirth</a><a name="apple-health-kit-healthstore-characteristic.dateOfBirth"> </a></td><td style="vertical-align: top; text-align : left; background-color: #F7F7F7; border: 0px #F0F0F0 solid; padding:0px 4px 0px 4px" class="hierarchy"/><td style="vertical-align: top; text-align : left; background-color: #F7F7F7; border: 0px #F0F0F0 solid; padding:0px 4px 0px 4px" class="hierarchy">0..1</td><td style="vertical-align: top; text-align : left; background-color: #F7F7F7; border: 0px #F0F0F0 solid; padding:0px 4px 0px 4px" class="hierarchy"><a href="http://hl7.org/fhir/R4/datatypes.html#date">date</a></td><td style="vertical-align: top; text-align : left; background-color: #F7F7F7; border: 0px #F0F0F0 solid; padding:0px 4px 0px 4px" class="hierarchy">The date of birth.</td></tr>
<tr><td colspan="5" class="hierarchy"><br/><a href="https://build.fhir.org/ig/FHIR/ig-guidance/readingIgs.html#table-views" title="Legend for this format"><img src="http://hl7.org/fhir/R4/help16.png" alt="doco" style="background-color: inherit"/> Documentation for this format</a></td></tr></table></div></text><url value="https://open-health-manager.github.io/standard-patient-health-record-ig/StructureDefinition/apple-health-kit-healthstore-characteristic"/><version value="0.4.4"/><name value="AppleHealthKitHealthStoreCharacteristic"/><title value="Apple HealthKit HealthStore Characteristic Logical Model"/><status value="draft"/><date value="2023-04-07T13:44:22-05:00"/><publisher value="MITRE"/><contact><name value="MITRE"/><telecom><system value="url"/><value value="https://open-health-manager.github.io/standard-patient-health-record-ig"/></telecom></contact><description value="Relevant Data elements that correspond to the CharacteristicType stored in Apple HealthStore."/><fhirVersion value="4.0.1"/><mapping><identity value="rim"/><uri value="http://hl7.org/v3"/><name value="RIM Mapping"/></mapping><kind value="logical"/><abstract value="false"/><type value="https://open-health-manager.github.io/standard-patient-health-record-ig/StructureDefinition/apple-health-kit-healthstore-characteristic"/><baseDefinition value="http://hl7.org/fhir/StructureDefinition/Base"/><derivation value="specialization"/><snapshot><element id="apple-health-kit-healthstore-characteristic"><path value="apple-health-kit-healthstore-characteristic"/><short value="Apple HealthKit HealthStore Characteristic Logical Model"/><definition value="Relevant Data elements that correspond to the CharacteristicType stored in Apple HealthStore."/><min value="0"/><max value="*"/><base><path value="Base"/><min value="0"/><max value="*"/></base><isModifier value="false"/></element><element id="apple-health-kit-healthstore-characteristic.characteristicType"><path value="apple-health-kit-healthstore-characteristic.characteristicType"/><short value="The characteristic type."/><definition value="The characteristic type."/><min value="1"/><max value="1"/><base><path value="apple-health-kit-healthstore-characteristic.characteristicType"/><min value="1"/><max value="1"/></base><type><code value="code"/></type><binding><strength value="extensible"/><valueSet value="https://open-health-manager.github.io/standard-patient-health-record-ig/ValueSet/apple-health-kit-characteristic-type-value-set"/></binding></element><element id="apple-health-kit-healthstore-characteristic.biologicalSex"><path value="apple-health-kit-healthstore-characteristic.biologicalSex"/><short value="The biological sex."/><definition value="The biological sex."/><min value="0"/><max value="1"/><base><path value="apple-health-kit-healthstore-characteristic.biologicalSex"/><min value="0"/><max value="1"/></base><type><code value="code"/></type><binding><strength value="extensible"/><valueSet value="https://open-health-manager.github.io/standard-patient-health-record-ig/ValueSet/apple-health-kit-biological-sex-value-set"/></binding></element><element id="apple-health-kit-healthstore-characteristic.dateOfBirth"><path value="apple-health-kit-healthstore-characteristic.dateOfBirth"/><short value="The date of birth."/><definition value="The date of birth."/><min value="0"/><max value="1"/><base><path value="apple-health-kit-healthstore-characteristic.dateOfBirth"/><min value="0"/><max value="1"/></base><type><code value="date"/></type></element></snapshot><differential><element id="apple-health-kit-healthstore-characteristic"><path value="apple-health-kit-healthstore-characteristic"/><short value="Apple HealthKit HealthStore Characteristic Logical Model"/><definition value="Relevant Data elements that correspond to the CharacteristicType stored in Apple HealthStore."/></element><element id="apple-health-kit-healthstore-characteristic.characteristicType"><path value="apple-health-kit-healthstore-characteristic.characteristicType"/><short value="The characteristic type."/><definition value="The characteristic type."/><min value="1"/><max value="1"/><type><code value="code"/></type><binding><strength value="extensible"/><valueSet value="https://open-health-manager.github.io/standard-patient-health-record-ig/ValueSet/apple-health-kit-characteristic-type-value-set"/></binding></element><element id="apple-health-kit-healthstore-characteristic.biologicalSex"><path value="apple-health-kit-healthstore-characteristic.biologicalSex"/><short value="The biological sex."/><definition value="The biological sex."/><min value="0"/><max value="1"/><type><code value="code"/></type><binding><strength value="extensible"/><valueSet value="https://open-health-manager.github.io/standard-patient-health-record-ig/ValueSet/apple-health-kit-biological-sex-value-set"/></binding></element><element id="apple-health-kit-healthstore-characteristic.dateOfBirth"><path value="apple-health-kit-healthstore-characteristic.dateOfBirth"/><short value="The date of birth."/><definition value="The date of birth."/><min value="0"/><max value="1"/><type><code value="date"/></type></element></differential></StructureDefinition>