<?xml version="1.0" encoding="UTF-8"?><StructureDefinition xmlns="http://hl7.org/fhir"><id value="apple-healthkit-sample"/><text><status value="extensions"/><div xmlns="http://www.w3.org/1999/xhtml"><table border="0" cellpadding="0" cellspacing="0" style="border: 0px #F0F0F0 solid; font-size: 11px; font-family: verdana; vertical-align: top;"><tr style="border: 1px #F0F0F0 solid; font-size: 11px; font-family: verdana; vertical-align: top"><th style="vertical-align: top; text-align : left; background-color: white; border: 0px #F0F0F0 solid; padding:0px 4px 0px 4px" class="hierarchy"><a href="http://hl7.org/fhir/R4/formats.html#table" title="The logical name of the element">Name</a></th><th style="vertical-align: top; text-align : left; background-color: white; border: 0px #F0F0F0 solid; padding:0px 4px 0px 4px" class="hierarchy"><a href="http://hl7.org/fhir/R4/formats.html#table" title="Information about the use of the element">Flags</a></th><th style="vertical-align: top; text-align : left; background-color: white; border: 0px #F0F0F0 solid; padding:0px 4px 0px 4px" class="hierarchy"><a href="http://hl7.org/fhir/R4/formats.html#table" title="Minimum and Maximum # of times the the element can appear in the instance">Card.</a></th><th style="width: 100px" class="hierarchy"><a href="http://hl7.org/fhir/R4/formats.html#table" title="Reference to the type of the element">Type</a></th><th style="vertical-align: top; text-align : left; background-color: white; border: 0px #F0F0F0 solid; padding:0px 4px 0px 4px" class="hierarchy"><a href="http://hl7.org/fhir/R4/formats.html#table" title="Additional information about the element">Description &amp; Constraints</a><span style="float: right"><a href="http://hl7.org/fhir/R4/formats.html#table" title="Legend for this format"><img src="http://hl7.org/fhir/R4/help16.png" alt="doco" style="background-color: inherit"/></a></span></th></tr><tr style="border: 0px #F0F0F0 solid; padding:0px; vertical-align: top; background-color: white"><td style="vertical-align: top; text-align : left; background-color: white; border: 0px #F0F0F0 solid; padding:0px 4px 0px 4px; white-space: nowrap; background-image: url(tbl_bck1.png)" class="hierarchy"><img src="tbl_spacer.png" alt="." style="background-color: inherit" class="hierarchy"/><img src="icon_element.gif" alt="." style="background-color: white; background-color: inherit" title="Element" class="hierarchy"/> <a href="StructureDefinition-apple-healthkit-sample-definitions.html#apple-healthkit-sample" title="Data elements for the Apple HealthKit HKSample.">apple-healthkit-sample</a><a name="apple-healthkit-sample"> </a></td><td style="vertical-align: top; text-align : left; background-color: white; border: 0px #F0F0F0 solid; padding:0px 4px 0px 4px" class="hierarchy"/><td style="vertical-align: top; text-align : left; background-color: white; border: 0px #F0F0F0 solid; padding:0px 4px 0px 4px" class="hierarchy"><span style="opacity: 0.5">0</span><span style="opacity: 0.5">..</span><span style="opacity: 0.5">*</span></td><td style="vertical-align: top; text-align : left; background-color: white; border: 0px #F0F0F0 solid; padding:0px 4px 0px 4px" class="hierarchy"><a href="http://build.fhir.org/types.html#Base">Base</a></td><td style="vertical-align: top; text-align : left; background-color: white; border: 0px #F0F0F0 solid; padding:0px 4px 0px 4px" class="hierarchy">Apple HealthKit Sample Logical Model</td></tr>
<tr style="border: 0px #F0F0F0 solid; padding:0px; vertical-align: top; background-color: #F7F7F7"><td style="vertical-align: top; text-align : left; background-color: #F7F7F7; border: 0px #F0F0F0 solid; padding:0px 4px 0px 4px; white-space: nowrap; background-image: url(tbl_bck10.png)" class="hierarchy"><img src="tbl_spacer.png" alt="." style="background-color: inherit" class="hierarchy"/><img src="tbl_vjoin.png" alt="." style="background-color: inherit" class="hierarchy"/><img src="icon_primitive.png" alt="." style="background-color: #F7F7F7; background-color: inherit" title="Primitive Data Type" class="hierarchy"/> <a href="StructureDefinition-apple-healthkit-sample-definitions.html#apple-healthkit-sample.uuid" title="The universally unique identifier (UUID) for this HealthKit object.">uuid</a><a name="apple-healthkit-sample.uuid"> </a></td><td style="vertical-align: top; text-align : left; background-color: #F7F7F7; border: 0px #F0F0F0 solid; padding:0px 4px 0px 4px" class="hierarchy"/><td style="vertical-align: top; text-align : left; background-color: #F7F7F7; border: 0px #F0F0F0 solid; padding:0px 4px 0px 4px" class="hierarchy">1..1</td><td style="vertical-align: top; text-align : left; background-color: #F7F7F7; border: 0px #F0F0F0 solid; padding:0px 4px 0px 4px" class="hierarchy"><a href="http://hl7.org/fhir/R4/datatypes.html#string">string</a></td><td style="vertical-align: top; text-align : left; background-color: #F7F7F7; border: 0px #F0F0F0 solid; padding:0px 4px 0px 4px" class="hierarchy">UUID</td></tr>
<tr style="border: 0px #F0F0F0 solid; padding:0px; vertical-align: top; background-color: white"><td style="vertical-align: top; text-align : left; background-color: white; border: 0px #F0F0F0 solid; padding:0px 4px 0px 4px; white-space: nowrap; background-image: url(tbl_bck10.png)" class="hierarchy"><img src="tbl_spacer.png" alt="." style="background-color: inherit" class="hierarchy"/><img src="tbl_vjoin.png" alt="." style="background-color: inherit" class="hierarchy"/><img src="icon_datatype.gif" alt="." style="background-color: white; background-color: inherit" title="Data Type" class="hierarchy"/> <a href="StructureDefinition-apple-healthkit-sample-definitions.html#apple-healthkit-sample.metadata" title="The metadata for this HealthKit object.">metadata</a><a name="apple-healthkit-sample.metadata"> </a></td><td style="vertical-align: top; text-align : left; background-color: white; border: 0px #F0F0F0 solid; padding:0px 4px 0px 4px" class="hierarchy"/><td style="vertical-align: top; text-align : left; background-color: white; border: 0px #F0F0F0 solid; padding:0px 4px 0px 4px" class="hierarchy">0..1</td><td style="vertical-align: top; text-align : left; background-color: white; border: 0px #F0F0F0 solid; padding:0px 4px 0px 4px" class="hierarchy"><a href="http://hl7.org/fhir/R4/datatypes.html#BackboneElement">BackboneElement</a></td><td style="vertical-align: top; text-align : left; background-color: white; border: 0px #F0F0F0 solid; padding:0px 4px 0px 4px" class="hierarchy">metadata</td></tr>
<tr style="border: 0px #F0F0F0 solid; padding:0px; vertical-align: top; background-color: #F7F7F7"><td style="vertical-align: top; text-align : left; background-color: #F7F7F7; border: 0px #F0F0F0 solid; padding:0px 4px 0px 4px; white-space: nowrap; background-image: url(tbl_bck10.png)" class="hierarchy"><img src="tbl_spacer.png" alt="." style="background-color: inherit" class="hierarchy"/><img src="tbl_vjoin.png" alt="." style="background-color: inherit" class="hierarchy"/><img src="icon_datatype.gif" alt="." style="background-color: #F7F7F7; background-color: inherit" title="Data Type" class="hierarchy"/> <a href="StructureDefinition-apple-healthkit-sample-definitions.html#apple-healthkit-sample.device" title="The device that generated the data for this object.">device</a><a name="apple-healthkit-sample.device"> </a></td><td style="vertical-align: top; text-align : left; background-color: #F7F7F7; border: 0px #F0F0F0 solid; padding:0px 4px 0px 4px" class="hierarchy"/><td style="vertical-align: top; text-align : left; background-color: #F7F7F7; border: 0px #F0F0F0 solid; padding:0px 4px 0px 4px" class="hierarchy">0..1</td><td style="vertical-align: top; text-align : left; background-color: #F7F7F7; border: 0px #F0F0F0 solid; padding:0px 4px 0px 4px" class="hierarchy"><a href="http://hl7.org/fhir/R4/datatypes.html#BackboneElement">BackboneElement</a></td><td style="vertical-align: top; text-align : left; background-color: #F7F7F7; border: 0px #F0F0F0 solid; padding:0px 4px 0px 4px" class="hierarchy">device</td></tr>
<tr style="border: 0px #F0F0F0 solid; padding:0px; vertical-align: top; background-color: white"><td style="vertical-align: top; text-align : left; background-color: white; border: 0px #F0F0F0 solid; padding:0px 4px 0px 4px; white-space: nowrap; background-image: url(tbl_bck10.png)" class="hierarchy"><img src="tbl_spacer.png" alt="." style="background-color: inherit" class="hierarchy"/><img src="tbl_vjoin.png" alt="." style="background-color: inherit" class="hierarchy"/><img src="icon_datatype.gif" alt="." style="background-color: white; background-color: inherit" title="Data Type" class="hierarchy"/> <a href="StructureDefinition-apple-healthkit-sample-definitions.html#apple-healthkit-sample.sourceRevision" title="A HealthKit source, representing the app or device that created this object.">sourceRevision</a><a name="apple-healthkit-sample.sourceRevision"> </a></td><td style="vertical-align: top; text-align : left; background-color: white; border: 0px #F0F0F0 solid; padding:0px 4px 0px 4px" class="hierarchy"/><td style="vertical-align: top; text-align : left; background-color: white; border: 0px #F0F0F0 solid; padding:0px 4px 0px 4px" class="hierarchy">0..1</td><td style="vertical-align: top; text-align : left; background-color: white; border: 0px #F0F0F0 solid; padding:0px 4px 0px 4px" class="hierarchy"><a href="http://hl7.org/fhir/R4/datatypes.html#BackboneElement">BackboneElement</a></td><td style="vertical-align: top; text-align : left; background-color: white; border: 0px #F0F0F0 solid; padding:0px 4px 0px 4px" class="hierarchy">sourceRevision</td></tr>
<tr style="border: 0px #F0F0F0 solid; padding:0px; vertical-align: top; background-color: #F7F7F7"><td style="vertical-align: top; text-align : left; background-color: #F7F7F7; border: 0px #F0F0F0 solid; padding:0px 4px 0px 4px; white-space: nowrap; background-image: url(tbl_bck10.png)" class="hierarchy"><img src="tbl_spacer.png" alt="." style="background-color: inherit" class="hierarchy"/><img src="tbl_vjoin.png" alt="." style="background-color: inherit" class="hierarchy"/><img src="icon_primitive.png" alt="." style="background-color: #F7F7F7; background-color: inherit" title="Primitive Data Type" class="hierarchy"/> <a href="StructureDefinition-apple-healthkit-sample-definitions.html#apple-healthkit-sample.startDate" title="The sample's start date.">startDate</a><a name="apple-healthkit-sample.startDate"> </a></td><td style="vertical-align: top; text-align : left; background-color: #F7F7F7; border: 0px #F0F0F0 solid; padding:0px 4px 0px 4px" class="hierarchy"/><td style="vertical-align: top; text-align : left; background-color: #F7F7F7; border: 0px #F0F0F0 solid; padding:0px 4px 0px 4px" class="hierarchy">0..1</td><td style="vertical-align: top; text-align : left; background-color: #F7F7F7; border: 0px #F0F0F0 solid; padding:0px 4px 0px 4px" class="hierarchy"><a href="http://hl7.org/fhir/R4/datatypes.html#date">date</a></td><td style="vertical-align: top; text-align : left; background-color: #F7F7F7; border: 0px #F0F0F0 solid; padding:0px 4px 0px 4px" class="hierarchy">The sample's start date.</td></tr>
<tr style="border: 0px #F0F0F0 solid; padding:0px; vertical-align: top; background-color: white"><td style="vertical-align: top; text-align : left; background-color: white; border: 0px #F0F0F0 solid; padding:0px 4px 0px 4px; white-space: nowrap; background-image: url(tbl_bck10.png)" class="hierarchy"><img src="tbl_spacer.png" alt="." style="background-color: inherit" class="hierarchy"/><img src="tbl_vjoin.png" alt="." style="background-color: inherit" class="hierarchy"/><img src="icon_primitive.png" alt="." style="background-color: white; background-color: inherit" title="Primitive Data Type" class="hierarchy"/> <a href="StructureDefinition-apple-healthkit-sample-definitions.html#apple-healthkit-sample.endDate" title="The sample's end date.">endDate</a><a name="apple-healthkit-sample.endDate"> </a></td><td style="vertical-align: top; text-align : left; background-color: white; border: 0px #F0F0F0 solid; padding:0px 4px 0px 4px" class="hierarchy"/><td style="vertical-align: top; text-align : left; background-color: white; border: 0px #F0F0F0 solid; padding:0px 4px 0px 4px" class="hierarchy">0..1</td><td style="vertical-align: top; text-align : left; background-color: white; border: 0px #F0F0F0 solid; padding:0px 4px 0px 4px" class="hierarchy"><a href="http://hl7.org/fhir/R4/datatypes.html#date">date</a></td><td style="vertical-align: top; text-align : left; background-color: white; border: 0px #F0F0F0 solid; padding:0px 4px 0px 4px" class="hierarchy">The sample's end date.</td></tr>
<tr style="border: 0px #F0F0F0 solid; padding:0px; vertical-align: top; background-color: #F7F7F7"><td style="vertical-align: top; text-align : left; background-color: #F7F7F7; border: 0px #F0F0F0 solid; padding:0px 4px 0px 4px; white-space: nowrap; background-image: url(tbl_bck10.png)" class="hierarchy"><img src="tbl_spacer.png" alt="." style="background-color: inherit" class="hierarchy"/><img src="tbl_vjoin.png" alt="." style="background-color: inherit" class="hierarchy"/><img src="icon_primitive.png" alt="." style="background-color: #F7F7F7; background-color: inherit" title="Primitive Data Type" class="hierarchy"/> <a href="StructureDefinition-apple-healthkit-sample-definitions.html#apple-healthkit-sample.hasUndeterminedDuration" title="Indicates whether the sample has an unknown duration.">hasUndeterminedDuration</a><a name="apple-healthkit-sample.hasUndeterminedDuration"> </a></td><td style="vertical-align: top; text-align : left; background-color: #F7F7F7; border: 0px #F0F0F0 solid; padding:0px 4px 0px 4px" class="hierarchy"/><td style="vertical-align: top; text-align : left; background-color: #F7F7F7; border: 0px #F0F0F0 solid; padding:0px 4px 0px 4px" class="hierarchy">0..1</td><td style="vertical-align: top; text-align : left; background-color: #F7F7F7; border: 0px #F0F0F0 solid; padding:0px 4px 0px 4px" class="hierarchy"><a href="http://hl7.org/fhir/R4/datatypes.html#boolean">boolean</a></td><td style="vertical-align: top; text-align : left; background-color: #F7F7F7; border: 0px #F0F0F0 solid; padding:0px 4px 0px 4px" class="hierarchy">Indicates whether the sample has an unknown duration.</td></tr>
<tr style="border: 0px #F0F0F0 solid; padding:0px; vertical-align: top; background-color: white"><td style="vertical-align: top; text-align : left; background-color: white; border: 0px #F0F0F0 solid; padding:0px 4px 0px 4px; white-space: nowrap; background-image: url(tbl_bck00.png)" class="hierarchy"><img src="tbl_spacer.png" alt="." style="background-color: inherit" class="hierarchy"/><img src="tbl_vjoin_end.png" alt="." style="background-color: inherit" class="hierarchy"/><img src="icon_primitive.png" alt="." style="background-color: white; background-color: inherit" title="Primitive Data Type" class="hierarchy"/> <a href="StructureDefinition-apple-healthkit-sample-definitions.html#apple-healthkit-sample.sampleType" title="The sample type.">sampleType</a><a name="apple-healthkit-sample.sampleType"> </a></td><td style="vertical-align: top; text-align : left; background-color: white; border: 0px #F0F0F0 solid; padding:0px 4px 0px 4px" class="hierarchy"/><td style="vertical-align: top; text-align : left; background-color: white; border: 0px #F0F0F0 solid; padding:0px 4px 0px 4px" class="hierarchy">0..1</td><td style="vertical-align: top; text-align : left; background-color: white; border: 0px #F0F0F0 solid; padding:0px 4px 0px 4px" class="hierarchy"><a href="http://hl7.org/fhir/R4/datatypes.html#string">string</a></td><td style="vertical-align: top; text-align : left; background-color: white; border: 0px #F0F0F0 solid; padding:0px 4px 0px 4px" class="hierarchy">The sample type.</td></tr>
<tr><td colspan="5" class="hierarchy"><br/><a href="http://hl7.org/fhir/R4/formats.html#table" title="Legend for this format"><img src="http://hl7.org/fhir/R4/help16.png" alt="doco" style="background-color: inherit"/> Documentation for this format</a></td></tr></table></div></text><url value="https://open-health-manager.github.io/standard-patient-health-record-ig/StructureDefinition/apple-healthkit-sample"/><version value="0.4.4"/><name value="AppleHealthKitSample"/><title value="Apple HealthKit Sample Logical Model"/><status value="draft"/><date value="2022-11-07T03:31:20-06:00"/><publisher value="MITRE"/><contact><name value="MITRE"/><telecom><system value="url"/><value value="https://open-health-manager.github.io/standard-patient-health-record-ig"/></telecom></contact><description value="Data elements for the Apple HealthKit HKSample."/><fhirVersion value="4.0.1"/><mapping><identity value="rim"/><uri value="http://hl7.org/v3"/><name value="RIM Mapping"/></mapping><kind value="logical"/><abstract value="false"/><type value="https://open-health-manager.github.io/standard-patient-health-record-ig/StructureDefinition/apple-healthkit-sample"/><baseDefinition value="http://hl7.org/fhir/StructureDefinition/Base"/><derivation value="specialization"/><snapshot><element id="apple-healthkit-sample"><path value="apple-healthkit-sample"/><short value="Apple HealthKit Sample Logical Model"/><definition value="Data elements for the Apple HealthKit HKSample."/><min value="0"/><max value="*"/><base><path value="Base"/><min value="0"/><max value="*"/></base><isModifier value="false"/></element><element id="apple-healthkit-sample.uuid"><path value="apple-healthkit-sample.uuid"/><short value="UUID"/><definition value="The universally unique identifier (UUID) for this HealthKit object."/><min value="1"/><max value="1"/><base><path value="apple-healthkit-sample.uuid"/><min value="1"/><max value="1"/></base><type><code value="string"/></type></element><element id="apple-healthkit-sample.metadata"><path value="apple-healthkit-sample.metadata"/><short value="metadata"/><definition value="The metadata for this HealthKit object."/><min value="0"/><max value="1"/><base><path value="apple-healthkit-sample.metadata"/><min value="0"/><max value="1"/></base><type><code value="BackboneElement"/></type></element><element id="apple-healthkit-sample.device"><path value="apple-healthkit-sample.device"/><short value="device"/><definition value="The device that generated the data for this object."/><min value="0"/><max value="1"/><base><path value="apple-healthkit-sample.device"/><min value="0"/><max value="1"/></base><type><code value="BackboneElement"/></type></element><element id="apple-healthkit-sample.sourceRevision"><path value="apple-healthkit-sample.sourceRevision"/><short value="sourceRevision"/><definition value="A HealthKit source, representing the app or device that created this object."/><min value="0"/><max value="1"/><base><path value="apple-healthkit-sample.sourceRevision"/><min value="0"/><max value="1"/></base><type><code value="BackboneElement"/></type></element><element id="apple-healthkit-sample.startDate"><path value="apple-healthkit-sample.startDate"/><short value="The sample's start date."/><definition value="The sample's start date."/><min value="0"/><max value="1"/><base><path value="apple-healthkit-sample.startDate"/><min value="0"/><max value="1"/></base><type><code value="date"/></type></element><element id="apple-healthkit-sample.endDate"><path value="apple-healthkit-sample.endDate"/><short value="The sample's end date."/><definition value="The sample's end date."/><min value="0"/><max value="1"/><base><path value="apple-healthkit-sample.endDate"/><min value="0"/><max value="1"/></base><type><code value="date"/></type></element><element id="apple-healthkit-sample.hasUndeterminedDuration"><path value="apple-healthkit-sample.hasUndeterminedDuration"/><short value="Indicates whether the sample has an unknown duration."/><definition value="Indicates whether the sample has an unknown duration."/><min value="0"/><max value="1"/><base><path value="apple-healthkit-sample.hasUndeterminedDuration"/><min value="0"/><max value="1"/></base><type><code value="boolean"/></type></element><element id="apple-healthkit-sample.sampleType"><path value="apple-healthkit-sample.sampleType"/><short value="The sample type."/><definition value="The sample type."/><min value="0"/><max value="1"/><base><path value="apple-healthkit-sample.sampleType"/><min value="0"/><max value="1"/></base><type><code value="string"/></type></element></snapshot><differential><element id="apple-healthkit-sample"><path value="apple-healthkit-sample"/><short value="Apple HealthKit Sample Logical Model"/><definition value="Data elements for the Apple HealthKit HKSample."/></element><element id="apple-healthkit-sample.uuid"><path value="apple-healthkit-sample.uuid"/><short value="UUID"/><definition value="The universally unique identifier (UUID) for this HealthKit object."/><min value="1"/><max value="1"/><type><code value="string"/></type></element><element id="apple-healthkit-sample.metadata"><path value="apple-healthkit-sample.metadata"/><short value="metadata"/><definition value="The metadata for this HealthKit object."/><min value="0"/><max value="1"/><type><code value="BackboneElement"/></type></element><element id="apple-healthkit-sample.device"><path value="apple-healthkit-sample.device"/><short value="device"/><definition value="The device that generated the data for this object."/><min value="0"/><max value="1"/><type><code value="BackboneElement"/></type></element><element id="apple-healthkit-sample.sourceRevision"><path value="apple-healthkit-sample.sourceRevision"/><short value="sourceRevision"/><definition value="A HealthKit source, representing the app or device that created this object."/><min value="0"/><max value="1"/><type><code value="BackboneElement"/></type></element><element id="apple-healthkit-sample.startDate"><path value="apple-healthkit-sample.startDate"/><short value="The sample's start date."/><definition value="The sample's start date."/><min value="0"/><max value="1"/><type><code value="date"/></type></element><element id="apple-healthkit-sample.endDate"><path value="apple-healthkit-sample.endDate"/><short value="The sample's end date."/><definition value="The sample's end date."/><min value="0"/><max value="1"/><type><code value="date"/></type></element><element id="apple-healthkit-sample.hasUndeterminedDuration"><path value="apple-healthkit-sample.hasUndeterminedDuration"/><short value="Indicates whether the sample has an unknown duration."/><definition value="Indicates whether the sample has an unknown duration."/><min value="0"/><max value="1"/><type><code value="boolean"/></type></element><element id="apple-healthkit-sample.sampleType"><path value="apple-healthkit-sample.sampleType"/><short value="The sample type."/><definition value="The sample type."/><min value="0"/><max value="1"/><type><code value="string"/></type></element></differential></StructureDefinition>