<?xml version="1.0" encoding="UTF-8"?><ValueSet xmlns="http://hl7.org/fhir"><id value="pcd-sleep-observation-code"/><text><status value="generated"/><div xmlns="http://www.w3.org/1999/xhtml"><p>This value set includes codes based on the following rules:</p><ul><li>Include these codes as defined in <a href="http://loinc.org"><code>http://loinc.org</code></a><table class="none"><tr><td style="white-space:nowrap"><b>Code</b></td><td><b>Display</b></td></tr><tr><td><a href="https://loinc.org/93831-6/">93831-6</a></td><td>Deep sleep duration</td></tr><tr><td><a href="https://loinc.org/93830-8/">93830-8</a></td><td>Light sleep duration</td></tr><tr><td><a href="https://loinc.org/93829-0/">93829-0</a></td><td>REM sleep duration</td></tr><tr><td><a href="https://loinc.org/93832-4/">93832-4</a></td><td>Sleep duration</td></tr></table></li><li>Include these codes as defined in <a href="http://www.snomed.org/"><code>http://snomed.info/sct</code></a><table class="none"><tr><td style="white-space:nowrap"><b>Code</b></td><td><b>Display</b></td></tr><tr><td><a href="http://snomed.info/id/258158006">258158006</a></td><td>Sleep, function (observable entity)</td></tr></table></li></ul></div></text><url value="https://open-health-manager.github.io/standard-patient-health-record-ig/ValueSet/pcd-sleep-observation-code"/><version value="0.4.4"/><name value="PCDSleepObservationCode"/><title value="Patient contributed data: sleep observation code"/><status value="active"/><date value="2023-04-07T13:44:22-05:00"/><publisher value="MITRE"/><contact><name value="MITRE"/><telecom><system value="url"/><value value="https://open-health-manager.github.io/standard-patient-health-record-ig"/></telecom></contact><description value="This value set includes codes to track patient sleep recorded by device or app"/><compose><include><system value="http://loinc.org"/><concept><code value="93831-6"/><display value="Deep sleep duration"/></concept><concept><code value="93830-8"/><display value="Light sleep duration"/></concept><concept><code value="93829-0"/><display value="REM sleep duration"/></concept><concept><code value="93832-4"/><display value="Sleep duration"/></concept></include><include><system value="http://snomed.info/sct"/><concept><code value="258158006"/><display value="Sleep, function (observable entity)"/></concept></include></compose></ValueSet>