<?xml version="1.0" encoding="UTF-8"?><ValueSet xmlns="http://hl7.org/fhir"><id value="apple-health-kit-workout-event-type-value-set"/><text><status value="generated"/><div xmlns="http://www.w3.org/1999/xhtml"><ul><li>Include all codes defined in <a href="CodeSystem-apple-health-kit-workout-event-type-code-system.html"><code>https://open-health-manager.github.io/standard-patient-health-record-ig/CodeSystem/apple-health-kit-workout-event-type-code-system</code></a></li></ul></div></text><url value="https://open-health-manager.github.io/standard-patient-health-record-ig/ValueSet/apple-health-kit-workout-event-type-value-set"/><version value="0.4.4"/><name value="AppleHealthKitWorkoutEventTypeValueSet"/><title value="Apple HealthKit Workout Event Type Value Set"/><status value="active"/><date value="2023-04-07T13:44:22-05:00"/><publisher value="MITRE"/><contact><name value="MITRE"/><telecom><system value="url"/><value value="https://open-health-manager.github.io/standard-patient-health-record-ig"/></telecom></contact><description value="Possible values for AppleHealthKitWorkoutEvent.type"/><compose><include><system value="https://open-health-manager.github.io/standard-patient-health-record-ig/CodeSystem/apple-health-kit-workout-event-type-code-system"/></include></compose></ValueSet>