{"resourceType":"ImplementationGuide","id":"StandardPatientHealthRecordIG","text":{"status":"extensions","div":"<div xmlns=\"http://www.w3.org/1999/xhtml\"><h2>StandardPatientHealthRecordIG</h2><p>The official URL for this implementation guide is: </p><pre>https://gitlab.mitre.org/awatson/sphr/ImplementationGuide/StandardPatientHealthRecordIG</pre></div>"},"url":"https://gitlab.mitre.org/awatson/sphr/ImplementationGuide/StandardPatientHealthRecordIG","version":"0.2.1","name":"StandardPatientHealthRecordIG","status":"draft","date":"2022-03-27T18:16:54-05:00","publisher":"MITRE","contact":[{"name":"MITRE","telecom":[{"system":"url","value":"https://gitlab.mitre.org/awatson/sphr"}]}],"packageId":"StandardPatientHealthRecordIG","license":"CC0-1.0","fhirVersion":["4.0.1"],"definition":{"extension":[{"extension":[{"url":"code","valueString":"copyrightyear"},{"url":"value","valueString":"2022+"}],"url":"http://hl7.org/fhir/tools/StructureDefinition/ig-parameter"},{"extension":[{"url":"code","valueString":"releaselabel"},{"url":"value","valueString":"ci-build"}],"url":"http://hl7.org/fhir/tools/StructureDefinition/ig-parameter"},{"extension":[{"url":"code","valueString":"path-liquid"},{"url":"value","valueString":"template/liquid"}],"url":"http://hl7.org/fhir/tools/StructureDefinition/ig-parameter"},{"extension":[{"url":"code","valueString":"path-liquid"},{"url":"value","valueString":"input/liquid"}],"url":"http://hl7.org/fhir/tools/StructureDefinition/ig-parameter"},{"extension":[{"url":"code","valueString":"path-qa"},{"url":"value","valueString":"temp/qa"}],"url":"http://hl7.org/fhir/tools/StructureDefinition/ig-parameter"},{"extension":[{"url":"code","valueString":"path-temp"},{"url":"value","valueString":"temp/pages"}],"url":"http://hl7.org/fhir/tools/StructureDefinition/ig-parameter"},{"extension":[{"url":"code","valueString":"path-output"},{"url":"value","valueString":"output"}],"url":"http://hl7.org/fhir/tools/StructureDefinition/ig-parameter"},{"extension":[{"url":"code","valueString":"path-suppressed-warnings"},{"url":"value","valueString":"input/ignoreWarnings.txt"}],"url":"http://hl7.org/fhir/tools/StructureDefinition/ig-parameter"},{"extension":[{"url":"code","valueString":"path-history"},{"url":"value","valueString":"https://gitlab.mitre.org/awatson/sphr/history.html"}],"url":"http://hl7.org/fhir/tools/StructureDefinition/ig-parameter"},{"extension":[{"url":"code","valueString":"template-html"},{"url":"value","valueString":"template-page.html"}],"url":"http://hl7.org/fhir/tools/StructureDefinition/ig-parameter"},{"extension":[{"url":"code","valueString":"template-md"},{"url":"value","valueString":"template-page-md.html"}],"url":"http://hl7.org/fhir/tools/StructureDefinition/ig-parameter"},{"extension":[{"url":"code","valueString":"apply-contact"},{"url":"value","valueString":"true"}],"url":"http://hl7.org/fhir/tools/StructureDefinition/ig-parameter"},{"extension":[{"url":"code","valueString":"apply-context"},{"url":"value","valueString":"true"}],"url":"http://hl7.org/fhir/tools/StructureDefinition/ig-parameter"},{"extension":[{"url":"code","valueString":"apply-copyright"},{"url":"value","valueString":"true"}],"url":"http://hl7.org/fhir/tools/StructureDefinition/ig-parameter"},{"extension":[{"url":"code","valueString":"apply-jurisdiction"},{"url":"value","valueString":"true"}],"url":"http://hl7.org/fhir/tools/StructureDefinition/ig-parameter"},{"extension":[{"url":"code","valueString":"apply-license"},{"url":"value","valueString":"true"}],"url":"http://hl7.org/fhir/tools/StructureDefinition/ig-parameter"},{"extension":[{"url":"code","valueString":"apply-publisher"},{"url":"value","valueString":"true"}],"url":"http://hl7.org/fhir/tools/StructureDefinition/ig-parameter"},{"extension":[{"url":"code","valueString":"apply-version"},{"url":"value","valueString":"true"}],"url":"http://hl7.org/fhir/tools/StructureDefinition/ig-parameter"},{"extension":[{"url":"code","valueString":"active-tables"},{"url":"value","valueString":"true"}],"url":"http://hl7.org/fhir/tools/StructureDefinition/ig-parameter"},{"extension":[{"url":"code","valueString":"fmm-definition"},{"url":"value","valueString":"http://hl7.org/fhir/versions.html#maturity"}],"url":"http://hl7.org/fhir/tools/StructureDefinition/ig-parameter"},{"extension":[{"url":"code","valueString":"propagate-status"},{"url":"value","valueString":"true"}],"url":"http://hl7.org/fhir/tools/StructureDefinition/ig-parameter"}],"grouping":[{"id":"-str-logicalmodel","name":"Structures: Logical Models","description":"These define data models that represent the domain covered by this implementation guide in more business-friendly terms than the underlying FHIR resources."},{"id":"-str-profile","name":"Structures: Resource Profiles","description":"These define constraints on FHIR resources for systems conforming to this implementation guide"},{"id":"-ex-example","name":"Example: Example Instances","description":"These are example instances that show what data produced and consumed by systems conforming with this implementation guide might look like"}],"resource":[{"extension":[{"url":"http://hl7.org/fhir/StructureDefinition/implementationguide-page","valueUri":"StructureDefinition-PhrAllergyIntolerance.html"}],"reference":{"reference":"StructureDefinition/PhrAllergyIntolerance"},"name":"PhrAllergyIntolerance","description":"Standard PHR profile of the AllergyIntolerance resource.","exampleBoolean":false,"groupingId":"-str-profile"},{"extension":[{"url":"http://hl7.org/fhir/StructureDefinition/implementationguide-page","valueUri":"StructureDefinition-PhrBodyStructure.html"}],"reference":{"reference":"StructureDefinition/PhrBodyStructure"},"name":"PhrBodyStructure","description":"Standard PHR profile of the BodyStructure resource.","exampleBoolean":false,"groupingId":"-str-profile"},{"extension":[{"url":"http://hl7.org/fhir/StructureDefinition/implementationguide-page","valueUri":"StructureDefinition-PhrCarePlan.html"}],"reference":{"reference":"StructureDefinition/PhrCarePlan"},"name":"PhrCarePlan","description":"Standard PHR profile of the CarePlan resource.","exampleBoolean":false,"groupingId":"-str-profile"},{"extension":[{"url":"http://hl7.org/fhir/StructureDefinition/implementationguide-page","valueUri":"StructureDefinition-PhrCareTeam.html"}],"reference":{"reference":"StructureDefinition/PhrCareTeam"},"name":"PhrCareTeam","description":"Standard PHR profile of the CareTeam resource.","exampleBoolean":false,"groupingId":"-str-profile"},{"extension":[{"url":"http://hl7.org/fhir/StructureDefinition/implementationguide-page","valueUri":"StructureDefinition-PhrCommunication.html"}],"reference":{"reference":"StructureDefinition/PhrCommunication"},"name":"PhrCommunication","description":"Standard PHR profile of the Communication resource.","exampleBoolean":false,"groupingId":"-str-profile"},{"extension":[{"url":"http://hl7.org/fhir/StructureDefinition/implementationguide-page","valueUri":"StructureDefinition-PhrCondition.html"}],"reference":{"reference":"StructureDefinition/PhrCondition"},"name":"PhrCondition","description":"Standard PHR profile of the Condition resource.","exampleBoolean":false,"groupingId":"-str-profile"},{"extension":[{"url":"http://hl7.org/fhir/StructureDefinition/implementationguide-page","valueUri":"StructureDefinition-PhrConsent.html"}],"reference":{"reference":"StructureDefinition/PhrConsent"},"name":"PhrConsent","description":"Standard PHR profile of the Consent resource.","exampleBoolean":false,"groupingId":"-str-profile"},{"extension":[{"url":"http://hl7.org/fhir/StructureDefinition/implementationguide-page","valueUri":"StructureDefinition-PhrDevice.html"}],"reference":{"reference":"StructureDefinition/PhrDevice"},"name":"PhrDevice","description":"Standard PHR profile of the Device resource.","exampleBoolean":false,"groupingId":"-str-profile"},{"extension":[{"url":"http://hl7.org/fhir/StructureDefinition/implementationguide-page","valueUri":"StructureDefinition-PhrDiagnosticReport.html"}],"reference":{"reference":"StructureDefinition/PhrDiagnosticReport"},"name":"PhrDiagnosticReport","description":"Standard PHR profile of the DiagnosticReport resource.","exampleBoolean":false,"groupingId":"-str-profile"},{"extension":[{"url":"http://hl7.org/fhir/StructureDefinition/implementationguide-page","valueUri":"StructureDefinition-PhrFamilyMemberHistory.html"}],"reference":{"reference":"StructureDefinition/PhrFamilyMemberHistory"},"name":"PhrFamilyMemberHistory","description":"Standard PHR profile of the FamilyMemberHistory resource.","exampleBoolean":false,"groupingId":"-str-profile"},{"extension":[{"url":"http://hl7.org/fhir/StructureDefinition/implementationguide-page","valueUri":"StructureDefinition-PhrGoal.html"}],"reference":{"reference":"StructureDefinition/PhrGoal"},"name":"PhrGoal","description":"Standard PHR profile of the Goal resource.","exampleBoolean":false,"groupingId":"-str-profile"},{"extension":[{"url":"http://hl7.org/fhir/StructureDefinition/implementationguide-page","valueUri":"StructureDefinition-PhrImmunization.html"}],"reference":{"reference":"StructureDefinition/PhrImmunization"},"name":"PhrImmunization","description":"Standard PHR profile of the Immunization resource.","exampleBoolean":false,"groupingId":"-str-profile"},{"extension":[{"url":"http://hl7.org/fhir/StructureDefinition/implementationguide-page","valueUri":"StructureDefinition-PhrMedication.html"}],"reference":{"reference":"StructureDefinition/PhrMedication"},"name":"PhrMedication","description":"Standard PHR profile of the Medication resource.","exampleBoolean":false,"groupingId":"-str-profile"},{"extension":[{"url":"http://hl7.org/fhir/StructureDefinition/implementationguide-page","valueUri":"StructureDefinition-PhrMedicationStatement.html"}],"reference":{"reference":"StructureDefinition/PhrMedicationStatement"},"name":"PhrMedicationStatement","description":"Standard PHR profile of the MedicationStatement resource.","exampleBoolean":false,"groupingId":"-str-profile"},{"extension":[{"url":"http://hl7.org/fhir/StructureDefinition/implementationguide-page","valueUri":"StructureDefinition-PhrMolecularSequence.html"}],"reference":{"reference":"StructureDefinition/PhrMolecularSequence"},"name":"PhrMolecularSequence","description":"Standard PHR profile of the MolecularSequence resource.","exampleBoolean":false,"groupingId":"-str-profile"},{"extension":[{"url":"http://hl7.org/fhir/StructureDefinition/implementationguide-page","valueUri":"StructureDefinition-PhrObservation.html"}],"reference":{"reference":"StructureDefinition/PhrObservation"},"name":"PhrObservation","description":"Standard PHR profile of the Observation resource.","exampleBoolean":false,"groupingId":"-str-profile"},{"extension":[{"url":"http://hl7.org/fhir/StructureDefinition/implementationguide-page","valueUri":"StructureDefinition-PhrPatient.html"}],"reference":{"reference":"StructureDefinition/PhrPatient"},"name":"PhrPatient","description":"Standard PHR profile of the Patient resource.","exampleBoolean":false,"groupingId":"-str-profile"},{"extension":[{"url":"http://hl7.org/fhir/StructureDefinition/implementationguide-page","valueUri":"StructureDefinition-PhrPractitioner.html"}],"reference":{"reference":"StructureDefinition/PhrPractitioner"},"name":"PhrPractitioner","description":"Standard PHR profile of the Practitioner resource.","exampleBoolean":false,"groupingId":"-str-profile"},{"extension":[{"url":"http://hl7.org/fhir/StructureDefinition/implementationguide-page","valueUri":"StructureDefinition-PhrProcedure.html"}],"reference":{"reference":"StructureDefinition/PhrProcedure"},"name":"PhrProcedure","description":"Standard PHR profile of the Procedure resource.","exampleBoolean":false,"groupingId":"-str-profile"},{"extension":[{"url":"http://hl7.org/fhir/StructureDefinition/implementationguide-page","valueUri":"StructureDefinition-PhrRelatedPerson.html"}],"reference":{"reference":"StructureDefinition/PhrRelatedPerson"},"name":"PhrRelatedPerson","description":"Standard PHR profile of the RelatedPerson resource.","exampleBoolean":false,"groupingId":"-str-profile"},{"extension":[{"url":"http://hl7.org/fhir/StructureDefinition/implementationguide-page","valueUri":"StructureDefinition-PhrSpecimen.html"}],"reference":{"reference":"StructureDefinition/PhrSpecimen"},"name":"PhrSpecimen","description":"Standard PHR profile of the Specimen resource.","exampleBoolean":false,"groupingId":"-str-profile"},{"extension":[{"url":"http://hl7.org/fhir/StructureDefinition/implementationguide-page","valueUri":"StructureDefinition-Environmental.html"}],"reference":{"reference":"StructureDefinition/Environmental"},"name":"Environmental","description":"Standard PHR profile of the Environmental resource.","exampleBoolean":false,"groupingId":"-str-logicalmodel"},{"extension":[{"url":"http://hl7.org/fhir/StructureDefinition/implementationguide-page","valueUri":"StructureDefinition-HealthReceipt.html"}],"reference":{"reference":"StructureDefinition/HealthReceipt"},"name":"HealthReceipt","description":"Standard PHR profile of the HealthReceipt resource.","exampleBoolean":false,"groupingId":"-str-logicalmodel"},{"extension":[{"url":"http://hl7.org/fhir/StructureDefinition/implementationguide-page","valueUri":"StructureDefinition-NutrientIntake.html"}],"reference":{"reference":"StructureDefinition/NutrientIntake"},"name":"NutrientIntake","description":"Standard PHR profile of the NutrientIntake resource.","exampleBoolean":false,"groupingId":"-str-logicalmodel"},{"extension":[{"url":"http://hl7.org/fhir/StructureDefinition/implementationguide-page","valueUri":"StructureDefinition-NutrientOuttake.html"}],"reference":{"reference":"StructureDefinition/NutrientOuttake"},"name":"NutrientOuttake","description":"Standard PHR profile of the NutrientOuttake resource.","exampleBoolean":false,"groupingId":"-str-logicalmodel"},{"extension":[{"url":"http://hl7.org/fhir/StructureDefinition/implementationguide-page","valueUri":"StructureDefinition-SocialMedia.html"}],"reference":{"reference":"StructureDefinition/SocialMedia"},"name":"SocialMedia","description":"Standard PHR profile of the SocialMedia resource.","exampleBoolean":false,"groupingId":"-str-logicalmodel"},{"extension":[{"url":"http://hl7.org/fhir/StructureDefinition/implementationguide-page","valueUri":"BodyStructure-BodyStructureExample.html"}],"reference":{"reference":"BodyStructure/BodyStructureExample"},"name":"BodyStructureExample","description":"An example of a BodyStructure .","exampleCanonical":"https://gitlab.mitre.org/awatson/sphr/StructureDefinition/PhrBodyStructure","groupingId":"-ex-example"},{"extension":[{"url":"http://hl7.org/fhir/StructureDefinition/implementationguide-page","valueUri":"Composition-Care-Plan-Example.html"}],"reference":{"reference":"Composition/Care-Plan-Example"},"name":"Care-Plan-Example","exampleBoolean":true,"groupingId":"-ex-example"},{"extension":[{"url":"http://hl7.org/fhir/StructureDefinition/implementationguide-page","valueUri":"CarePlan-CarePlanExample.html"}],"reference":{"reference":"CarePlan/CarePlanExample"},"name":"CarePlanExample","description":"An example of a CarePlan .","exampleCanonical":"https://gitlab.mitre.org/awatson/sphr/StructureDefinition/PhrCarePlan","groupingId":"-ex-example"},{"extension":[{"url":"http://hl7.org/fhir/StructureDefinition/implementationguide-page","valueUri":"CareTeam-CareTeamExample.html"}],"reference":{"reference":"CareTeam/CareTeamExample"},"name":"CareTeamExample","description":"An example of a CareTeam .","exampleCanonical":"https://gitlab.mitre.org/awatson/sphr/StructureDefinition/PhrCareTeam","groupingId":"-ex-example"},{"extension":[{"url":"http://hl7.org/fhir/StructureDefinition/implementationguide-page","valueUri":"Communication-CommunicationExample.html"}],"reference":{"reference":"Communication/CommunicationExample"},"name":"CommunicationExample","description":"An example of a Communication .","exampleCanonical":"https://gitlab.mitre.org/awatson/sphr/StructureDefinition/PhrCommunication","groupingId":"-ex-example"},{"extension":[{"url":"http://hl7.org/fhir/StructureDefinition/implementationguide-page","valueUri":"Consent-ConsentExample.html"}],"reference":{"reference":"Consent/ConsentExample"},"name":"ConsentExample","description":"An example of a Consent .","exampleCanonical":"https://gitlab.mitre.org/awatson/sphr/StructureDefinition/PhrConsent","groupingId":"-ex-example"},{"extension":[{"url":"http://hl7.org/fhir/StructureDefinition/implementationguide-page","valueUri":"Composition-Consultation-Note-Example.html"}],"reference":{"reference":"Composition/Consultation-Note-Example"},"name":"Consultation-Note-Example","exampleBoolean":true,"groupingId":"-ex-example"},{"extension":[{"url":"http://hl7.org/fhir/StructureDefinition/implementationguide-page","valueUri":"Composition-Continuity-of-Care-Document-Example.html"}],"reference":{"reference":"Composition/Continuity-of-Care-Document-Example"},"name":"Continuity-of-Care-Document-Example","exampleBoolean":true,"groupingId":"-ex-example"},{"extension":[{"url":"http://hl7.org/fhir/StructureDefinition/implementationguide-page","valueUri":"Device-DeviceExample.html"}],"reference":{"reference":"Device/DeviceExample"},"name":"DeviceExample","description":"An example of a Device .","exampleCanonical":"https://gitlab.mitre.org/awatson/sphr/StructureDefinition/PhrDevice","groupingId":"-ex-example"},{"extension":[{"url":"http://hl7.org/fhir/StructureDefinition/implementationguide-page","valueUri":"Composition-Diagnostic-Imaging-Report-Example.html"}],"reference":{"reference":"Composition/Diagnostic-Imaging-Report-Example"},"name":"Diagnostic-Imaging-Report-Example","exampleBoolean":true,"groupingId":"-ex-example"},{"extension":[{"url":"http://hl7.org/fhir/StructureDefinition/implementationguide-page","valueUri":"DiagnosticReport-DiagnosticReportExample.html"}],"reference":{"reference":"DiagnosticReport/DiagnosticReportExample"},"name":"DiagnosticReportExample","description":"An example of a DiagnosticReport .","exampleCanonical":"https://gitlab.mitre.org/awatson/sphr/StructureDefinition/PhrDiagnosticReport","groupingId":"-ex-example"},{"extension":[{"url":"http://hl7.org/fhir/StructureDefinition/implementationguide-page","valueUri":"Composition-Discharge-Summary-Example.html"}],"reference":{"reference":"Composition/Discharge-Summary-Example"},"name":"Discharge-Summary-Example","exampleBoolean":true,"groupingId":"-ex-example"},{"extension":[{"url":"http://hl7.org/fhir/StructureDefinition/implementationguide-page","valueUri":"FamilyMemberHistory-FamilyMemberHistoryExample.html"}],"reference":{"reference":"FamilyMemberHistory/FamilyMemberHistoryExample"},"name":"FamilyMemberHistoryExample","description":"An example of a FamilyMemberHistory .","exampleCanonical":"https://gitlab.mitre.org/awatson/sphr/StructureDefinition/PhrFamilyMemberHistory","groupingId":"-ex-example"},{"extension":[{"url":"http://hl7.org/fhir/StructureDefinition/implementationguide-page","valueUri":"Composition-History-and-Physical-Example.html"}],"reference":{"reference":"Composition/History-and-Physical-Example"},"name":"History-and-Physical-Example","exampleBoolean":true,"groupingId":"-ex-example"},{"extension":[{"url":"http://hl7.org/fhir/StructureDefinition/implementationguide-page","valueUri":"Condition-JohnDoe-diabetes.html"}],"reference":{"reference":"Condition/JohnDoe-diabetes"},"name":"JohnDoe-diabetes","description":"John Doe - Condition - Diabetes","exampleBoolean":true,"groupingId":"-ex-example"},{"extension":[{"url":"http://hl7.org/fhir/StructureDefinition/implementationguide-page","valueUri":"Encounter-JohnDoe-diabetesOnset.html"}],"reference":{"reference":"Encounter/JohnDoe-diabetesOnset"},"name":"JohnDoe-diabetesOnset","description":"John Doe - Encounter - Diabetes diagnosis","exampleBoolean":true,"groupingId":"-ex-example"},{"extension":[{"url":"http://hl7.org/fhir/StructureDefinition/implementationguide-page","valueUri":"Bundle-Medication-Metformin.html"}],"reference":{"reference":"Bundle/Medication-Metformin"},"name":"Medication-Metformin","exampleBoolean":true,"groupingId":"-ex-example"},{"extension":[{"url":"http://hl7.org/fhir/StructureDefinition/implementationguide-page","valueUri":"Bundle-ObservationsBundle1.html"}],"reference":{"reference":"Bundle/ObservationsBundle1"},"name":"ObservationsBundle1","exampleBoolean":true,"groupingId":"-ex-example"},{"extension":[{"url":"http://hl7.org/fhir/StructureDefinition/implementationguide-page","valueUri":"Composition-Operative-Note-Example.html"}],"reference":{"reference":"Composition/Operative-Note-Example"},"name":"Operative-Note-Example","exampleBoolean":true,"groupingId":"-ex-example"},{"extension":[{"url":"http://hl7.org/fhir/StructureDefinition/implementationguide-page","valueUri":"Bundle-PractitionersBundle1.html"}],"reference":{"reference":"Bundle/PractitionersBundle1"},"name":"PractitionersBundle1","exampleBoolean":true,"groupingId":"-ex-example"},{"extension":[{"url":"http://hl7.org/fhir/StructureDefinition/implementationguide-page","valueUri":"Composition-Procedure-Note-Example.html"}],"reference":{"reference":"Composition/Procedure-Note-Example"},"name":"Procedure-Note-Example","exampleBoolean":true,"groupingId":"-ex-example"},{"extension":[{"url":"http://hl7.org/fhir/StructureDefinition/implementationguide-page","valueUri":"Composition-Progress-Note-Example.html"}],"reference":{"reference":"Composition/Progress-Note-Example"},"name":"Progress-Note-Example","exampleBoolean":true,"groupingId":"-ex-example"},{"extension":[{"url":"http://hl7.org/fhir/StructureDefinition/implementationguide-page","valueUri":"Composition-Referral-Note-Example.html"}],"reference":{"reference":"Composition/Referral-Note-Example"},"name":"Referral-Note-Example","exampleBoolean":true,"groupingId":"-ex-example"},{"extension":[{"url":"http://hl7.org/fhir/StructureDefinition/implementationguide-page","valueUri":"RelatedPerson-RelatedPersonExample.html"}],"reference":{"reference":"RelatedPerson/RelatedPersonExample"},"name":"RelatedPersonExample","description":"An example of a RelatedPerson .","exampleCanonical":"https://gitlab.mitre.org/awatson/sphr/StructureDefinition/PhrRelatedPerson","groupingId":"-ex-example"},{"extension":[{"url":"http://hl7.org/fhir/StructureDefinition/implementationguide-page","valueUri":"Specimen-SpecimenExample.html"}],"reference":{"reference":"Specimen/SpecimenExample"},"name":"SpecimenExample","description":"An example of a Specimen .","exampleCanonical":"https://gitlab.mitre.org/awatson/sphr/StructureDefinition/PhrSpecimen","groupingId":"-ex-example"},{"extension":[{"url":"http://hl7.org/fhir/StructureDefinition/implementationguide-page","valueUri":"Composition-Transfer-Summary-Example.html"}],"reference":{"reference":"Composition/Transfer-Summary-Example"},"name":"Transfer-Summary-Example","exampleBoolean":true,"groupingId":"-ex-example"},{"extension":[{"url":"http://hl7.org/fhir/StructureDefinition/implementationguide-page","valueUri":"AllergyIntolerance-allergy-intolerance.html"}],"reference":{"reference":"AllergyIntolerance/allergy-intolerance"},"name":"allergy-intolerance","exampleBoolean":true,"groupingId":"-ex-example"},{"extension":[{"url":"http://hl7.org/fhir/StructureDefinition/implementationguide-page","valueUri":"Immunization-immunization.html"}],"reference":{"reference":"Immunization/immunization"},"name":"immunization","exampleBoolean":true,"groupingId":"-ex-example"},{"extension":[{"url":"http://hl7.org/fhir/StructureDefinition/implementationguide-page","valueUri":"Patient-john-doe.html"}],"reference":{"reference":"Patient/john-doe"},"name":"john-doe","exampleBoolean":true,"groupingId":"-ex-example"},{"extension":[{"url":"http://hl7.org/fhir/StructureDefinition/implementationguide-page","valueUri":"MedicationStatement-medication-statement.html"}],"reference":{"reference":"MedicationStatement/medication-statement"},"name":"medication-statement","exampleBoolean":true,"groupingId":"-ex-example"},{"extension":[{"url":"http://hl7.org/fhir/StructureDefinition/implementationguide-page","valueUri":"Observation-observation-lab-urine.html"}],"reference":{"reference":"Observation/observation-lab-urine"},"name":"observation-lab-urine","exampleBoolean":true,"groupingId":"-ex-example"},{"extension":[{"url":"http://hl7.org/fhir/StructureDefinition/implementationguide-page","valueUri":"Observation-observation-smoker.html"}],"reference":{"reference":"Observation/observation-smoker"},"name":"observation-smoker","exampleBoolean":true,"groupingId":"-ex-example"},{"extension":[{"url":"http://hl7.org/fhir/StructureDefinition/implementationguide-page","valueUri":"Observation-observation-vitals-temp.html"}],"reference":{"reference":"Observation/observation-vitals-temp"},"name":"observation-vitals-temp","exampleBoolean":true,"groupingId":"-ex-example"},{"extension":[{"url":"http://hl7.org/fhir/StructureDefinition/implementationguide-page","valueUri":"Organization-organization-1.html"}],"reference":{"reference":"Organization/organization-1"},"name":"organization-1","exampleBoolean":true,"groupingId":"-ex-example"},{"extension":[{"url":"http://hl7.org/fhir/StructureDefinition/implementationguide-page","valueUri":"Procedure-procedure-rehab.html"}],"reference":{"reference":"Procedure/procedure-rehab"},"name":"procedure-rehab","exampleBoolean":true,"groupingId":"-ex-example"},{"extension":[{"url":"http://hl7.org/fhir/StructureDefinition/implementationguide-page","valueUri":"Bundle-undefined.html"}],"reference":{"reference":"Bundle/undefined"},"name":"undefined","exampleBoolean":true,"groupingId":"-ex-example"}],"page":{"nameUrl":"toc.html","title":"Table of Contents","generation":"html","page":[{"nameUrl":"index.html","title":"Getting Started","generation":"markdown"},{"nameUrl":"usecases.html","title":"Accessibility Use Cases","generation":"markdown"},{"nameUrl":"datamodel.html","title":"Data Model","generation":"markdown"},{"nameUrl":"datastorage.html","title":"Storage","generation":"markdown"},{"nameUrl":"functionality.html","title":"Functionality","generation":"markdown"},{"nameUrl":"physiology.html","title":"Physiology Simulations","generation":"markdown"},{"nameUrl":"personas.html","title":"Patient Personas","generation":"markdown"},{"nameUrl":"artifacts.html","title":"Artifacts Summary","generation":"html","page":[{"nameUrl":"StructureDefinition-Environmental.html","title":"Environmental","generation":"generated"},{"nameUrl":"StructureDefinition-HealthReceipt.html","title":"HealthReceipt","generation":"generated"},{"nameUrl":"StructureDefinition-NutrientIntake.html","title":"NutrientIntake","generation":"generated"},{"nameUrl":"StructureDefinition-NutrientOuttake.html","title":"NutrientOuttake","generation":"generated"},{"nameUrl":"StructureDefinition-SocialMedia.html","title":"SocialMedia","generation":"generated"},{"nameUrl":"StructureDefinition-PhrAllergyIntolerance.html","title":"PhrAllergyIntolerance","generation":"generated"},{"nameUrl":"StructureDefinition-PhrBodyStructure.html","title":"PhrBodyStructure","generation":"generated"},{"nameUrl":"StructureDefinition-PhrCarePlan.html","title":"PhrCarePlan","generation":"generated"},{"nameUrl":"StructureDefinition-PhrCareTeam.html","title":"PhrCareTeam","generation":"generated"},{"nameUrl":"StructureDefinition-PhrCommunication.html","title":"PhrCommunication","generation":"generated"},{"nameUrl":"StructureDefinition-PhrCondition.html","title":"PhrCondition","generation":"generated"},{"nameUrl":"StructureDefinition-PhrConsent.html","title":"PhrConsent","generation":"generated"},{"nameUrl":"StructureDefinition-PhrDevice.html","title":"PhrDevice","generation":"generated"},{"nameUrl":"StructureDefinition-PhrDiagnosticReport.html","title":"PhrDiagnosticReport","generation":"generated"},{"nameUrl":"StructureDefinition-PhrFamilyMemberHistory.html","title":"PhrFamilyMemberHistory","generation":"generated"},{"nameUrl":"StructureDefinition-PhrGoal.html","title":"PhrGoal","generation":"generated"},{"nameUrl":"StructureDefinition-PhrImmunization.html","title":"PhrImmunization","generation":"generated"},{"nameUrl":"StructureDefinition-PhrMedication.html","title":"PhrMedication","generation":"generated"},{"nameUrl":"StructureDefinition-PhrMedicationStatement.html","title":"PhrMedicationStatement","generation":"generated"},{"nameUrl":"StructureDefinition-PhrMolecularSequence.html","title":"PhrMolecularSequence","generation":"generated"},{"nameUrl":"StructureDefinition-PhrObservation.html","title":"PhrObservation","generation":"generated"},{"nameUrl":"StructureDefinition-PhrPatient.html","title":"PhrPatient","generation":"generated"},{"nameUrl":"StructureDefinition-PhrPractitioner.html","title":"PhrPractitioner","generation":"generated"},{"nameUrl":"StructureDefinition-PhrProcedure.html","title":"PhrProcedure","generation":"generated"},{"nameUrl":"StructureDefinition-PhrRelatedPerson.html","title":"PhrRelatedPerson","generation":"generated"},{"nameUrl":"StructureDefinition-PhrSpecimen.html","title":"PhrSpecimen","generation":"generated"},{"nameUrl":"BodyStructure-BodyStructureExample.html","title":"BodyStructureExample","generation":"generated"},{"nameUrl":"Composition-Care-Plan-Example.html","title":"Care-Plan-Example","generation":"generated"},{"nameUrl":"CarePlan-CarePlanExample.html","title":"CarePlanExample","generation":"generated"},{"nameUrl":"CareTeam-CareTeamExample.html","title":"CareTeamExample","generation":"generated"},{"nameUrl":"Communication-CommunicationExample.html","title":"CommunicationExample","generation":"generated"},{"nameUrl":"Consent-ConsentExample.html","title":"ConsentExample","generation":"generated"},{"nameUrl":"Composition-Consultation-Note-Example.html","title":"Consultation-Note-Example","generation":"generated"},{"nameUrl":"Composition-Continuity-of-Care-Document-Example.html","title":"Continuity-of-Care-Document-Example","generation":"generated"},{"nameUrl":"Device-DeviceExample.html","title":"DeviceExample","generation":"generated"},{"nameUrl":"Composition-Diagnostic-Imaging-Report-Example.html","title":"Diagnostic-Imaging-Report-Example","generation":"generated"},{"nameUrl":"DiagnosticReport-DiagnosticReportExample.html","title":"DiagnosticReportExample","generation":"generated"},{"nameUrl":"Composition-Discharge-Summary-Example.html","title":"Discharge-Summary-Example","generation":"generated"},{"nameUrl":"FamilyMemberHistory-FamilyMemberHistoryExample.html","title":"FamilyMemberHistoryExample","generation":"generated"},{"nameUrl":"Composition-History-and-Physical-Example.html","title":"History-and-Physical-Example","generation":"generated"},{"nameUrl":"Condition-JohnDoe-diabetes.html","title":"JohnDoe-diabetes","generation":"generated"},{"nameUrl":"Encounter-JohnDoe-diabetesOnset.html","title":"JohnDoe-diabetesOnset","generation":"generated"},{"nameUrl":"Bundle-Medication-Metformin.html","title":"Medication-Metformin","generation":"generated"},{"nameUrl":"Bundle-ObservationsBundle1.html","title":"ObservationsBundle1","generation":"generated"},{"nameUrl":"Composition-Operative-Note-Example.html","title":"Operative-Note-Example","generation":"generated"},{"nameUrl":"Bundle-PractitionersBundle1.html","title":"PractitionersBundle1","generation":"generated"},{"nameUrl":"Composition-Procedure-Note-Example.html","title":"Procedure-Note-Example","generation":"generated"},{"nameUrl":"Composition-Progress-Note-Example.html","title":"Progress-Note-Example","generation":"generated"},{"nameUrl":"Composition-Referral-Note-Example.html","title":"Referral-Note-Example","generation":"generated"},{"nameUrl":"RelatedPerson-RelatedPersonExample.html","title":"RelatedPersonExample","generation":"generated"},{"nameUrl":"Specimen-SpecimenExample.html","title":"SpecimenExample","generation":"generated"},{"nameUrl":"Composition-Transfer-Summary-Example.html","title":"Transfer-Summary-Example","generation":"generated"},{"nameUrl":"AllergyIntolerance-allergy-intolerance.html","title":"allergy-intolerance","generation":"generated"},{"nameUrl":"Immunization-immunization.html","title":"immunization","generation":"generated"},{"nameUrl":"Patient-john-doe.html","title":"john-doe","generation":"generated"},{"nameUrl":"MedicationStatement-medication-statement.html","title":"medication-statement","generation":"generated"},{"nameUrl":"Observation-observation-lab-urine.html","title":"observation-lab-urine","generation":"generated"},{"nameUrl":"Observation-observation-smoker.html","title":"observation-smoker","generation":"generated"},{"nameUrl":"Observation-observation-vitals-temp.html","title":"observation-vitals-temp","generation":"generated"},{"nameUrl":"Organization-organization-1.html","title":"organization-1","generation":"generated"},{"nameUrl":"Procedure-procedure-rehab.html","title":"procedure-rehab","generation":"generated"},{"nameUrl":"Bundle-undefined.html","title":"undefined","generation":"generated"}]}]},"parameter":[{"code":"path-resource","value":"input/capabilities"},{"code":"path-resource","value":"input/examples"},{"code":"path-resource","value":"input/extensions"},{"code":"path-resource","value":"input/models"},{"code":"path-resource","value":"input/operations"},{"code":"path-resource","value":"input/profiles"},{"code":"path-resource","value":"input/resources"},{"code":"path-resource","value":"input/vocabulary"},{"code":"path-resource","value":"input/maps"},{"code":"path-resource","value":"input/testing"},{"code":"path-resource","value":"input/history"},{"code":"path-resource","value":"fsh-generated/resources"},{"code":"path-pages","value":"template/config"},{"code":"path-pages","value":"input/images"},{"code":"path-tx-cache","value":"input-cache/txcache"}]}}