{"resourceType":"ImplementationGuide","id":"StandardPersonalHealthRecordIG","text":{"status":"extensions","div":"<div xmlns=\"http://www.w3.org/1999/xhtml\"><h2>StandardPersonalHealthRecordIG</h2><p>The official URL for this implementation guide is: </p><pre>https://gitlab.mitre.org/awatson/sphr/ImplementationGuide/StandardPersonalHealthRecordIG</pre></div>"},"url":"https://gitlab.mitre.org/awatson/sphr/ImplementationGuide/StandardPersonalHealthRecordIG","version":"0.2.1","name":"StandardPersonalHealthRecordIG","status":"draft","date":"2022-03-07T22:25:08-06:00","publisher":"MITRE","contact":[{"name":"MITRE","telecom":[{"system":"url","value":"https://gitlab.mitre.org/awatson/sphr"}]}],"packageId":"StandardPersonalHealthRecordIG","license":"CC0-1.0","fhirVersion":["4.0.1"],"definition":{"extension":[{"extension":[{"url":"code","valueString":"copyrightyear"},{"url":"value","valueString":"2022+"}],"url":"http://hl7.org/fhir/tools/StructureDefinition/ig-parameter"},{"extension":[{"url":"code","valueString":"releaselabel"},{"url":"value","valueString":"ci-build"}],"url":"http://hl7.org/fhir/tools/StructureDefinition/ig-parameter"},{"extension":[{"url":"code","valueString":"path-liquid"},{"url":"value","valueString":"template/liquid"}],"url":"http://hl7.org/fhir/tools/StructureDefinition/ig-parameter"},{"extension":[{"url":"code","valueString":"path-liquid"},{"url":"value","valueString":"input/liquid"}],"url":"http://hl7.org/fhir/tools/StructureDefinition/ig-parameter"},{"extension":[{"url":"code","valueString":"path-qa"},{"url":"value","valueString":"temp/qa"}],"url":"http://hl7.org/fhir/tools/StructureDefinition/ig-parameter"},{"extension":[{"url":"code","valueString":"path-temp"},{"url":"value","valueString":"temp/pages"}],"url":"http://hl7.org/fhir/tools/StructureDefinition/ig-parameter"},{"extension":[{"url":"code","valueString":"path-output"},{"url":"value","valueString":"output"}],"url":"http://hl7.org/fhir/tools/StructureDefinition/ig-parameter"},{"extension":[{"url":"code","valueString":"path-suppressed-warnings"},{"url":"value","valueString":"input/ignoreWarnings.txt"}],"url":"http://hl7.org/fhir/tools/StructureDefinition/ig-parameter"},{"extension":[{"url":"code","valueString":"path-history"},{"url":"value","valueString":"https://gitlab.mitre.org/awatson/sphr/history.html"}],"url":"http://hl7.org/fhir/tools/StructureDefinition/ig-parameter"},{"extension":[{"url":"code","valueString":"template-html"},{"url":"value","valueString":"template-page.html"}],"url":"http://hl7.org/fhir/tools/StructureDefinition/ig-parameter"},{"extension":[{"url":"code","valueString":"template-md"},{"url":"value","valueString":"template-page-md.html"}],"url":"http://hl7.org/fhir/tools/StructureDefinition/ig-parameter"},{"extension":[{"url":"code","valueString":"apply-contact"},{"url":"value","valueString":"true"}],"url":"http://hl7.org/fhir/tools/StructureDefinition/ig-parameter"},{"extension":[{"url":"code","valueString":"apply-context"},{"url":"value","valueString":"true"}],"url":"http://hl7.org/fhir/tools/StructureDefinition/ig-parameter"},{"extension":[{"url":"code","valueString":"apply-copyright"},{"url":"value","valueString":"true"}],"url":"http://hl7.org/fhir/tools/StructureDefinition/ig-parameter"},{"extension":[{"url":"code","valueString":"apply-jurisdiction"},{"url":"value","valueString":"true"}],"url":"http://hl7.org/fhir/tools/StructureDefinition/ig-parameter"},{"extension":[{"url":"code","valueString":"apply-license"},{"url":"value","valueString":"true"}],"url":"http://hl7.org/fhir/tools/StructureDefinition/ig-parameter"},{"extension":[{"url":"code","valueString":"apply-publisher"},{"url":"value","valueString":"true"}],"url":"http://hl7.org/fhir/tools/StructureDefinition/ig-parameter"},{"extension":[{"url":"code","valueString":"apply-version"},{"url":"value","valueString":"true"}],"url":"http://hl7.org/fhir/tools/StructureDefinition/ig-parameter"},{"extension":[{"url":"code","valueString":"active-tables"},{"url":"value","valueString":"true"}],"url":"http://hl7.org/fhir/tools/StructureDefinition/ig-parameter"},{"extension":[{"url":"code","valueString":"fmm-definition"},{"url":"value","valueString":"http://hl7.org/fhir/versions.html#maturity"}],"url":"http://hl7.org/fhir/tools/StructureDefinition/ig-parameter"},{"extension":[{"url":"code","valueString":"propagate-status"},{"url":"value","valueString":"true"}],"url":"http://hl7.org/fhir/tools/StructureDefinition/ig-parameter"}],"grouping":[{"id":"-str-logicalmodel","name":"Structures: Logical Models","description":"These define data models that represent the domain covered by this implementation guide in more business-friendly terms than the underlying FHIR resources."},{"id":"-str-profile","name":"Structures: Resource Profiles","description":"These define constraints on FHIR resources for systems conforming to this implementation guide"},{"id":"-ex-example","name":"Example: Example Instances","description":"These are example instances that show what data produced and consumed by systems conforming with this implementation guide might look like"}],"resource":[{"extension":[{"url":"http://hl7.org/fhir/StructureDefinition/implementationguide-page","valueUri":"StructureDefinition-MyAllergyIntolerance.html"}],"reference":{"reference":"StructureDefinition/MyAllergyIntolerance"},"name":"MyAllergyIntolerance","description":"An example profile of the AllergyIntolerance resource.","exampleBoolean":false,"groupingId":"-str-profile"},{"extension":[{"url":"http://hl7.org/fhir/StructureDefinition/implementationguide-page","valueUri":"StructureDefinition-MyBodyStructure.html"}],"reference":{"reference":"StructureDefinition/MyBodyStructure"},"name":"MyBodyStructure","description":"An example profile of the BodyStructure resource.","exampleBoolean":false,"groupingId":"-str-profile"},{"extension":[{"url":"http://hl7.org/fhir/StructureDefinition/implementationguide-page","valueUri":"StructureDefinition-MyCarePlan.html"}],"reference":{"reference":"StructureDefinition/MyCarePlan"},"name":"MyCarePlan","description":"An example profile of the CarePlan resource.","exampleBoolean":false,"groupingId":"-str-profile"},{"extension":[{"url":"http://hl7.org/fhir/StructureDefinition/implementationguide-page","valueUri":"StructureDefinition-MyCareTeam.html"}],"reference":{"reference":"StructureDefinition/MyCareTeam"},"name":"MyCareTeam","description":"An example profile of the CareTeam resource.","exampleBoolean":false,"groupingId":"-str-profile"},{"extension":[{"url":"http://hl7.org/fhir/StructureDefinition/implementationguide-page","valueUri":"StructureDefinition-MyCommunication.html"}],"reference":{"reference":"StructureDefinition/MyCommunication"},"name":"MyCommunication","description":"An example profile of the Communication resource.","exampleBoolean":false,"groupingId":"-str-profile"},{"extension":[{"url":"http://hl7.org/fhir/StructureDefinition/implementationguide-page","valueUri":"StructureDefinition-MyCondition.html"}],"reference":{"reference":"StructureDefinition/MyCondition"},"name":"MyCondition","description":"An example profile of the Condition resource.","exampleBoolean":false,"groupingId":"-str-profile"},{"extension":[{"url":"http://hl7.org/fhir/StructureDefinition/implementationguide-page","valueUri":"StructureDefinition-MyConsent.html"}],"reference":{"reference":"StructureDefinition/MyConsent"},"name":"MyConsent","description":"An example profile of the Consent resource.","exampleBoolean":false,"groupingId":"-str-profile"},{"extension":[{"url":"http://hl7.org/fhir/StructureDefinition/implementationguide-page","valueUri":"StructureDefinition-MyDevice.html"}],"reference":{"reference":"StructureDefinition/MyDevice"},"name":"MyDevice","description":"An example profile of the Device resource.","exampleBoolean":false,"groupingId":"-str-profile"},{"extension":[{"url":"http://hl7.org/fhir/StructureDefinition/implementationguide-page","valueUri":"StructureDefinition-MyDiagnosticReport.html"}],"reference":{"reference":"StructureDefinition/MyDiagnosticReport"},"name":"MyDiagnosticReport","description":"An example profile of the DiagnosticReport resource.","exampleBoolean":false,"groupingId":"-str-profile"},{"extension":[{"url":"http://hl7.org/fhir/StructureDefinition/implementationguide-page","valueUri":"StructureDefinition-MyFamilyMemberHistory.html"}],"reference":{"reference":"StructureDefinition/MyFamilyMemberHistory"},"name":"MyFamilyMemberHistory","description":"An example profile of the FamilyMemberHistory resource.","exampleBoolean":false,"groupingId":"-str-profile"},{"extension":[{"url":"http://hl7.org/fhir/StructureDefinition/implementationguide-page","valueUri":"StructureDefinition-MyGoal.html"}],"reference":{"reference":"StructureDefinition/MyGoal"},"name":"MyGoal","description":"An example profile of the Goal resource.","exampleBoolean":false,"groupingId":"-str-profile"},{"extension":[{"url":"http://hl7.org/fhir/StructureDefinition/implementationguide-page","valueUri":"StructureDefinition-MyImmunization.html"}],"reference":{"reference":"StructureDefinition/MyImmunization"},"name":"MyImmunization","description":"An example profile of the Immunization resource.","exampleBoolean":false,"groupingId":"-str-profile"},{"extension":[{"url":"http://hl7.org/fhir/StructureDefinition/implementationguide-page","valueUri":"StructureDefinition-MyMedication.html"}],"reference":{"reference":"StructureDefinition/MyMedication"},"name":"MyMedication","description":"An example profile of the Medication resource.","exampleBoolean":false,"groupingId":"-str-profile"},{"extension":[{"url":"http://hl7.org/fhir/StructureDefinition/implementationguide-page","valueUri":"StructureDefinition-MyMedicationStatement.html"}],"reference":{"reference":"StructureDefinition/MyMedicationStatement"},"name":"MyMedicationStatement","description":"An example profile of the MedicationStatement resource.","exampleBoolean":false,"groupingId":"-str-profile"},{"extension":[{"url":"http://hl7.org/fhir/StructureDefinition/implementationguide-page","valueUri":"StructureDefinition-MyMolecularSequence.html"}],"reference":{"reference":"StructureDefinition/MyMolecularSequence"},"name":"MyMolecularSequence","description":"An example profile of the MolecularSequence resource.","exampleBoolean":false,"groupingId":"-str-profile"},{"extension":[{"url":"http://hl7.org/fhir/StructureDefinition/implementationguide-page","valueUri":"StructureDefinition-MyObservation.html"}],"reference":{"reference":"StructureDefinition/MyObservation"},"name":"MyObservation","description":"An example profile of the Observation resource.","exampleBoolean":false,"groupingId":"-str-profile"},{"extension":[{"url":"http://hl7.org/fhir/StructureDefinition/implementationguide-page","valueUri":"StructureDefinition-MyPatient.html"}],"reference":{"reference":"StructureDefinition/MyPatient"},"name":"MyPatient","description":"An example profile of the Patient resource.","exampleBoolean":false,"groupingId":"-str-profile"},{"extension":[{"url":"http://hl7.org/fhir/StructureDefinition/implementationguide-page","valueUri":"StructureDefinition-MyPractitioner.html"}],"reference":{"reference":"StructureDefinition/MyPractitioner"},"name":"MyPractitioner","description":"An example profile of the Practitioner resource.","exampleBoolean":false,"groupingId":"-str-profile"},{"extension":[{"url":"http://hl7.org/fhir/StructureDefinition/implementationguide-page","valueUri":"StructureDefinition-MyProcedure.html"}],"reference":{"reference":"StructureDefinition/MyProcedure"},"name":"MyProcedure","description":"An example profile of the Procedure resource.","exampleBoolean":false,"groupingId":"-str-profile"},{"extension":[{"url":"http://hl7.org/fhir/StructureDefinition/implementationguide-page","valueUri":"StructureDefinition-MyRelatedPerson.html"}],"reference":{"reference":"StructureDefinition/MyRelatedPerson"},"name":"MyRelatedPerson","description":"An example profile of the RelatedPerson resource.","exampleBoolean":false,"groupingId":"-str-profile"},{"extension":[{"url":"http://hl7.org/fhir/StructureDefinition/implementationguide-page","valueUri":"StructureDefinition-MySpecimen.html"}],"reference":{"reference":"StructureDefinition/MySpecimen"},"name":"MySpecimen","description":"An example profile of the Specimen resource.","exampleBoolean":false,"groupingId":"-str-profile"},{"extension":[{"url":"http://hl7.org/fhir/StructureDefinition/implementationguide-page","valueUri":"StructureDefinition-Environmental.html"}],"reference":{"reference":"StructureDefinition/Environmental"},"name":"Environmental","description":"An example profile of the Environmental resource.","exampleBoolean":false,"groupingId":"-str-logicalmodel"},{"extension":[{"url":"http://hl7.org/fhir/StructureDefinition/implementationguide-page","valueUri":"StructureDefinition-HealthReceipt.html"}],"reference":{"reference":"StructureDefinition/HealthReceipt"},"name":"HealthReceipt","description":"An example profile of the HealthReceipt resource.","exampleBoolean":false,"groupingId":"-str-logicalmodel"},{"extension":[{"url":"http://hl7.org/fhir/StructureDefinition/implementationguide-page","valueUri":"StructureDefinition-NutrientIntake.html"}],"reference":{"reference":"StructureDefinition/NutrientIntake"},"name":"NutrientIntake","description":"An example profile of the NutrientIntake resource.","exampleBoolean":false,"groupingId":"-str-logicalmodel"},{"extension":[{"url":"http://hl7.org/fhir/StructureDefinition/implementationguide-page","valueUri":"StructureDefinition-NutrientOuttake.html"}],"reference":{"reference":"StructureDefinition/NutrientOuttake"},"name":"NutrientOuttake","description":"An example profile of the NutrientOuttake resource.","exampleBoolean":false,"groupingId":"-str-logicalmodel"},{"extension":[{"url":"http://hl7.org/fhir/StructureDefinition/implementationguide-page","valueUri":"StructureDefinition-SocialMedia.html"}],"reference":{"reference":"StructureDefinition/SocialMedia"},"name":"SocialMedia","description":"An example profile of the SocialMedia resource.","exampleBoolean":false,"groupingId":"-str-logicalmodel"},{"extension":[{"url":"http://hl7.org/fhir/StructureDefinition/implementationguide-page","valueUri":"StructureDefinition-VitalSigns.html"}],"reference":{"reference":"StructureDefinition/VitalSigns"},"name":"VitalSigns","description":"An example profile of the VitalSigns resource.","exampleBoolean":false,"groupingId":"-str-logicalmodel"},{"extension":[{"url":"http://hl7.org/fhir/StructureDefinition/implementationguide-page","valueUri":"AllergyIntolerance-AllergyIntoleranceExample.html"}],"reference":{"reference":"AllergyIntolerance/AllergyIntoleranceExample"},"name":"AllergyIntoleranceExample","description":"An example of an AllergyIntolerance.","exampleCanonical":"https://gitlab.mitre.org/awatson/sphr/StructureDefinition/MyAllergyIntolerance","groupingId":"-ex-example"},{"extension":[{"url":"http://hl7.org/fhir/StructureDefinition/implementationguide-page","valueUri":"BodyStructure-BodyStructureExample.html"}],"reference":{"reference":"BodyStructure/BodyStructureExample"},"name":"BodyStructureExample","description":"An example of a BodyStructure .","exampleCanonical":"https://gitlab.mitre.org/awatson/sphr/StructureDefinition/MyBodyStructure","groupingId":"-ex-example"},{"extension":[{"url":"http://hl7.org/fhir/StructureDefinition/implementationguide-page","valueUri":"CarePlan-CarePlanExample.html"}],"reference":{"reference":"CarePlan/CarePlanExample"},"name":"CarePlanExample","description":"An example of a CarePlan .","exampleCanonical":"https://gitlab.mitre.org/awatson/sphr/StructureDefinition/MyCarePlan","groupingId":"-ex-example"},{"extension":[{"url":"http://hl7.org/fhir/StructureDefinition/implementationguide-page","valueUri":"CareTeam-CareTeamExample.html"}],"reference":{"reference":"CareTeam/CareTeamExample"},"name":"CareTeamExample","description":"An example of a CareTeam .","exampleCanonical":"https://gitlab.mitre.org/awatson/sphr/StructureDefinition/MyCareTeam","groupingId":"-ex-example"},{"extension":[{"url":"http://hl7.org/fhir/StructureDefinition/implementationguide-page","valueUri":"Communication-CommunicationExample.html"}],"reference":{"reference":"Communication/CommunicationExample"},"name":"CommunicationExample","description":"An example of a Communication .","exampleCanonical":"https://gitlab.mitre.org/awatson/sphr/StructureDefinition/MyCommunication","groupingId":"-ex-example"},{"extension":[{"url":"http://hl7.org/fhir/StructureDefinition/implementationguide-page","valueUri":"Condition-ConditionExample.html"}],"reference":{"reference":"Condition/ConditionExample"},"name":"ConditionExample","description":"An example of a Condition .","exampleCanonical":"https://gitlab.mitre.org/awatson/sphr/StructureDefinition/MyCondition","groupingId":"-ex-example"},{"extension":[{"url":"http://hl7.org/fhir/StructureDefinition/implementationguide-page","valueUri":"Consent-ConsentExample.html"}],"reference":{"reference":"Consent/ConsentExample"},"name":"ConsentExample","description":"An example of a Consent .","exampleCanonical":"https://gitlab.mitre.org/awatson/sphr/StructureDefinition/MyConsent","groupingId":"-ex-example"},{"extension":[{"url":"http://hl7.org/fhir/StructureDefinition/implementationguide-page","valueUri":"Device-DeviceExample.html"}],"reference":{"reference":"Device/DeviceExample"},"name":"DeviceExample","description":"An example of a Device .","exampleCanonical":"https://gitlab.mitre.org/awatson/sphr/StructureDefinition/MyDevice","groupingId":"-ex-example"},{"extension":[{"url":"http://hl7.org/fhir/StructureDefinition/implementationguide-page","valueUri":"DiagnosticReport-DiagnosticReportExample.html"}],"reference":{"reference":"DiagnosticReport/DiagnosticReportExample"},"name":"DiagnosticReportExample","description":"An example of a DiagnosticReport .","exampleCanonical":"https://gitlab.mitre.org/awatson/sphr/StructureDefinition/MyDiagnosticReport","groupingId":"-ex-example"},{"extension":[{"url":"http://hl7.org/fhir/StructureDefinition/implementationguide-page","valueUri":"FamilyMemberHistory-FamilyMemberHistoryExample.html"}],"reference":{"reference":"FamilyMemberHistory/FamilyMemberHistoryExample"},"name":"FamilyMemberHistoryExample","description":"An example of a FamilyMemberHistory .","exampleCanonical":"https://gitlab.mitre.org/awatson/sphr/StructureDefinition/MyFamilyMemberHistory","groupingId":"-ex-example"},{"extension":[{"url":"http://hl7.org/fhir/StructureDefinition/implementationguide-page","valueUri":"Goal-GoalExample.html"}],"reference":{"reference":"Goal/GoalExample"},"name":"GoalExample","description":"An example of a patient .","exampleCanonical":"https://gitlab.mitre.org/awatson/sphr/StructureDefinition/MyGoal","groupingId":"-ex-example"},{"extension":[{"url":"http://hl7.org/fhir/StructureDefinition/implementationguide-page","valueUri":"Immunization-ImmunizationExample.html"}],"reference":{"reference":"Immunization/ImmunizationExample"},"name":"ImmunizationExample","description":"An example of a Immunization .","exampleCanonical":"https://gitlab.mitre.org/awatson/sphr/StructureDefinition/MyImmunization","groupingId":"-ex-example"},{"extension":[{"url":"http://hl7.org/fhir/StructureDefinition/implementationguide-page","valueUri":"Medication-MedicationExample.html"}],"reference":{"reference":"Medication/MedicationExample"},"name":"MedicationExample","description":"An example of a Medication .","exampleCanonical":"https://gitlab.mitre.org/awatson/sphr/StructureDefinition/MyMedication","groupingId":"-ex-example"},{"extension":[{"url":"http://hl7.org/fhir/StructureDefinition/implementationguide-page","valueUri":"MedicationStatement-MedicationStatementExample.html"}],"reference":{"reference":"MedicationStatement/MedicationStatementExample"},"name":"MedicationStatementExample","description":"An example of a MedicationStatement .","exampleCanonical":"https://gitlab.mitre.org/awatson/sphr/StructureDefinition/MyMedicationStatement","groupingId":"-ex-example"},{"extension":[{"url":"http://hl7.org/fhir/StructureDefinition/implementationguide-page","valueUri":"Observation-ObservationExample.html"}],"reference":{"reference":"Observation/ObservationExample"},"name":"ObservationExample","description":"An example of a Observation .","exampleCanonical":"https://gitlab.mitre.org/awatson/sphr/StructureDefinition/MyObservation","groupingId":"-ex-example"},{"extension":[{"url":"http://hl7.org/fhir/StructureDefinition/implementationguide-page","valueUri":"Patient-PatientExample.html"}],"reference":{"reference":"Patient/PatientExample"},"name":"PatientExample","description":"An example of a patient .","exampleCanonical":"https://gitlab.mitre.org/awatson/sphr/StructureDefinition/MyPatient","groupingId":"-ex-example"},{"extension":[{"url":"http://hl7.org/fhir/StructureDefinition/implementationguide-page","valueUri":"Practitioner-PractitionerExample.html"}],"reference":{"reference":"Practitioner/PractitionerExample"},"name":"PractitionerExample","description":"An example of a Practitioner .","exampleCanonical":"https://gitlab.mitre.org/awatson/sphr/StructureDefinition/MyPractitioner","groupingId":"-ex-example"},{"extension":[{"url":"http://hl7.org/fhir/StructureDefinition/implementationguide-page","valueUri":"Procedure-ProcedureExample.html"}],"reference":{"reference":"Procedure/ProcedureExample"},"name":"ProcedureExample","description":"An example of a Procedure .","exampleCanonical":"https://gitlab.mitre.org/awatson/sphr/StructureDefinition/MyProcedure","groupingId":"-ex-example"},{"extension":[{"url":"http://hl7.org/fhir/StructureDefinition/implementationguide-page","valueUri":"RelatedPerson-RelatedPersonExample.html"}],"reference":{"reference":"RelatedPerson/RelatedPersonExample"},"name":"RelatedPersonExample","description":"An example of a RelatedPerson .","exampleCanonical":"https://gitlab.mitre.org/awatson/sphr/StructureDefinition/MyRelatedPerson","groupingId":"-ex-example"},{"extension":[{"url":"http://hl7.org/fhir/StructureDefinition/implementationguide-page","valueUri":"Specimen-SpecimenExample.html"}],"reference":{"reference":"Specimen/SpecimenExample"},"name":"SpecimenExample","description":"An example of a Specimen .","exampleCanonical":"https://gitlab.mitre.org/awatson/sphr/StructureDefinition/MySpecimen","groupingId":"-ex-example"}],"page":{"nameUrl":"toc.html","title":"Table of Contents","generation":"html","page":[{"nameUrl":"index.html","title":"Getting Started","generation":"markdown"},{"nameUrl":"usecases.html","title":"Accessibility Use Cases","generation":"markdown"},{"nameUrl":"datamodel.html","title":"Data Model","generation":"markdown"},{"nameUrl":"datastorage.html","title":"Storage","generation":"markdown"},{"nameUrl":"physiology.html","title":"Physiology Simulations","generation":"markdown"},{"nameUrl":"artifacts.html","title":"Artifacts Summary","generation":"html","page":[{"nameUrl":"StructureDefinition-Environmental.html","title":"Environmental","generation":"generated"},{"nameUrl":"StructureDefinition-HealthReceipt.html","title":"HealthReceipt","generation":"generated"},{"nameUrl":"StructureDefinition-NutrientIntake.html","title":"NutrientIntake","generation":"generated"},{"nameUrl":"StructureDefinition-NutrientOuttake.html","title":"NutrientOuttake","generation":"generated"},{"nameUrl":"StructureDefinition-SocialMedia.html","title":"SocialMedia","generation":"generated"},{"nameUrl":"StructureDefinition-VitalSigns.html","title":"VitalSigns","generation":"generated"},{"nameUrl":"StructureDefinition-MyAllergyIntolerance.html","title":"MyAllergyIntolerance","generation":"generated"},{"nameUrl":"StructureDefinition-MyBodyStructure.html","title":"MyBodyStructure","generation":"generated"},{"nameUrl":"StructureDefinition-MyCarePlan.html","title":"MyCarePlan","generation":"generated"},{"nameUrl":"StructureDefinition-MyCareTeam.html","title":"MyCareTeam","generation":"generated"},{"nameUrl":"StructureDefinition-MyCommunication.html","title":"MyCommunication","generation":"generated"},{"nameUrl":"StructureDefinition-MyCondition.html","title":"MyCondition","generation":"generated"},{"nameUrl":"StructureDefinition-MyConsent.html","title":"MyConsent","generation":"generated"},{"nameUrl":"StructureDefinition-MyDevice.html","title":"MyDevice","generation":"generated"},{"nameUrl":"StructureDefinition-MyDiagnosticReport.html","title":"MyDiagnosticReport","generation":"generated"},{"nameUrl":"StructureDefinition-MyFamilyMemberHistory.html","title":"MyFamilyMemberHistory","generation":"generated"},{"nameUrl":"StructureDefinition-MyGoal.html","title":"MyGoal","generation":"generated"},{"nameUrl":"StructureDefinition-MyImmunization.html","title":"MyImmunization","generation":"generated"},{"nameUrl":"StructureDefinition-MyMedication.html","title":"MyMedication","generation":"generated"},{"nameUrl":"StructureDefinition-MyMedicationStatement.html","title":"MyMedicationStatement","generation":"generated"},{"nameUrl":"StructureDefinition-MyMolecularSequence.html","title":"MyMolecularSequence","generation":"generated"},{"nameUrl":"StructureDefinition-MyObservation.html","title":"MyObservation","generation":"generated"},{"nameUrl":"StructureDefinition-MyPatient.html","title":"MyPatient","generation":"generated"},{"nameUrl":"StructureDefinition-MyPractitioner.html","title":"MyPractitioner","generation":"generated"},{"nameUrl":"StructureDefinition-MyProcedure.html","title":"MyProcedure","generation":"generated"},{"nameUrl":"StructureDefinition-MyRelatedPerson.html","title":"MyRelatedPerson","generation":"generated"},{"nameUrl":"StructureDefinition-MySpecimen.html","title":"MySpecimen","generation":"generated"},{"nameUrl":"AllergyIntolerance-AllergyIntoleranceExample.html","title":"AllergyIntoleranceExample","generation":"generated"},{"nameUrl":"BodyStructure-BodyStructureExample.html","title":"BodyStructureExample","generation":"generated"},{"nameUrl":"CarePlan-CarePlanExample.html","title":"CarePlanExample","generation":"generated"},{"nameUrl":"CareTeam-CareTeamExample.html","title":"CareTeamExample","generation":"generated"},{"nameUrl":"Communication-CommunicationExample.html","title":"CommunicationExample","generation":"generated"},{"nameUrl":"Condition-ConditionExample.html","title":"ConditionExample","generation":"generated"},{"nameUrl":"Consent-ConsentExample.html","title":"ConsentExample","generation":"generated"},{"nameUrl":"Device-DeviceExample.html","title":"DeviceExample","generation":"generated"},{"nameUrl":"DiagnosticReport-DiagnosticReportExample.html","title":"DiagnosticReportExample","generation":"generated"},{"nameUrl":"FamilyMemberHistory-FamilyMemberHistoryExample.html","title":"FamilyMemberHistoryExample","generation":"generated"},{"nameUrl":"Goal-GoalExample.html","title":"GoalExample","generation":"generated"},{"nameUrl":"Immunization-ImmunizationExample.html","title":"ImmunizationExample","generation":"generated"},{"nameUrl":"Medication-MedicationExample.html","title":"MedicationExample","generation":"generated"},{"nameUrl":"MedicationStatement-MedicationStatementExample.html","title":"MedicationStatementExample","generation":"generated"},{"nameUrl":"Observation-ObservationExample.html","title":"ObservationExample","generation":"generated"},{"nameUrl":"Patient-PatientExample.html","title":"PatientExample","generation":"generated"},{"nameUrl":"Practitioner-PractitionerExample.html","title":"PractitionerExample","generation":"generated"},{"nameUrl":"Procedure-ProcedureExample.html","title":"ProcedureExample","generation":"generated"},{"nameUrl":"RelatedPerson-RelatedPersonExample.html","title":"RelatedPersonExample","generation":"generated"},{"nameUrl":"Specimen-SpecimenExample.html","title":"SpecimenExample","generation":"generated"}]}]},"parameter":[{"code":"path-resource","value":"input/capabilities"},{"code":"path-resource","value":"input/examples"},{"code":"path-resource","value":"input/extensions"},{"code":"path-resource","value":"input/models"},{"code":"path-resource","value":"input/operations"},{"code":"path-resource","value":"input/profiles"},{"code":"path-resource","value":"input/resources"},{"code":"path-resource","value":"input/vocabulary"},{"code":"path-resource","value":"input/maps"},{"code":"path-resource","value":"input/testing"},{"code":"path-resource","value":"input/history"},{"code":"path-resource","value":"fsh-generated/resources"},{"code":"path-pages","value":"template/config"},{"code":"path-pages","value":"input/images"},{"code":"path-tx-cache","value":"input-cache/txcache"}]}}