{"resourceType":"StructureDefinition","id":"apple-health-kit-correlation-sample","text":{"status":"extensions","div":"<div xmlns=\"http://www.w3.org/1999/xhtml\"><table border=\"0\" cellpadding=\"0\" cellspacing=\"0\" style=\"border: 0px #F0F0F0 solid; font-size: 11px; font-family: verdana; vertical-align: top;\"><tr style=\"border: 1px #F0F0F0 solid; font-size: 11px; font-family: verdana; vertical-align: top\"><th style=\"vertical-align: top; text-align : left; background-color: white; border: 0px #F0F0F0 solid; padding:0px 4px 0px 4px\" class=\"hierarchy\"><a href=\"https://build.fhir.org/ig/FHIR/ig-guidance/readingIgs.html#table-views\" title=\"The logical name of the element\">Name</a></th><th style=\"vertical-align: top; text-align : left; background-color: white; border: 0px #F0F0F0 solid; padding:0px 4px 0px 4px\" class=\"hierarchy\"><a href=\"https://build.fhir.org/ig/FHIR/ig-guidance/readingIgs.html#table-views\" title=\"Information about the use of the element\">Flags</a></th><th style=\"vertical-align: top; text-align : left; background-color: white; border: 0px #F0F0F0 solid; padding:0px 4px 0px 4px\" class=\"hierarchy\"><a href=\"https://build.fhir.org/ig/FHIR/ig-guidance/readingIgs.html#table-views\" title=\"Minimum and Maximum # of times the the element can appear in the instance\">Card.</a></th><th style=\"width: 100px\" class=\"hierarchy\"><a href=\"https://build.fhir.org/ig/FHIR/ig-guidance/readingIgs.html#table-views\" title=\"Reference to the type of the element\">Type</a></th><th style=\"vertical-align: top; text-align : left; background-color: white; border: 0px #F0F0F0 solid; padding:0px 4px 0px 4px\" class=\"hierarchy\"><a href=\"https://build.fhir.org/ig/FHIR/ig-guidance/readingIgs.html#table-views\" title=\"Additional information about the element\">Description &amp; Constraints</a><span style=\"float: right\"><a href=\"https://build.fhir.org/ig/FHIR/ig-guidance/readingIgs.html#table-views\" title=\"Legend for this format\"><img src=\"http://hl7.org/fhir/R4/help16.png\" alt=\"doco\" style=\"background-color: inherit\"/></a></span></th></tr><tr style=\"border: 0px #F0F0F0 solid; padding:0px; vertical-align: top; background-color: white\"><td style=\"vertical-align: top; text-align : left; background-color: white; border: 0px #F0F0F0 solid; padding:0px 4px 0px 4px; white-space: nowrap; background-image: url(tbl_bck1.png)\" class=\"hierarchy\"><img src=\"tbl_spacer.png\" alt=\".\" style=\"background-color: inherit\" class=\"hierarchy\"/><img src=\"icon_element.gif\" alt=\".\" style=\"background-color: white; background-color: inherit\" title=\"Element\" class=\"hierarchy\"/> <a href=\"StructureDefinition-apple-health-kit-correlation-sample-definitions.html#apple-health-kit-correlation-sample\" title=\"Data elements for the Apple HealthKit HKCorrelation.\">apple-health-kit-correlation-sample</a><a name=\"apple-health-kit-correlation-sample\"> </a></td><td style=\"vertical-align: top; text-align : left; background-color: white; border: 0px #F0F0F0 solid; padding:0px 4px 0px 4px\" class=\"hierarchy\"/><td style=\"vertical-align: top; text-align : left; background-color: white; border: 0px #F0F0F0 solid; padding:0px 4px 0px 4px\" class=\"hierarchy\"><span style=\"opacity: 0.5\">0</span><span style=\"opacity: 0.5\">..</span><span style=\"opacity: 0.5\">*</span></td><td style=\"vertical-align: top; text-align : left; background-color: white; border: 0px #F0F0F0 solid; padding:0px 4px 0px 4px\" class=\"hierarchy\"><a href=\"StructureDefinition-apple-health-kit-sample.html\">AppleHealthKitSample</a></td><td style=\"vertical-align: top; text-align : left; background-color: white; border: 0px #F0F0F0 solid; padding:0px 4px 0px 4px\" class=\"hierarchy\">Apple HealthKit Correlation Sample Logical Model</td></tr>\r\n<tr style=\"border: 0px #F0F0F0 solid; padding:0px; vertical-align: top; background-color: #F7F7F7\"><td style=\"vertical-align: top; text-align : left; background-color: #F7F7F7; border: 0px #F0F0F0 solid; padding:0px 4px 0px 4px; white-space: nowrap; background-image: url(tbl_bck10.png)\" class=\"hierarchy\"><img src=\"tbl_spacer.png\" alt=\".\" style=\"background-color: inherit\" class=\"hierarchy\"/><img src=\"tbl_vjoin.png\" alt=\".\" style=\"background-color: inherit\" class=\"hierarchy\"/><img src=\"icon_primitive.png\" alt=\".\" style=\"background-color: #F7F7F7; background-color: inherit\" title=\"Primitive Data Type\" class=\"hierarchy\"/> <a href=\"StructureDefinition-apple-health-kit-correlation-sample-definitions.html#apple-health-kit-correlation-sample.correlationType\" title=\"The type for this correlation.\">correlationType</a><a name=\"apple-health-kit-correlation-sample.correlationType\"> </a></td><td style=\"vertical-align: top; text-align : left; background-color: #F7F7F7; border: 0px #F0F0F0 solid; padding:0px 4px 0px 4px\" class=\"hierarchy\"/><td style=\"vertical-align: top; text-align : left; background-color: #F7F7F7; border: 0px #F0F0F0 solid; padding:0px 4px 0px 4px\" class=\"hierarchy\">1..1</td><td style=\"vertical-align: top; text-align : left; background-color: #F7F7F7; border: 0px #F0F0F0 solid; padding:0px 4px 0px 4px\" class=\"hierarchy\"><a href=\"http://hl7.org/fhir/R4/datatypes.html#code\">code</a></td><td style=\"vertical-align: top; text-align : left; background-color: #F7F7F7; border: 0px #F0F0F0 solid; padding:0px 4px 0px 4px\" class=\"hierarchy\">The type for this correlation.<br/><span style=\"font-weight:bold\">Binding: </span><a href=\"ValueSet-apple-health-kit-correlation-type-value-set.html\">Apple HealthKit Correlation Type Value Set</a> (<a href=\"http://hl7.org/fhir/R4/terminologies.html#extensible\" title=\"To be conformant, the concept in this element SHALL be from the specified value set if any of the codes within the value set can apply to the concept being communicated.  If the value set does not cover the concept (based on human review), alternate codings (or, data type allowing, text) may be included instead.\">extensible</a>)</td></tr>\r\n<tr style=\"border: 0px #F0F0F0 solid; padding:0px; vertical-align: top; background-color: white\"><td style=\"vertical-align: top; text-align : left; background-color: white; border: 0px #F0F0F0 solid; padding:0px 4px 0px 4px; white-space: nowrap; background-image: url(tbl_bck00.png)\" class=\"hierarchy\"><img src=\"tbl_spacer.png\" alt=\".\" style=\"background-color: inherit\" class=\"hierarchy\"/><img src=\"tbl_vjoin_end.png\" alt=\".\" style=\"background-color: inherit\" class=\"hierarchy\"/><img src=\"icon_resource.png\" alt=\".\" style=\"background-color: white; background-color: inherit\" title=\"Resource\" class=\"hierarchy\"/> <a href=\"StructureDefinition-apple-health-kit-correlation-sample-definitions.html#apple-health-kit-correlation-sample.objects\" title=\"The set of sample objects that make up the correlation.\">objects</a><a name=\"apple-health-kit-correlation-sample.objects\"> </a></td><td style=\"vertical-align: top; text-align : left; background-color: white; border: 0px #F0F0F0 solid; padding:0px 4px 0px 4px\" class=\"hierarchy\"/><td style=\"vertical-align: top; text-align : left; background-color: white; border: 0px #F0F0F0 solid; padding:0px 4px 0px 4px\" class=\"hierarchy\">1..*</td><td style=\"vertical-align: top; text-align : left; background-color: white; border: 0px #F0F0F0 solid; padding:0px 4px 0px 4px\" class=\"hierarchy\">Resource</td><td style=\"vertical-align: top; text-align : left; background-color: white; border: 0px #F0F0F0 solid; padding:0px 4px 0px 4px\" class=\"hierarchy\">The set of sample objects that make up the correlation.<br/></td></tr>\r\n<tr><td colspan=\"5\" class=\"hierarchy\"><br/><a href=\"https://build.fhir.org/ig/FHIR/ig-guidance/readingIgs.html#table-views\" title=\"Legend for this format\"><img src=\"http://hl7.org/fhir/R4/help16.png\" alt=\"doco\" style=\"background-color: inherit\"/> Documentation for this format</a></td></tr></table></div>"},"url":"https://open-health-manager.github.io/standard-patient-health-record-ig/StructureDefinition/apple-health-kit-correlation-sample","version":"0.4.4","name":"AppleHealthKitCorrelationSample","title":"Apple HealthKit Correlation Sample Logical Model","status":"draft","date":"2023-04-07T13:44:22-05:00","publisher":"MITRE","contact":[{"name":"MITRE","telecom":[{"system":"url","value":"https://open-health-manager.github.io/standard-patient-health-record-ig"}]}],"description":"Data elements for the Apple HealthKit HKCorrelation.","fhirVersion":"4.0.1","mapping":[{"identity":"rim","uri":"http://hl7.org/v3","name":"RIM Mapping"}],"kind":"logical","abstract":false,"type":"https://open-health-manager.github.io/standard-patient-health-record-ig/StructureDefinition/apple-health-kit-correlation-sample","baseDefinition":"https://open-health-manager.github.io/standard-patient-health-record-ig/StructureDefinition/apple-health-kit-sample","derivation":"specialization","snapshot":{"element":[{"id":"apple-health-kit-correlation-sample","path":"apple-health-kit-correlation-sample","short":"Apple HealthKit Correlation Sample Logical Model","definition":"Data elements for the Apple HealthKit HKCorrelation.","min":0,"max":"*","base":{"path":"Base","min":0,"max":"*"},"isModifier":false},{"id":"apple-health-kit-correlation-sample.uuid","path":"apple-health-kit-correlation-sample.uuid","short":"The universally unique identifier (UUID) for this HealthKit object.","definition":"The universally unique identifier (UUID) for this HealthKit object.","min":1,"max":"1","base":{"path":"apple-health-kit-object.uuid","min":1,"max":"1"},"type":[{"code":"string"}]},{"id":"apple-health-kit-correlation-sample.metadata","path":"apple-health-kit-correlation-sample.metadata","short":"The metadata for this HealthKit object.","definition":"The metadata for this HealthKit object.","min":0,"max":"*","base":{"path":"apple-health-kit-object.metadata","min":0,"max":"*"},"type":[{"code":"BackboneElement"}],"constraint":[{"key":"ele-1","severity":"error","human":"All FHIR elements must have a @value or children","expression":"hasValue() or (children().count() > id.count())","xpath":"@value|f:*|h:div","source":"http://hl7.org/fhir/StructureDefinition/Element"}]},{"id":"apple-health-kit-correlation-sample.metadata.id","path":"apple-health-kit-correlation-sample.metadata.id","representation":["xmlAttr"],"short":"Unique id for inter-element referencing","definition":"Unique id for the element within a resource (for internal references). This may be any string value that does not contain spaces.","min":0,"max":"1","base":{"path":"Element.id","min":0,"max":"1"},"type":[{"extension":[{"url":"http://hl7.org/fhir/StructureDefinition/structuredefinition-fhir-type","valueUrl":"string"}],"code":"http://hl7.org/fhirpath/System.String"}],"isModifier":false,"isSummary":false,"mapping":[{"identity":"rim","map":"n/a"}]},{"id":"apple-health-kit-correlation-sample.metadata.extension","path":"apple-health-kit-correlation-sample.metadata.extension","slicing":{"discriminator":[{"type":"value","path":"url"}],"description":"Extensions are always sliced by (at least) url","rules":"open"},"short":"Additional content defined by implementations","definition":"May be used to represent additional information that is not part of the basic definition of the element. To make the use of extensions safe and manageable, there is a strict set of governance  applied to the definition and use of extensions. Though any implementer can define an extension, there is a set of requirements that SHALL be met as part of the definition of the extension.","comment":"There can be no stigma associated with the use of extensions by any application, project, or standard - regardless of the institution or jurisdiction that uses or defines the extensions.  The use of extensions is what allows the FHIR specification to retain a core level of simplicity for everyone.","alias":["extensions","user content"],"min":0,"max":"*","base":{"path":"Element.extension","min":0,"max":"*"},"type":[{"code":"Extension"}],"constraint":[{"key":"ele-1","severity":"error","human":"All FHIR elements must have a @value or children","expression":"hasValue() or (children().count() > id.count())","xpath":"@value|f:*|h:div","source":"http://hl7.org/fhir/StructureDefinition/Element"},{"key":"ext-1","severity":"error","human":"Must have either extensions or value[x], not both","expression":"extension.exists() != value.exists()","xpath":"exists(f:extension)!=exists(f:*[starts-with(local-name(.), \"value\")])","source":"http://hl7.org/fhir/StructureDefinition/Extension"}],"isModifier":false,"isSummary":false,"mapping":[{"identity":"rim","map":"n/a"}]},{"id":"apple-health-kit-correlation-sample.metadata.modifierExtension","path":"apple-health-kit-correlation-sample.metadata.modifierExtension","short":"Extensions that cannot be ignored even if unrecognized","definition":"May be used to represent additional information that is not part of the basic definition of the element and that modifies the understanding of the element in which it is contained and/or the understanding of the containing element's descendants. Usually modifier elements provide negation or qualification. To make the use of extensions safe and manageable, there is a strict set of governance applied to the definition and use of extensions. Though any implementer can define an extension, there is a set of requirements that SHALL be met as part of the definition of the extension. Applications processing a resource are required to check for modifier extensions.\n\nModifier extensions SHALL NOT change the meaning of any elements on Resource or DomainResource (including cannot change the meaning of modifierExtension itself).","comment":"There can be no stigma associated with the use of extensions by any application, project, or standard - regardless of the institution or jurisdiction that uses or defines the extensions.  The use of extensions is what allows the FHIR specification to retain a core level of simplicity for everyone.","requirements":"Modifier extensions allow for extensions that *cannot* be safely ignored to be clearly distinguished from the vast majority of extensions which can be safely ignored.  This promotes interoperability by eliminating the need for implementers to prohibit the presence of extensions. For further information, see the [definition of modifier extensions](http://hl7.org/fhir/R4/extensibility.html#modifierExtension).","alias":["extensions","user content","modifiers"],"min":0,"max":"*","base":{"path":"BackboneElement.modifierExtension","min":0,"max":"*"},"type":[{"code":"Extension"}],"constraint":[{"key":"ele-1","severity":"error","human":"All FHIR elements must have a @value or children","expression":"hasValue() or (children().count() > id.count())","xpath":"@value|f:*|h:div","source":"http://hl7.org/fhir/StructureDefinition/Element"},{"key":"ext-1","severity":"error","human":"Must have either extensions or value[x], not both","expression":"extension.exists() != value.exists()","xpath":"exists(f:extension)!=exists(f:*[starts-with(local-name(.), \"value\")])","source":"http://hl7.org/fhir/StructureDefinition/Extension"}],"isModifier":true,"isModifierReason":"Modifier extensions are expected to modify the meaning or interpretation of the element that contains them","isSummary":true,"mapping":[{"identity":"rim","map":"N/A"}]},{"id":"apple-health-kit-correlation-sample.metadata.key","path":"apple-health-kit-correlation-sample.metadata.key","short":"Constants used to add metadata to objects stored in HealthKit.","definition":"Constants used to add metadata to objects stored in HealthKit.","min":1,"max":"1","base":{"path":"apple-health-kit-object.metadata.key","min":1,"max":"1"},"type":[{"code":"string"}]},{"id":"apple-health-kit-correlation-sample.metadata.value[x]","path":"apple-health-kit-correlation-sample.metadata.value[x]","short":"The metadata dictionary value.","definition":"The metadata dictionary value.","min":1,"max":"1","base":{"path":"apple-health-kit-object.metadata.value[x]","min":1,"max":"1"},"type":[{"code":"string"},{"code":"dateTime"},{"code":"integer"},{"code":"decimal"},{"code":"boolean"},{"code":"positiveInt"},{"code":"unsignedInt"}]},{"id":"apple-health-kit-correlation-sample.device","path":"apple-health-kit-correlation-sample.device","short":"The device that generated the data for this object.","definition":"The device that generated the data for this object.","min":0,"max":"1","base":{"path":"apple-health-kit-object.device","min":0,"max":"1"},"type":[{"code":"BackboneElement"}],"constraint":[{"key":"ele-1","severity":"error","human":"All FHIR elements must have a @value or children","expression":"hasValue() or (children().count() > id.count())","xpath":"@value|f:*|h:div","source":"http://hl7.org/fhir/StructureDefinition/Element"}]},{"id":"apple-health-kit-correlation-sample.device.id","path":"apple-health-kit-correlation-sample.device.id","representation":["xmlAttr"],"short":"Unique id for inter-element referencing","definition":"Unique id for the element within a resource (for internal references). This may be any string value that does not contain spaces.","min":0,"max":"1","base":{"path":"Element.id","min":0,"max":"1"},"type":[{"extension":[{"url":"http://hl7.org/fhir/StructureDefinition/structuredefinition-fhir-type","valueUrl":"string"}],"code":"http://hl7.org/fhirpath/System.String"}],"isModifier":false,"isSummary":false,"mapping":[{"identity":"rim","map":"n/a"}]},{"id":"apple-health-kit-correlation-sample.device.extension","path":"apple-health-kit-correlation-sample.device.extension","slicing":{"discriminator":[{"type":"value","path":"url"}],"description":"Extensions are always sliced by (at least) url","rules":"open"},"short":"Additional content defined by implementations","definition":"May be used to represent additional information that is not part of the basic definition of the element. To make the use of extensions safe and manageable, there is a strict set of governance  applied to the definition and use of extensions. Though any implementer can define an extension, there is a set of requirements that SHALL be met as part of the definition of the extension.","comment":"There can be no stigma associated with the use of extensions by any application, project, or standard - regardless of the institution or jurisdiction that uses or defines the extensions.  The use of extensions is what allows the FHIR specification to retain a core level of simplicity for everyone.","alias":["extensions","user content"],"min":0,"max":"*","base":{"path":"Element.extension","min":0,"max":"*"},"type":[{"code":"Extension"}],"constraint":[{"key":"ele-1","severity":"error","human":"All FHIR elements must have a @value or children","expression":"hasValue() or (children().count() > id.count())","xpath":"@value|f:*|h:div","source":"http://hl7.org/fhir/StructureDefinition/Element"},{"key":"ext-1","severity":"error","human":"Must have either extensions or value[x], not both","expression":"extension.exists() != value.exists()","xpath":"exists(f:extension)!=exists(f:*[starts-with(local-name(.), \"value\")])","source":"http://hl7.org/fhir/StructureDefinition/Extension"}],"isModifier":false,"isSummary":false,"mapping":[{"identity":"rim","map":"n/a"}]},{"id":"apple-health-kit-correlation-sample.device.modifierExtension","path":"apple-health-kit-correlation-sample.device.modifierExtension","short":"Extensions that cannot be ignored even if unrecognized","definition":"May be used to represent additional information that is not part of the basic definition of the element and that modifies the understanding of the element in which it is contained and/or the understanding of the containing element's descendants. Usually modifier elements provide negation or qualification. To make the use of extensions safe and manageable, there is a strict set of governance applied to the definition and use of extensions. Though any implementer can define an extension, there is a set of requirements that SHALL be met as part of the definition of the extension. Applications processing a resource are required to check for modifier extensions.\n\nModifier extensions SHALL NOT change the meaning of any elements on Resource or DomainResource (including cannot change the meaning of modifierExtension itself).","comment":"There can be no stigma associated with the use of extensions by any application, project, or standard - regardless of the institution or jurisdiction that uses or defines the extensions.  The use of extensions is what allows the FHIR specification to retain a core level of simplicity for everyone.","requirements":"Modifier extensions allow for extensions that *cannot* be safely ignored to be clearly distinguished from the vast majority of extensions which can be safely ignored.  This promotes interoperability by eliminating the need for implementers to prohibit the presence of extensions. For further information, see the [definition of modifier extensions](http://hl7.org/fhir/R4/extensibility.html#modifierExtension).","alias":["extensions","user content","modifiers"],"min":0,"max":"*","base":{"path":"BackboneElement.modifierExtension","min":0,"max":"*"},"type":[{"code":"Extension"}],"constraint":[{"key":"ele-1","severity":"error","human":"All FHIR elements must have a @value or children","expression":"hasValue() or (children().count() > id.count())","xpath":"@value|f:*|h:div","source":"http://hl7.org/fhir/StructureDefinition/Element"},{"key":"ext-1","severity":"error","human":"Must have either extensions or value[x], not both","expression":"extension.exists() != value.exists()","xpath":"exists(f:extension)!=exists(f:*[starts-with(local-name(.), \"value\")])","source":"http://hl7.org/fhir/StructureDefinition/Extension"}],"isModifier":true,"isModifierReason":"Modifier extensions are expected to modify the meaning or interpretation of the element that contains them","isSummary":true,"mapping":[{"identity":"rim","map":"N/A"}]},{"id":"apple-health-kit-correlation-sample.device.udiDeviceIdentifier","path":"apple-health-kit-correlation-sample.device.udiDeviceIdentifier","short":"The device identifier portion of the US Food and Drug Administration’s Unique Device Identifier (UDI).","definition":"The device identifier portion of the US Food and Drug Administration’s Unique Device Identifier (UDI).","min":0,"max":"1","base":{"path":"apple-health-kit-object.device.udiDeviceIdentifier","min":0,"max":"1"},"type":[{"code":"string"}]},{"id":"apple-health-kit-correlation-sample.device.firmwareVersion","path":"apple-health-kit-correlation-sample.device.firmwareVersion","short":"An arbitrary string representing the current version of the firmware running on the device.","definition":"An arbitrary string representing the current version of the firmware running on the device.","min":0,"max":"1","base":{"path":"apple-health-kit-object.device.firmwareVersion","min":0,"max":"1"},"type":[{"code":"string"}]},{"id":"apple-health-kit-correlation-sample.device.hardwareVersion","path":"apple-health-kit-correlation-sample.device.hardwareVersion","short":"An arbitrary string representing the hardware version of the device.","definition":"An arbitrary string representing the hardware version of the device.","min":0,"max":"1","base":{"path":"apple-health-kit-object.device.hardwareVersion","min":0,"max":"1"},"type":[{"code":"string"}]},{"id":"apple-health-kit-correlation-sample.device.localIdentifier","path":"apple-health-kit-correlation-sample.device.localIdentifier","short":"An identifier that uniquely identifies the device object on the hardware running this code.","definition":"An identifier that uniquely identifies the device object on the hardware running this code.","min":0,"max":"1","base":{"path":"apple-health-kit-object.device.localIdentifier","min":0,"max":"1"},"type":[{"code":"string"}]},{"id":"apple-health-kit-correlation-sample.device.manufacturer","path":"apple-health-kit-correlation-sample.device.manufacturer","short":"A string representing the device’s manufacturer.","definition":"A string representing the device’s manufacturer.","min":0,"max":"1","base":{"path":"apple-health-kit-object.device.manufacturer","min":0,"max":"1"},"type":[{"code":"string"}]},{"id":"apple-health-kit-correlation-sample.device.model","path":"apple-health-kit-correlation-sample.device.model","short":"A string representing the device’s model.","definition":"A string representing the device’s model.","min":0,"max":"1","base":{"path":"apple-health-kit-object.device.model","min":0,"max":"1"},"type":[{"code":"string"}]},{"id":"apple-health-kit-correlation-sample.device.name","path":"apple-health-kit-correlation-sample.device.name","short":"The user-facing name for the device.","definition":"The user-facing name for the device.","min":0,"max":"1","base":{"path":"apple-health-kit-object.device.name","min":0,"max":"1"},"type":[{"code":"string"}]},{"id":"apple-health-kit-correlation-sample.device.softwareVersion","path":"apple-health-kit-correlation-sample.device.softwareVersion","short":"An arbitrary string representing the version of the software running on the device.","definition":"An arbitrary string representing the version of the software running on the device.","min":0,"max":"1","base":{"path":"apple-health-kit-object.device.softwareVersion","min":0,"max":"1"},"type":[{"code":"string"}]},{"id":"apple-health-kit-correlation-sample.sourceRevision","path":"apple-health-kit-correlation-sample.sourceRevision","short":"The app or device that created this object.","definition":"The app or device that created this object.","min":1,"max":"1","base":{"path":"apple-health-kit-object.sourceRevision","min":1,"max":"1"},"type":[{"code":"BackboneElement"}],"constraint":[{"key":"ele-1","severity":"error","human":"All FHIR elements must have a @value or children","expression":"hasValue() or (children().count() > id.count())","xpath":"@value|f:*|h:div","source":"http://hl7.org/fhir/StructureDefinition/Element"}]},{"id":"apple-health-kit-correlation-sample.sourceRevision.id","path":"apple-health-kit-correlation-sample.sourceRevision.id","representation":["xmlAttr"],"short":"Unique id for inter-element referencing","definition":"Unique id for the element within a resource (for internal references). This may be any string value that does not contain spaces.","min":0,"max":"1","base":{"path":"Element.id","min":0,"max":"1"},"type":[{"extension":[{"url":"http://hl7.org/fhir/StructureDefinition/structuredefinition-fhir-type","valueUrl":"string"}],"code":"http://hl7.org/fhirpath/System.String"}],"isModifier":false,"isSummary":false,"mapping":[{"identity":"rim","map":"n/a"}]},{"id":"apple-health-kit-correlation-sample.sourceRevision.extension","path":"apple-health-kit-correlation-sample.sourceRevision.extension","slicing":{"discriminator":[{"type":"value","path":"url"}],"description":"Extensions are always sliced by (at least) url","rules":"open"},"short":"Additional content defined by implementations","definition":"May be used to represent additional information that is not part of the basic definition of the element. To make the use of extensions safe and manageable, there is a strict set of governance  applied to the definition and use of extensions. Though any implementer can define an extension, there is a set of requirements that SHALL be met as part of the definition of the extension.","comment":"There can be no stigma associated with the use of extensions by any application, project, or standard - regardless of the institution or jurisdiction that uses or defines the extensions.  The use of extensions is what allows the FHIR specification to retain a core level of simplicity for everyone.","alias":["extensions","user content"],"min":0,"max":"*","base":{"path":"Element.extension","min":0,"max":"*"},"type":[{"code":"Extension"}],"constraint":[{"key":"ele-1","severity":"error","human":"All FHIR elements must have a @value or children","expression":"hasValue() or (children().count() > id.count())","xpath":"@value|f:*|h:div","source":"http://hl7.org/fhir/StructureDefinition/Element"},{"key":"ext-1","severity":"error","human":"Must have either extensions or value[x], not both","expression":"extension.exists() != value.exists()","xpath":"exists(f:extension)!=exists(f:*[starts-with(local-name(.), \"value\")])","source":"http://hl7.org/fhir/StructureDefinition/Extension"}],"isModifier":false,"isSummary":false,"mapping":[{"identity":"rim","map":"n/a"}]},{"id":"apple-health-kit-correlation-sample.sourceRevision.modifierExtension","path":"apple-health-kit-correlation-sample.sourceRevision.modifierExtension","short":"Extensions that cannot be ignored even if unrecognized","definition":"May be used to represent additional information that is not part of the basic definition of the element and that modifies the understanding of the element in which it is contained and/or the understanding of the containing element's descendants. Usually modifier elements provide negation or qualification. To make the use of extensions safe and manageable, there is a strict set of governance applied to the definition and use of extensions. Though any implementer can define an extension, there is a set of requirements that SHALL be met as part of the definition of the extension. Applications processing a resource are required to check for modifier extensions.\n\nModifier extensions SHALL NOT change the meaning of any elements on Resource or DomainResource (including cannot change the meaning of modifierExtension itself).","comment":"There can be no stigma associated with the use of extensions by any application, project, or standard - regardless of the institution or jurisdiction that uses or defines the extensions.  The use of extensions is what allows the FHIR specification to retain a core level of simplicity for everyone.","requirements":"Modifier extensions allow for extensions that *cannot* be safely ignored to be clearly distinguished from the vast majority of extensions which can be safely ignored.  This promotes interoperability by eliminating the need for implementers to prohibit the presence of extensions. For further information, see the [definition of modifier extensions](http://hl7.org/fhir/R4/extensibility.html#modifierExtension).","alias":["extensions","user content","modifiers"],"min":0,"max":"*","base":{"path":"BackboneElement.modifierExtension","min":0,"max":"*"},"type":[{"code":"Extension"}],"constraint":[{"key":"ele-1","severity":"error","human":"All FHIR elements must have a @value or children","expression":"hasValue() or (children().count() > id.count())","xpath":"@value|f:*|h:div","source":"http://hl7.org/fhir/StructureDefinition/Element"},{"key":"ext-1","severity":"error","human":"Must have either extensions or value[x], not both","expression":"extension.exists() != value.exists()","xpath":"exists(f:extension)!=exists(f:*[starts-with(local-name(.), \"value\")])","source":"http://hl7.org/fhir/StructureDefinition/Extension"}],"isModifier":true,"isModifierReason":"Modifier extensions are expected to modify the meaning or interpretation of the element that contains them","isSummary":true,"mapping":[{"identity":"rim","map":"N/A"}]},{"id":"apple-health-kit-correlation-sample.sourceRevision.source","path":"apple-health-kit-correlation-sample.sourceRevision.source","short":"The source for a sample.","definition":"The source for a sample.","min":1,"max":"1","base":{"path":"apple-health-kit-object.sourceRevision.source","min":1,"max":"1"},"type":[{"code":"BackboneElement"}],"constraint":[{"key":"ele-1","severity":"error","human":"All FHIR elements must have a @value or children","expression":"hasValue() or (children().count() > id.count())","xpath":"@value|f:*|h:div","source":"http://hl7.org/fhir/StructureDefinition/Element"}]},{"id":"apple-health-kit-correlation-sample.sourceRevision.source.id","path":"apple-health-kit-correlation-sample.sourceRevision.source.id","representation":["xmlAttr"],"short":"Unique id for inter-element referencing","definition":"Unique id for the element within a resource (for internal references). This may be any string value that does not contain spaces.","min":0,"max":"1","base":{"path":"Element.id","min":0,"max":"1"},"type":[{"extension":[{"url":"http://hl7.org/fhir/StructureDefinition/structuredefinition-fhir-type","valueUrl":"string"}],"code":"http://hl7.org/fhirpath/System.String"}],"isModifier":false,"isSummary":false,"mapping":[{"identity":"rim","map":"n/a"}]},{"id":"apple-health-kit-correlation-sample.sourceRevision.source.extension","path":"apple-health-kit-correlation-sample.sourceRevision.source.extension","slicing":{"discriminator":[{"type":"value","path":"url"}],"description":"Extensions are always sliced by (at least) url","rules":"open"},"short":"Additional content defined by implementations","definition":"May be used to represent additional information that is not part of the basic definition of the element. To make the use of extensions safe and manageable, there is a strict set of governance  applied to the definition and use of extensions. Though any implementer can define an extension, there is a set of requirements that SHALL be met as part of the definition of the extension.","comment":"There can be no stigma associated with the use of extensions by any application, project, or standard - regardless of the institution or jurisdiction that uses or defines the extensions.  The use of extensions is what allows the FHIR specification to retain a core level of simplicity for everyone.","alias":["extensions","user content"],"min":0,"max":"*","base":{"path":"Element.extension","min":0,"max":"*"},"type":[{"code":"Extension"}],"constraint":[{"key":"ele-1","severity":"error","human":"All FHIR elements must have a @value or children","expression":"hasValue() or (children().count() > id.count())","xpath":"@value|f:*|h:div","source":"http://hl7.org/fhir/StructureDefinition/Element"},{"key":"ext-1","severity":"error","human":"Must have either extensions or value[x], not both","expression":"extension.exists() != value.exists()","xpath":"exists(f:extension)!=exists(f:*[starts-with(local-name(.), \"value\")])","source":"http://hl7.org/fhir/StructureDefinition/Extension"}],"isModifier":false,"isSummary":false,"mapping":[{"identity":"rim","map":"n/a"}]},{"id":"apple-health-kit-correlation-sample.sourceRevision.source.modifierExtension","path":"apple-health-kit-correlation-sample.sourceRevision.source.modifierExtension","short":"Extensions that cannot be ignored even if unrecognized","definition":"May be used to represent additional information that is not part of the basic definition of the element and that modifies the understanding of the element in which it is contained and/or the understanding of the containing element's descendants. Usually modifier elements provide negation or qualification. To make the use of extensions safe and manageable, there is a strict set of governance applied to the definition and use of extensions. Though any implementer can define an extension, there is a set of requirements that SHALL be met as part of the definition of the extension. Applications processing a resource are required to check for modifier extensions.\n\nModifier extensions SHALL NOT change the meaning of any elements on Resource or DomainResource (including cannot change the meaning of modifierExtension itself).","comment":"There can be no stigma associated with the use of extensions by any application, project, or standard - regardless of the institution or jurisdiction that uses or defines the extensions.  The use of extensions is what allows the FHIR specification to retain a core level of simplicity for everyone.","requirements":"Modifier extensions allow for extensions that *cannot* be safely ignored to be clearly distinguished from the vast majority of extensions which can be safely ignored.  This promotes interoperability by eliminating the need for implementers to prohibit the presence of extensions. For further information, see the [definition of modifier extensions](http://hl7.org/fhir/R4/extensibility.html#modifierExtension).","alias":["extensions","user content","modifiers"],"min":0,"max":"*","base":{"path":"BackboneElement.modifierExtension","min":0,"max":"*"},"type":[{"code":"Extension"}],"constraint":[{"key":"ele-1","severity":"error","human":"All FHIR elements must have a @value or children","expression":"hasValue() or (children().count() > id.count())","xpath":"@value|f:*|h:div","source":"http://hl7.org/fhir/StructureDefinition/Element"},{"key":"ext-1","severity":"error","human":"Must have either extensions or value[x], not both","expression":"extension.exists() != value.exists()","xpath":"exists(f:extension)!=exists(f:*[starts-with(local-name(.), \"value\")])","source":"http://hl7.org/fhir/StructureDefinition/Extension"}],"isModifier":true,"isModifierReason":"Modifier extensions are expected to modify the meaning or interpretation of the element that contains them","isSummary":true,"mapping":[{"identity":"rim","map":"N/A"}]},{"id":"apple-health-kit-correlation-sample.sourceRevision.source.bundleIdentifier","path":"apple-health-kit-correlation-sample.sourceRevision.source.bundleIdentifier","short":"The source’s bundle identifier.","definition":"The source’s bundle identifier.","min":1,"max":"1","base":{"path":"apple-health-kit-object.sourceRevision.source.bundleIdentifier","min":1,"max":"1"},"type":[{"code":"string"}]},{"id":"apple-health-kit-correlation-sample.sourceRevision.source.name","path":"apple-health-kit-correlation-sample.sourceRevision.source.name","short":"The source’s name.","definition":"The source’s name.","min":1,"max":"1","base":{"path":"apple-health-kit-object.sourceRevision.source.name","min":1,"max":"1"},"type":[{"code":"string"}]},{"id":"apple-health-kit-correlation-sample.sourceRevision.version","path":"apple-health-kit-correlation-sample.sourceRevision.version","short":"A string that identifies a particular version of the source.","definition":"A string that identifies a particular version of the source.","min":0,"max":"1","base":{"path":"apple-health-kit-object.sourceRevision.version","min":0,"max":"1"},"type":[{"code":"string"}]},{"id":"apple-health-kit-correlation-sample.sourceRevision.operatingSystemVersion","path":"apple-health-kit-correlation-sample.sourceRevision.operatingSystemVersion","short":"A string that identifies the operating system used to save a sample.","definition":"A string that identifies the operating system used to save a sample.","min":1,"max":"1","base":{"path":"apple-health-kit-object.sourceRevision.operatingSystemVersion","min":1,"max":"1"},"type":[{"code":"BackboneElement"}],"constraint":[{"key":"ele-1","severity":"error","human":"All FHIR elements must have a @value or children","expression":"hasValue() or (children().count() > id.count())","xpath":"@value|f:*|h:div","source":"http://hl7.org/fhir/StructureDefinition/Element"}]},{"id":"apple-health-kit-correlation-sample.sourceRevision.operatingSystemVersion.id","path":"apple-health-kit-correlation-sample.sourceRevision.operatingSystemVersion.id","representation":["xmlAttr"],"short":"Unique id for inter-element referencing","definition":"Unique id for the element within a resource (for internal references). This may be any string value that does not contain spaces.","min":0,"max":"1","base":{"path":"Element.id","min":0,"max":"1"},"type":[{"extension":[{"url":"http://hl7.org/fhir/StructureDefinition/structuredefinition-fhir-type","valueUrl":"string"}],"code":"http://hl7.org/fhirpath/System.String"}],"isModifier":false,"isSummary":false,"mapping":[{"identity":"rim","map":"n/a"}]},{"id":"apple-health-kit-correlation-sample.sourceRevision.operatingSystemVersion.extension","path":"apple-health-kit-correlation-sample.sourceRevision.operatingSystemVersion.extension","slicing":{"discriminator":[{"type":"value","path":"url"}],"description":"Extensions are always sliced by (at least) url","rules":"open"},"short":"Additional content defined by implementations","definition":"May be used to represent additional information that is not part of the basic definition of the element. To make the use of extensions safe and manageable, there is a strict set of governance  applied to the definition and use of extensions. Though any implementer can define an extension, there is a set of requirements that SHALL be met as part of the definition of the extension.","comment":"There can be no stigma associated with the use of extensions by any application, project, or standard - regardless of the institution or jurisdiction that uses or defines the extensions.  The use of extensions is what allows the FHIR specification to retain a core level of simplicity for everyone.","alias":["extensions","user content"],"min":0,"max":"*","base":{"path":"Element.extension","min":0,"max":"*"},"type":[{"code":"Extension"}],"constraint":[{"key":"ele-1","severity":"error","human":"All FHIR elements must have a @value or children","expression":"hasValue() or (children().count() > id.count())","xpath":"@value|f:*|h:div","source":"http://hl7.org/fhir/StructureDefinition/Element"},{"key":"ext-1","severity":"error","human":"Must have either extensions or value[x], not both","expression":"extension.exists() != value.exists()","xpath":"exists(f:extension)!=exists(f:*[starts-with(local-name(.), \"value\")])","source":"http://hl7.org/fhir/StructureDefinition/Extension"}],"isModifier":false,"isSummary":false,"mapping":[{"identity":"rim","map":"n/a"}]},{"id":"apple-health-kit-correlation-sample.sourceRevision.operatingSystemVersion.modifierExtension","path":"apple-health-kit-correlation-sample.sourceRevision.operatingSystemVersion.modifierExtension","short":"Extensions that cannot be ignored even if unrecognized","definition":"May be used to represent additional information that is not part of the basic definition of the element and that modifies the understanding of the element in which it is contained and/or the understanding of the containing element's descendants. Usually modifier elements provide negation or qualification. To make the use of extensions safe and manageable, there is a strict set of governance applied to the definition and use of extensions. Though any implementer can define an extension, there is a set of requirements that SHALL be met as part of the definition of the extension. Applications processing a resource are required to check for modifier extensions.\n\nModifier extensions SHALL NOT change the meaning of any elements on Resource or DomainResource (including cannot change the meaning of modifierExtension itself).","comment":"There can be no stigma associated with the use of extensions by any application, project, or standard - regardless of the institution or jurisdiction that uses or defines the extensions.  The use of extensions is what allows the FHIR specification to retain a core level of simplicity for everyone.","requirements":"Modifier extensions allow for extensions that *cannot* be safely ignored to be clearly distinguished from the vast majority of extensions which can be safely ignored.  This promotes interoperability by eliminating the need for implementers to prohibit the presence of extensions. For further information, see the [definition of modifier extensions](http://hl7.org/fhir/R4/extensibility.html#modifierExtension).","alias":["extensions","user content","modifiers"],"min":0,"max":"*","base":{"path":"BackboneElement.modifierExtension","min":0,"max":"*"},"type":[{"code":"Extension"}],"constraint":[{"key":"ele-1","severity":"error","human":"All FHIR elements must have a @value or children","expression":"hasValue() or (children().count() > id.count())","xpath":"@value|f:*|h:div","source":"http://hl7.org/fhir/StructureDefinition/Element"},{"key":"ext-1","severity":"error","human":"Must have either extensions or value[x], not both","expression":"extension.exists() != value.exists()","xpath":"exists(f:extension)!=exists(f:*[starts-with(local-name(.), \"value\")])","source":"http://hl7.org/fhir/StructureDefinition/Extension"}],"isModifier":true,"isModifierReason":"Modifier extensions are expected to modify the meaning or interpretation of the element that contains them","isSummary":true,"mapping":[{"identity":"rim","map":"N/A"}]},{"id":"apple-health-kit-correlation-sample.sourceRevision.operatingSystemVersion.majorVersion","path":"apple-health-kit-correlation-sample.sourceRevision.operatingSystemVersion.majorVersion","short":"The major release number, such as 10 in version 10.9.3.","definition":"The major release number, such as 10 in version 10.9.3.","min":1,"max":"1","base":{"path":"apple-health-kit-object.sourceRevision.operatingSystemVersion.majorVersion","min":1,"max":"1"},"type":[{"code":"integer"}]},{"id":"apple-health-kit-correlation-sample.sourceRevision.operatingSystemVersion.minorVersion","path":"apple-health-kit-correlation-sample.sourceRevision.operatingSystemVersion.minorVersion","short":"The minor release number, such as 9 in version 10.9.3.","definition":"The minor release number, such as 9 in version 10.9.3.","min":1,"max":"1","base":{"path":"apple-health-kit-object.sourceRevision.operatingSystemVersion.minorVersion","min":1,"max":"1"},"type":[{"code":"integer"}]},{"id":"apple-health-kit-correlation-sample.sourceRevision.operatingSystemVersion.patchVersion","path":"apple-health-kit-correlation-sample.sourceRevision.operatingSystemVersion.patchVersion","short":"The update release number, such as 3 in version 10.9.3.","definition":"The update release number, such as 3 in version 10.9.3.","min":1,"max":"1","base":{"path":"apple-health-kit-object.sourceRevision.operatingSystemVersion.patchVersion","min":1,"max":"1"},"type":[{"code":"integer"}]},{"id":"apple-health-kit-correlation-sample.sourceRevision.productType","path":"apple-health-kit-correlation-sample.sourceRevision.productType","short":"A string that identifies the device used to save a sample.","definition":"A string that identifies the device used to save a sample.","min":0,"max":"1","base":{"path":"apple-health-kit-object.sourceRevision.productType","min":0,"max":"1"},"type":[{"code":"string"}]},{"id":"apple-health-kit-correlation-sample.startDate","path":"apple-health-kit-correlation-sample.startDate","short":"The sample's start date.","definition":"The sample's start date.","min":0,"max":"1","base":{"path":"apple-health-kit-sample.startDate","min":0,"max":"1"},"type":[{"code":"dateTime"}]},{"id":"apple-health-kit-correlation-sample.endDate","path":"apple-health-kit-correlation-sample.endDate","short":"The sample's end date.","definition":"The sample's end date.","min":0,"max":"1","base":{"path":"apple-health-kit-sample.endDate","min":0,"max":"1"},"type":[{"code":"dateTime"}]},{"id":"apple-health-kit-correlation-sample.hasUndeterminedDuration","path":"apple-health-kit-correlation-sample.hasUndeterminedDuration","short":"Indicates whether the sample has an unknown duration.","definition":"Indicates whether the sample has an unknown duration.","min":0,"max":"1","base":{"path":"apple-health-kit-sample.hasUndeterminedDuration","min":0,"max":"1"},"type":[{"code":"boolean"}]},{"id":"apple-health-kit-correlation-sample.sampleType","path":"apple-health-kit-correlation-sample.sampleType","short":"The sample type.","definition":"The sample type.","min":1,"max":"1","base":{"path":"apple-health-kit-sample.sampleType","min":1,"max":"1"},"type":[{"code":"code"}],"binding":{"strength":"extensible","valueSet":"https://open-health-manager.github.io/standard-patient-health-record-ig/ValueSet/apple-health-kit-sample-type-value-set"}},{"id":"apple-health-kit-correlation-sample.correlationType","path":"apple-health-kit-correlation-sample.correlationType","short":"The type for this correlation.","definition":"The type for this correlation.","min":1,"max":"1","base":{"path":"apple-health-kit-correlation-sample.correlationType","min":1,"max":"1"},"type":[{"code":"code"}],"binding":{"strength":"extensible","valueSet":"https://open-health-manager.github.io/standard-patient-health-record-ig/ValueSet/apple-health-kit-correlation-type-value-set"}},{"id":"apple-health-kit-correlation-sample.objects","path":"apple-health-kit-correlation-sample.objects","short":"The set of sample objects that make up the correlation.","definition":"The set of sample objects that make up the correlation.","min":1,"max":"*","base":{"path":"apple-health-kit-correlation-sample.objects","min":1,"max":"*"},"type":[{"code":"Resource"}]}]},"differential":{"element":[{"id":"apple-health-kit-correlation-sample","path":"apple-health-kit-correlation-sample","short":"Apple HealthKit Correlation Sample Logical Model","definition":"Data elements for the Apple HealthKit HKCorrelation."},{"id":"apple-health-kit-correlation-sample.correlationType","path":"apple-health-kit-correlation-sample.correlationType","short":"The type for this correlation.","definition":"The type for this correlation.","min":1,"max":"1","type":[{"code":"code"}],"binding":{"strength":"extensible","valueSet":"https://open-health-manager.github.io/standard-patient-health-record-ig/ValueSet/apple-health-kit-correlation-type-value-set"}},{"id":"apple-health-kit-correlation-sample.objects","path":"apple-health-kit-correlation-sample.objects","short":"The set of sample objects that make up the correlation.","definition":"The set of sample objects that make up the correlation.","min":1,"max":"*","type":[{"code":"Resource"}]}]}}