{"resourceType":"ValueSet","id":"pcd-sleep-observation-code","text":{"status":"generated","div":"<div xmlns=\"http://www.w3.org/1999/xhtml\"><p>This value set includes codes based on the following rules:</p><ul><li>Include these codes as defined in <a href=\"http://loinc.org\"><code>http://loinc.org</code></a><table class=\"none\"><tr><td style=\"white-space:nowrap\"><b>Code</b></td><td><b>Display</b></td></tr><tr><td><a href=\"http://details.loinc.org/LOINC/93831-6.html\">93831-6</a></td><td>Deep sleep duration</td></tr><tr><td><a href=\"http://details.loinc.org/LOINC/93830-8.html\">93830-8</a></td><td>Light sleep duration</td></tr><tr><td><a href=\"http://details.loinc.org/LOINC/93829-0.html\">93829-0</a></td><td>REM sleep duration</td></tr><tr><td><a href=\"http://details.loinc.org/LOINC/93832-4.html\">93832-4</a></td><td>Sleep duration</td></tr></table></li><li>Include these codes as defined in <a href=\"http://www.snomed.org/\"><code>http://snomed.info/sct</code></a><table class=\"none\"><tr><td style=\"white-space:nowrap\"><b>Code</b></td><td><b>Display</b></td></tr><tr><td><a href=\"http://snomed.info/id/258158006\">258158006</a></td><td>Sleep, function (observable entity)</td></tr></table></li></ul></div>"},"url":"https://open-health-manager.github.io/standard-patient-health-record-ig/ValueSet/pcd-sleep-observation-code","version":"0.4.4","name":"PCDSleepObservationCode","title":"Patient contributed data: sleep observation code","status":"active","date":"2022-11-07T08:48:31-06:00","publisher":"MITRE","contact":[{"name":"MITRE","telecom":[{"system":"url","value":"https://open-health-manager.github.io/standard-patient-health-record-ig"}]}],"description":"This value set includes codes to track patient sleep recorded by device or app","compose":{"include":[{"system":"http://loinc.org","concept":[{"code":"93831-6","display":"Deep sleep duration"},{"code":"93830-8","display":"Light sleep duration"},{"code":"93829-0","display":"REM sleep duration"},{"code":"93832-4","display":"Sleep duration"}]},{"system":"http://snomed.info/sct","concept":[{"code":"258158006","display":"Sleep, function (observable entity)"}]}]}}