{
  "resourceType": "BodyStructure",
  "id": "BodyStructureExample",
  "meta": {
    "profile": [
      "https://gitlab.mitre.org/awatson/sphr/StructureDefinition/MyBodyStructure"
    ]
  },
  "text": {
    "status": "generated",
    "div": "<div xmlns=\"http://www.w3.org/1999/xhtml\"><p><b>Generated Narrative</b></p><div style=\"display: inline-block; background-color: #d9e0e7; padding: 6px; margin: 4px; border: 1px solid #8da1b4; border-radius: 5px; line-height: 60%\"><p style=\"margin-bottom: 0px\">Resource \"BodyStructureExample\" </p><p style=\"margin-bottom: 0px\">Profile: <a href=\"StructureDefinition-MyBodyStructure.html\">MyBodyStructure</a></p></div><p><b>patient</b>: <a href=\"Patient/jane-doe\">Patient/jane-doe: Jane Doe</a></p></div>"
  },
  "patient": {
    "reference": "Patient/jane-doe",
    "display": "Jane Doe"
  }
}