{
  "resourceType": "Composition",
  "id": "DiagnosticImagingReport1",
  "meta": {
    "versionId": "1",
    "lastUpdated": "2018-10-04T19:42:52.061-04:00",
    "profile": [
      "http://hl7.org/fhir/us/ccda/StructureDefinition/CCDA-on-FHIR-Diagnostic-Imaging-Report"
    ]
  },
  "language": "en-US",
  "text": {
    "status": "generated",
    "div": "<div xmlns=\"http://www.w3.org/1999/xhtml\" xml:lang=\"en-US\" lang=\"en-US\"><p><b>Generated Narrative</b></p><div style=\"display: inline-block; background-color: #d9e0e7; padding: 6px; margin: 4px; border: 1px solid #8da1b4; border-radius: 5px; line-height: 60%\"><p style=\"margin-bottom: 0px\">Resource \"DiagnosticImagingReport1\" Version \"1\" Updated \"2018-10-04 06:42:52-0500\"  (Language \"en-US\") </p><p style=\"margin-bottom: 0px\">Profile: <code>http://hl7.org/fhir/us/ccda/StructureDefinition/CCDA-on-FHIR-Diagnostic-Imaging-Report</code></p></div><p><b>identifier</b>: id: 1</p><p><b>status</b>: preliminary</p><p><b>type</b>: Diagnostic imaging study <span style=\"background: LightGoldenRodYellow; margin: 4px; border: 1px solid khaki\"> (<a href=\"https://loinc.org/\">LOINC</a>#18748-4)</span></p><p><b>date</b>: 2016-05-16 09:10:14+0000</p><p><b>author</b>: <a href=\"Practitioner/practitioner-1\">Practitioner/practitioner-1: Ronald Boone, MD</a></p><p><b>title</b>: Diagnostic Imaging Report</p><p><b>confidentiality</b>: N</p><h3>Attesters</h3><table class=\"grid\"><tr><td>-</td><td><b>Mode</b></td><td><b>Time</b></td><td><b>Party</b></td></tr><tr><td>*</td><td>legal</td><td>2016-06-15 09:10:14+0000</td><td><a href=\"Practitioner/practitioner-1\">Practitioner/practitioner-1: Ronald Boone, MD</a></td></tr></table><p><b>custodian</b>: <a href=\"Organization-organization-1.html\">Organization/organization-1: Acme Labs</a> \"Acme Labs\"</p><h3>Events</h3><table class=\"grid\"><tr><td>-</td><td><b>Code</b></td><td><b>Period</b></td></tr><tr><td>*</td><td>Standard Chest X-Ray <span style=\"background: LightGoldenRodYellow; margin: 4px; border: 1px solid khaki\"> (<a href=\"https://browser.ihtsdotools.org/\">SNOMED CT</a>#168731009)</span></td><td>2016-06-15 --&gt; 2016-06-15</td></tr></table></div>"
  },
  "identifier": {
    "system": "urn:ietf:rfc:3986",
    "value": "1"
  },
  "status": "preliminary",
  "type": {
    "coding": [
      {
        "system": "http://loinc.org",
        "code": "18748-4",
        "display": "Diagnostic imaging study"
      }
    ]
  },
  "subject": {
    "reference": "Patient/john-doe",
    "display": "John Doe"
  },
  "date": "2016-05-16T09:10:14Z",
  "author": [
    {
      "reference": "Practitioner/practitioner-1",
      "display": "Ronald Boone, MD"
    }
  ],
  "title": "Diagnostic Imaging Report",
  "confidentiality": "N",
  "attester": [
    {
      "mode": "legal",
      "time": "2016-06-15T09:10:14Z",
      "party": {
        "reference": "Practitioner/practitioner-1",
        "display": "Ronald Boone, MD"
      }
    }
  ],
  "custodian": {
    "reference": "Organization/organization-1",
    "display": "Acme Labs"
  },
  "event": [
    {
      "code": [
        {
          "coding": [
            {
              "system": "http://snomed.info/sct",
              "code": "168731009",
              "display": "Standard Chest X-Ray"
            }
          ]
        }
      ],
      "period": {
        "start": "2016-06-15",
        "end": "2016-06-15"
      }
    }
  ],
  "section": [
    {
      "title": "Findings Section",
      "code": {
        "coding": [
          {
            "system": "http://dicom.nema.org/resources/ontology/DCM",
            "code": "121070",
            "display": "Findings"
          }
        ]
      },
      "text": {
        "status": "generated",
        "div": "<div xmlns=\"http://www.w3.org/1999/xhtml\"><p>The cardiomediastinum is within normal limits. The trachea is midline. The previously described opacity at the medial right lung base has cleared. There are no new infiltrates. There is a new round density at the left hilus, superiorly (diameter about 45mm). A CT scan is recommended for further evaluation. The pleural spaces are clear. The visualized musculoskeletal structures and the upper abdomen are stable and unremarkable.</p></div>"
      }
    },
    {
      "title": "DICOM Object Catalog Section",
      "code": {
        "coding": [
          {
            "system": "http://dicom.nema.org/resources/ontology/DCM",
            "code": "121181",
            "display": "DICOM Object Catalog"
          }
        ]
      },
      "text": {
        "status": "generated",
        "div": "<div xmlns=\"http://www.w3.org/1999/xhtml\"><p>Computed Radiography Image Storage</p></div>"
      }
    },
    {
      "title": "Indications for Procedure Section",
      "code": {
        "coding": [
          {
            "system": "http://dicom.nema.org/resources/ontology/DCM",
            "code": "121109",
            "display": "Indications for Procedure"
          }
        ]
      },
      "text": {
        "status": "generated",
        "div": "<div xmlns=\"http://www.w3.org/1999/xhtml\"><p>Suspected lung tumor</p></div>"
      }
    }
  ]
}