{
  "resourceType": "ImplementationGuide",
  "id": "StandardPersonalHealthRecordIG",
  "text": {
    "status": "extensions",
    "div": "<div xmlns=\"http://www.w3.org/1999/xhtml\"><h2>StandardPersonalHealthRecordIG</h2><p>The official URL for this implementation guide is: </p><pre>https://gitlab.mitre.org/awatson/sphr/ImplementationGuide/StandardPersonalHealthRecordIG</pre></div>"
  },
  "url": "https://gitlab.mitre.org/awatson/sphr/ImplementationGuide/StandardPersonalHealthRecordIG",
  "version": "0.2.1",
  "name": "StandardPersonalHealthRecordIG",
  "status": "draft",
  "date": "2022-03-09T08:58:18-06:00",
  "publisher": "MITRE",
  "contact": [
    {
      "name": "MITRE",
      "telecom": [
        {
          "system": "url",
          "value": "https://gitlab.mitre.org/awatson/sphr"
        }
      ]
    }
  ],
  "packageId": "StandardPersonalHealthRecordIG",
  "license": "CC0-1.0",
  "fhirVersion": [
    "4.0.1"
  ],
  "definition": {
    "extension": [
      {
        "extension": [
          {
            "url": "code",
            "valueString": "copyrightyear"
          },
          {
            "url": "value",
            "valueString": "2022+"
          }
        ],
        "url": "http://hl7.org/fhir/tools/StructureDefinition/ig-parameter"
      },
      {
        "extension": [
          {
            "url": "code",
            "valueString": "releaselabel"
          },
          {
            "url": "value",
            "valueString": "ci-build"
          }
        ],
        "url": "http://hl7.org/fhir/tools/StructureDefinition/ig-parameter"
      },
      {
        "extension": [
          {
            "url": "code",
            "valueString": "path-liquid"
          },
          {
            "url": "value",
            "valueString": "template/liquid"
          }
        ],
        "url": "http://hl7.org/fhir/tools/StructureDefinition/ig-parameter"
      },
      {
        "extension": [
          {
            "url": "code",
            "valueString": "path-liquid"
          },
          {
            "url": "value",
            "valueString": "input/liquid"
          }
        ],
        "url": "http://hl7.org/fhir/tools/StructureDefinition/ig-parameter"
      },
      {
        "extension": [
          {
            "url": "code",
            "valueString": "path-qa"
          },
          {
            "url": "value",
            "valueString": "temp/qa"
          }
        ],
        "url": "http://hl7.org/fhir/tools/StructureDefinition/ig-parameter"
      },
      {
        "extension": [
          {
            "url": "code",
            "valueString": "path-temp"
          },
          {
            "url": "value",
            "valueString": "temp/pages"
          }
        ],
        "url": "http://hl7.org/fhir/tools/StructureDefinition/ig-parameter"
      },
      {
        "extension": [
          {
            "url": "code",
            "valueString": "path-output"
          },
          {
            "url": "value",
            "valueString": "output"
          }
        ],
        "url": "http://hl7.org/fhir/tools/StructureDefinition/ig-parameter"
      },
      {
        "extension": [
          {
            "url": "code",
            "valueString": "path-suppressed-warnings"
          },
          {
            "url": "value",
            "valueString": "input/ignoreWarnings.txt"
          }
        ],
        "url": "http://hl7.org/fhir/tools/StructureDefinition/ig-parameter"
      },
      {
        "extension": [
          {
            "url": "code",
            "valueString": "path-history"
          },
          {
            "url": "value",
            "valueString": "https://gitlab.mitre.org/awatson/sphr/history.html"
          }
        ],
        "url": "http://hl7.org/fhir/tools/StructureDefinition/ig-parameter"
      },
      {
        "extension": [
          {
            "url": "code",
            "valueString": "template-html"
          },
          {
            "url": "value",
            "valueString": "template-page.html"
          }
        ],
        "url": "http://hl7.org/fhir/tools/StructureDefinition/ig-parameter"
      },
      {
        "extension": [
          {
            "url": "code",
            "valueString": "template-md"
          },
          {
            "url": "value",
            "valueString": "template-page-md.html"
          }
        ],
        "url": "http://hl7.org/fhir/tools/StructureDefinition/ig-parameter"
      },
      {
        "extension": [
          {
            "url": "code",
            "valueString": "apply-contact"
          },
          {
            "url": "value",
            "valueString": "true"
          }
        ],
        "url": "http://hl7.org/fhir/tools/StructureDefinition/ig-parameter"
      },
      {
        "extension": [
          {
            "url": "code",
            "valueString": "apply-context"
          },
          {
            "url": "value",
            "valueString": "true"
          }
        ],
        "url": "http://hl7.org/fhir/tools/StructureDefinition/ig-parameter"
      },
      {
        "extension": [
          {
            "url": "code",
            "valueString": "apply-copyright"
          },
          {
            "url": "value",
            "valueString": "true"
          }
        ],
        "url": "http://hl7.org/fhir/tools/StructureDefinition/ig-parameter"
      },
      {
        "extension": [
          {
            "url": "code",
            "valueString": "apply-jurisdiction"
          },
          {
            "url": "value",
            "valueString": "true"
          }
        ],
        "url": "http://hl7.org/fhir/tools/StructureDefinition/ig-parameter"
      },
      {
        "extension": [
          {
            "url": "code",
            "valueString": "apply-license"
          },
          {
            "url": "value",
            "valueString": "true"
          }
        ],
        "url": "http://hl7.org/fhir/tools/StructureDefinition/ig-parameter"
      },
      {
        "extension": [
          {
            "url": "code",
            "valueString": "apply-publisher"
          },
          {
            "url": "value",
            "valueString": "true"
          }
        ],
        "url": "http://hl7.org/fhir/tools/StructureDefinition/ig-parameter"
      },
      {
        "extension": [
          {
            "url": "code",
            "valueString": "apply-version"
          },
          {
            "url": "value",
            "valueString": "true"
          }
        ],
        "url": "http://hl7.org/fhir/tools/StructureDefinition/ig-parameter"
      },
      {
        "extension": [
          {
            "url": "code",
            "valueString": "active-tables"
          },
          {
            "url": "value",
            "valueString": "true"
          }
        ],
        "url": "http://hl7.org/fhir/tools/StructureDefinition/ig-parameter"
      },
      {
        "extension": [
          {
            "url": "code",
            "valueString": "fmm-definition"
          },
          {
            "url": "value",
            "valueString": "http://hl7.org/fhir/versions.html#maturity"
          }
        ],
        "url": "http://hl7.org/fhir/tools/StructureDefinition/ig-parameter"
      },
      {
        "extension": [
          {
            "url": "code",
            "valueString": "propagate-status"
          },
          {
            "url": "value",
            "valueString": "true"
          }
        ],
        "url": "http://hl7.org/fhir/tools/StructureDefinition/ig-parameter"
      }
    ],
    "resource": [
      {
        "extension": [
          {
            "url": "http://hl7.org/fhir/tools/StructureDefinition/resource-information",
            "valueString": "StructureDefinition:resource"
          }
        ],
        "reference": {
          "reference": "StructureDefinition/MyAllergyIntolerance"
        },
        "name": "MyAllergyIntolerance",
        "description": "An example profile of the AllergyIntolerance resource.",
        "exampleBoolean": false
      },
      {
        "extension": [
          {
            "url": "http://hl7.org/fhir/tools/StructureDefinition/resource-information",
            "valueString": "StructureDefinition:resource"
          }
        ],
        "reference": {
          "reference": "StructureDefinition/MyBodyStructure"
        },
        "name": "MyBodyStructure",
        "description": "An example profile of the BodyStructure resource.",
        "exampleBoolean": false
      },
      {
        "extension": [
          {
            "url": "http://hl7.org/fhir/tools/StructureDefinition/resource-information",
            "valueString": "StructureDefinition:resource"
          }
        ],
        "reference": {
          "reference": "StructureDefinition/MyCarePlan"
        },
        "name": "MyCarePlan",
        "description": "An example profile of the CarePlan resource.",
        "exampleBoolean": false
      },
      {
        "extension": [
          {
            "url": "http://hl7.org/fhir/tools/StructureDefinition/resource-information",
            "valueString": "StructureDefinition:resource"
          }
        ],
        "reference": {
          "reference": "StructureDefinition/MyCareTeam"
        },
        "name": "MyCareTeam",
        "description": "An example profile of the CareTeam resource.",
        "exampleBoolean": false
      },
      {
        "extension": [
          {
            "url": "http://hl7.org/fhir/tools/StructureDefinition/resource-information",
            "valueString": "StructureDefinition:resource"
          }
        ],
        "reference": {
          "reference": "StructureDefinition/MyCommunication"
        },
        "name": "MyCommunication",
        "description": "An example profile of the Communication resource.",
        "exampleBoolean": false
      },
      {
        "extension": [
          {
            "url": "http://hl7.org/fhir/tools/StructureDefinition/resource-information",
            "valueString": "StructureDefinition:resource"
          }
        ],
        "reference": {
          "reference": "StructureDefinition/MyCondition"
        },
        "name": "MyCondition",
        "description": "An example profile of the Condition resource.",
        "exampleBoolean": false
      },
      {
        "extension": [
          {
            "url": "http://hl7.org/fhir/tools/StructureDefinition/resource-information",
            "valueString": "StructureDefinition:resource"
          }
        ],
        "reference": {
          "reference": "StructureDefinition/MyConsent"
        },
        "name": "MyConsent",
        "description": "An example profile of the Consent resource.",
        "exampleBoolean": false
      },
      {
        "extension": [
          {
            "url": "http://hl7.org/fhir/tools/StructureDefinition/resource-information",
            "valueString": "StructureDefinition:resource"
          }
        ],
        "reference": {
          "reference": "StructureDefinition/MyDevice"
        },
        "name": "MyDevice",
        "description": "An example profile of the Device resource.",
        "exampleBoolean": false
      },
      {
        "extension": [
          {
            "url": "http://hl7.org/fhir/tools/StructureDefinition/resource-information",
            "valueString": "StructureDefinition:resource"
          }
        ],
        "reference": {
          "reference": "StructureDefinition/MyDiagnosticReport"
        },
        "name": "MyDiagnosticReport",
        "description": "An example profile of the DiagnosticReport resource.",
        "exampleBoolean": false
      },
      {
        "extension": [
          {
            "url": "http://hl7.org/fhir/tools/StructureDefinition/resource-information",
            "valueString": "StructureDefinition:resource"
          }
        ],
        "reference": {
          "reference": "StructureDefinition/MyFamilyMemberHistory"
        },
        "name": "MyFamilyMemberHistory",
        "description": "An example profile of the FamilyMemberHistory resource.",
        "exampleBoolean": false
      },
      {
        "extension": [
          {
            "url": "http://hl7.org/fhir/tools/StructureDefinition/resource-information",
            "valueString": "StructureDefinition:resource"
          }
        ],
        "reference": {
          "reference": "StructureDefinition/MyGoal"
        },
        "name": "MyGoal",
        "description": "An example profile of the Goal resource.",
        "exampleBoolean": false
      },
      {
        "extension": [
          {
            "url": "http://hl7.org/fhir/tools/StructureDefinition/resource-information",
            "valueString": "StructureDefinition:resource"
          }
        ],
        "reference": {
          "reference": "StructureDefinition/MyImmunization"
        },
        "name": "MyImmunization",
        "description": "An example profile of the Immunization resource.",
        "exampleBoolean": false
      },
      {
        "extension": [
          {
            "url": "http://hl7.org/fhir/tools/StructureDefinition/resource-information",
            "valueString": "StructureDefinition:resource"
          }
        ],
        "reference": {
          "reference": "StructureDefinition/MyMedication"
        },
        "name": "MyMedication",
        "description": "An example profile of the Medication resource.",
        "exampleBoolean": false
      },
      {
        "extension": [
          {
            "url": "http://hl7.org/fhir/tools/StructureDefinition/resource-information",
            "valueString": "StructureDefinition:resource"
          }
        ],
        "reference": {
          "reference": "StructureDefinition/MyMedicationStatement"
        },
        "name": "MyMedicationStatement",
        "description": "An example profile of the MedicationStatement resource.",
        "exampleBoolean": false
      },
      {
        "extension": [
          {
            "url": "http://hl7.org/fhir/tools/StructureDefinition/resource-information",
            "valueString": "StructureDefinition:resource"
          }
        ],
        "reference": {
          "reference": "StructureDefinition/MyMolecularSequence"
        },
        "name": "MyMolecularSequence",
        "description": "An example profile of the MolecularSequence resource.",
        "exampleBoolean": false
      },
      {
        "extension": [
          {
            "url": "http://hl7.org/fhir/tools/StructureDefinition/resource-information",
            "valueString": "StructureDefinition:resource"
          }
        ],
        "reference": {
          "reference": "StructureDefinition/MyObservation"
        },
        "name": "MyObservation",
        "description": "An example profile of the Observation resource.",
        "exampleBoolean": false
      },
      {
        "extension": [
          {
            "url": "http://hl7.org/fhir/tools/StructureDefinition/resource-information",
            "valueString": "StructureDefinition:resource"
          }
        ],
        "reference": {
          "reference": "StructureDefinition/MyPatient"
        },
        "name": "MyPatient",
        "description": "An example profile of the Patient resource.",
        "exampleBoolean": false
      },
      {
        "extension": [
          {
            "url": "http://hl7.org/fhir/tools/StructureDefinition/resource-information",
            "valueString": "StructureDefinition:resource"
          }
        ],
        "reference": {
          "reference": "StructureDefinition/MyPractitioner"
        },
        "name": "MyPractitioner",
        "description": "An example profile of the Practitioner resource.",
        "exampleBoolean": false
      },
      {
        "extension": [
          {
            "url": "http://hl7.org/fhir/tools/StructureDefinition/resource-information",
            "valueString": "StructureDefinition:resource"
          }
        ],
        "reference": {
          "reference": "StructureDefinition/MyProcedure"
        },
        "name": "MyProcedure",
        "description": "An example profile of the Procedure resource.",
        "exampleBoolean": false
      },
      {
        "extension": [
          {
            "url": "http://hl7.org/fhir/tools/StructureDefinition/resource-information",
            "valueString": "StructureDefinition:resource"
          }
        ],
        "reference": {
          "reference": "StructureDefinition/MyRelatedPerson"
        },
        "name": "MyRelatedPerson",
        "description": "An example profile of the RelatedPerson resource.",
        "exampleBoolean": false
      },
      {
        "extension": [
          {
            "url": "http://hl7.org/fhir/tools/StructureDefinition/resource-information",
            "valueString": "StructureDefinition:resource"
          }
        ],
        "reference": {
          "reference": "StructureDefinition/MySpecimen"
        },
        "name": "MySpecimen",
        "description": "An example profile of the Specimen resource.",
        "exampleBoolean": false
      },
      {
        "extension": [
          {
            "url": "http://hl7.org/fhir/tools/StructureDefinition/resource-information",
            "valueString": "StructureDefinition:logical"
          }
        ],
        "reference": {
          "reference": "StructureDefinition/Environmental"
        },
        "name": "Environmental",
        "description": "An example profile of the Environmental resource.",
        "exampleBoolean": false
      },
      {
        "extension": [
          {
            "url": "http://hl7.org/fhir/tools/StructureDefinition/resource-information",
            "valueString": "StructureDefinition:logical"
          }
        ],
        "reference": {
          "reference": "StructureDefinition/HealthReceipt"
        },
        "name": "HealthReceipt",
        "description": "An example profile of the HealthReceipt resource.",
        "exampleBoolean": false
      },
      {
        "extension": [
          {
            "url": "http://hl7.org/fhir/tools/StructureDefinition/resource-information",
            "valueString": "StructureDefinition:logical"
          }
        ],
        "reference": {
          "reference": "StructureDefinition/NutrientIntake"
        },
        "name": "NutrientIntake",
        "description": "An example profile of the NutrientIntake resource.",
        "exampleBoolean": false
      },
      {
        "extension": [
          {
            "url": "http://hl7.org/fhir/tools/StructureDefinition/resource-information",
            "valueString": "StructureDefinition:logical"
          }
        ],
        "reference": {
          "reference": "StructureDefinition/NutrientOuttake"
        },
        "name": "NutrientOuttake",
        "description": "An example profile of the NutrientOuttake resource.",
        "exampleBoolean": false
      },
      {
        "extension": [
          {
            "url": "http://hl7.org/fhir/tools/StructureDefinition/resource-information",
            "valueString": "StructureDefinition:logical"
          }
        ],
        "reference": {
          "reference": "StructureDefinition/SocialMedia"
        },
        "name": "SocialMedia",
        "description": "An example profile of the SocialMedia resource.",
        "exampleBoolean": false
      },
      {
        "extension": [
          {
            "url": "http://hl7.org/fhir/tools/StructureDefinition/resource-information",
            "valueString": "StructureDefinition:logical"
          }
        ],
        "reference": {
          "reference": "StructureDefinition/VitalSigns"
        },
        "name": "VitalSigns",
        "description": "An example profile of the VitalSigns resource.",
        "exampleBoolean": false
      },
      {
        "extension": [
          {
            "url": "http://hl7.org/fhir/tools/StructureDefinition/resource-information",
            "valueString": "AllergyIntolerance"
          }
        ],
        "reference": {
          "reference": "AllergyIntolerance/AllergyIntoleranceExample"
        },
        "name": "AllergyIntoleranceExample",
        "description": "An example of an AllergyIntolerance.",
        "exampleCanonical": "https://gitlab.mitre.org/awatson/sphr/StructureDefinition/MyAllergyIntolerance"
      },
      {
        "extension": [
          {
            "url": "http://hl7.org/fhir/tools/StructureDefinition/resource-information",
            "valueString": "BodyStructure"
          }
        ],
        "reference": {
          "reference": "BodyStructure/BodyStructureExample"
        },
        "name": "BodyStructureExample",
        "description": "An example of a BodyStructure .",
        "exampleCanonical": "https://gitlab.mitre.org/awatson/sphr/StructureDefinition/MyBodyStructure"
      },
      {
        "extension": [
          {
            "url": "http://hl7.org/fhir/tools/StructureDefinition/resource-information",
            "valueString": "CarePlan"
          }
        ],
        "reference": {
          "reference": "CarePlan/CarePlanExample"
        },
        "name": "CarePlanExample",
        "description": "An example of a CarePlan .",
        "exampleCanonical": "https://gitlab.mitre.org/awatson/sphr/StructureDefinition/MyCarePlan"
      },
      {
        "extension": [
          {
            "url": "http://hl7.org/fhir/tools/StructureDefinition/resource-information",
            "valueString": "CareTeam"
          }
        ],
        "reference": {
          "reference": "CareTeam/CareTeamExample"
        },
        "name": "CareTeamExample",
        "description": "An example of a CareTeam .",
        "exampleCanonical": "https://gitlab.mitre.org/awatson/sphr/StructureDefinition/MyCareTeam"
      },
      {
        "extension": [
          {
            "url": "http://hl7.org/fhir/tools/StructureDefinition/resource-information",
            "valueString": "Communication"
          }
        ],
        "reference": {
          "reference": "Communication/CommunicationExample"
        },
        "name": "CommunicationExample",
        "description": "An example of a Communication .",
        "exampleCanonical": "https://gitlab.mitre.org/awatson/sphr/StructureDefinition/MyCommunication"
      },
      {
        "extension": [
          {
            "url": "http://hl7.org/fhir/tools/StructureDefinition/resource-information",
            "valueString": "Condition"
          }
        ],
        "reference": {
          "reference": "Condition/ConditionExample"
        },
        "name": "ConditionExample",
        "description": "An example of a Condition .",
        "exampleCanonical": "https://gitlab.mitre.org/awatson/sphr/StructureDefinition/MyCondition"
      },
      {
        "extension": [
          {
            "url": "http://hl7.org/fhir/tools/StructureDefinition/resource-information",
            "valueString": "Consent"
          }
        ],
        "reference": {
          "reference": "Consent/ConsentExample"
        },
        "name": "ConsentExample",
        "description": "An example of a Consent .",
        "exampleCanonical": "https://gitlab.mitre.org/awatson/sphr/StructureDefinition/MyConsent"
      },
      {
        "extension": [
          {
            "url": "http://hl7.org/fhir/tools/StructureDefinition/resource-information",
            "valueString": "Device"
          }
        ],
        "reference": {
          "reference": "Device/DeviceExample"
        },
        "name": "DeviceExample",
        "description": "An example of a Device .",
        "exampleCanonical": "https://gitlab.mitre.org/awatson/sphr/StructureDefinition/MyDevice"
      },
      {
        "extension": [
          {
            "url": "http://hl7.org/fhir/tools/StructureDefinition/resource-information",
            "valueString": "DiagnosticReport"
          }
        ],
        "reference": {
          "reference": "DiagnosticReport/DiagnosticReportExample"
        },
        "name": "DiagnosticReportExample",
        "description": "An example of a DiagnosticReport .",
        "exampleCanonical": "https://gitlab.mitre.org/awatson/sphr/StructureDefinition/MyDiagnosticReport"
      },
      {
        "extension": [
          {
            "url": "http://hl7.org/fhir/tools/StructureDefinition/resource-information",
            "valueString": "FamilyMemberHistory"
          }
        ],
        "reference": {
          "reference": "FamilyMemberHistory/FamilyMemberHistoryExample"
        },
        "name": "FamilyMemberHistoryExample",
        "description": "An example of a FamilyMemberHistory .",
        "exampleCanonical": "https://gitlab.mitre.org/awatson/sphr/StructureDefinition/MyFamilyMemberHistory"
      },
      {
        "extension": [
          {
            "url": "http://hl7.org/fhir/tools/StructureDefinition/resource-information",
            "valueString": "Goal"
          }
        ],
        "reference": {
          "reference": "Goal/GoalExample"
        },
        "name": "GoalExample",
        "description": "An example of a patient .",
        "exampleCanonical": "https://gitlab.mitre.org/awatson/sphr/StructureDefinition/MyGoal"
      },
      {
        "extension": [
          {
            "url": "http://hl7.org/fhir/tools/StructureDefinition/resource-information",
            "valueString": "Immunization"
          }
        ],
        "reference": {
          "reference": "Immunization/ImmunizationExample"
        },
        "name": "ImmunizationExample",
        "description": "An example of a Immunization .",
        "exampleCanonical": "https://gitlab.mitre.org/awatson/sphr/StructureDefinition/MyImmunization"
      },
      {
        "extension": [
          {
            "url": "http://hl7.org/fhir/tools/StructureDefinition/resource-information",
            "valueString": "Medication"
          }
        ],
        "reference": {
          "reference": "Medication/MedicationExample"
        },
        "name": "MedicationExample",
        "description": "An example of a Medication .",
        "exampleCanonical": "https://gitlab.mitre.org/awatson/sphr/StructureDefinition/MyMedication"
      },
      {
        "extension": [
          {
            "url": "http://hl7.org/fhir/tools/StructureDefinition/resource-information",
            "valueString": "MedicationStatement"
          }
        ],
        "reference": {
          "reference": "MedicationStatement/MedicationStatementExample"
        },
        "name": "MedicationStatementExample",
        "description": "An example of a MedicationStatement .",
        "exampleCanonical": "https://gitlab.mitre.org/awatson/sphr/StructureDefinition/MyMedicationStatement"
      },
      {
        "extension": [
          {
            "url": "http://hl7.org/fhir/tools/StructureDefinition/resource-information",
            "valueString": "Observation"
          }
        ],
        "reference": {
          "reference": "Observation/ObservationExample"
        },
        "name": "ObservationExample",
        "description": "An example of a Observation .",
        "exampleCanonical": "https://gitlab.mitre.org/awatson/sphr/StructureDefinition/MyObservation"
      },
      {
        "extension": [
          {
            "url": "http://hl7.org/fhir/tools/StructureDefinition/resource-information",
            "valueString": "Patient"
          }
        ],
        "reference": {
          "reference": "Patient/PatientExample"
        },
        "name": "PatientExample",
        "description": "An example of a patient .",
        "exampleCanonical": "https://gitlab.mitre.org/awatson/sphr/StructureDefinition/MyPatient"
      },
      {
        "extension": [
          {
            "url": "http://hl7.org/fhir/tools/StructureDefinition/resource-information",
            "valueString": "Practitioner"
          }
        ],
        "reference": {
          "reference": "Practitioner/PractitionerExample"
        },
        "name": "PractitionerExample",
        "description": "An example of a Practitioner .",
        "exampleCanonical": "https://gitlab.mitre.org/awatson/sphr/StructureDefinition/MyPractitioner"
      },
      {
        "extension": [
          {
            "url": "http://hl7.org/fhir/tools/StructureDefinition/resource-information",
            "valueString": "Procedure"
          }
        ],
        "reference": {
          "reference": "Procedure/ProcedureExample"
        },
        "name": "ProcedureExample",
        "description": "An example of a Procedure .",
        "exampleCanonical": "https://gitlab.mitre.org/awatson/sphr/StructureDefinition/MyProcedure"
      },
      {
        "extension": [
          {
            "url": "http://hl7.org/fhir/tools/StructureDefinition/resource-information",
            "valueString": "RelatedPerson"
          }
        ],
        "reference": {
          "reference": "RelatedPerson/RelatedPersonExample"
        },
        "name": "RelatedPersonExample",
        "description": "An example of a RelatedPerson .",
        "exampleCanonical": "https://gitlab.mitre.org/awatson/sphr/StructureDefinition/MyRelatedPerson"
      },
      {
        "extension": [
          {
            "url": "http://hl7.org/fhir/tools/StructureDefinition/resource-information",
            "valueString": "Specimen"
          }
        ],
        "reference": {
          "reference": "Specimen/SpecimenExample"
        },
        "name": "SpecimenExample",
        "description": "An example of a Specimen .",
        "exampleCanonical": "https://gitlab.mitre.org/awatson/sphr/StructureDefinition/MySpecimen"
      }
    ],
    "page": {
      "nameUrl": "toc.html",
      "title": "Table of Contents",
      "generation": "html",
      "page": [
        {
          "nameUrl": "index.html",
          "title": "Getting Started",
          "generation": "markdown"
        },
        {
          "nameUrl": "usecases.html",
          "title": "Accessibility Use Cases",
          "generation": "markdown"
        },
        {
          "nameUrl": "datamodel.html",
          "title": "Data Model",
          "generation": "markdown"
        },
        {
          "nameUrl": "datastorage.html",
          "title": "Storage",
          "generation": "markdown"
        },
        {
          "nameUrl": "physiology.html",
          "title": "Physiology Simulations",
          "generation": "markdown"
        }
      ]
    },
    "parameter": [
      {
        "code": "path-resource",
        "value": "input/capabilities"
      },
      {
        "code": "path-resource",
        "value": "input/examples"
      },
      {
        "code": "path-resource",
        "value": "input/extensions"
      },
      {
        "code": "path-resource",
        "value": "input/models"
      },
      {
        "code": "path-resource",
        "value": "input/operations"
      },
      {
        "code": "path-resource",
        "value": "input/profiles"
      },
      {
        "code": "path-resource",
        "value": "input/resources"
      },
      {
        "code": "path-resource",
        "value": "input/vocabulary"
      },
      {
        "code": "path-resource",
        "value": "input/maps"
      },
      {
        "code": "path-resource",
        "value": "input/testing"
      },
      {
        "code": "path-resource",
        "value": "input/history"
      },
      {
        "code": "path-resource",
        "value": "fsh-generated/resources"
      },
      {
        "code": "path-pages",
        "value": "template/config"
      },
      {
        "code": "path-pages",
        "value": "input/images"
      },
      {
        "code": "path-tx-cache",
        "value": "input-cache/txcache"
      }
    ]
  }
}