<?xml version="1.0" encoding="UTF-8"?><ImplementationGuide xmlns="http://hl7.org/fhir"><id value="StandardPatientHealthRecordIG"/><text><status value="extensions"/><div xmlns="http://www.w3.org/1999/xhtml"><h2>StandardPatientHealthRecordIG</h2><p>The official URL for this implementation guide is: </p><pre>https://gitlab.mitre.org/awatson/sphr/ImplementationGuide/StandardPatientHealthRecordIG</pre></div></text><url value="https://gitlab.mitre.org/awatson/sphr/ImplementationGuide/StandardPatientHealthRecordIG"/><version value="0.3.0"/><name value="StandardPatientHealthRecordIG"/><status value="draft"/><date value="2022-04-22T19:30:43-05:00"/><publisher value="MITRE"/><contact><name value="MITRE"/><telecom><system value="url"/><value value="https://gitlab.mitre.org/awatson/sphr"/></telecom></contact><packageId value="StandardPatientHealthRecordIG"/><license value="CC0-1.0"/><fhirVersion value="4.0.1"/><definition><extension url="http://hl7.org/fhir/tools/StructureDefinition/ig-parameter"><extension url="code"><valueString value="copyrightyear"/></extension><extension url="value"><valueString value="2022+"/></extension></extension><extension url="http://hl7.org/fhir/tools/StructureDefinition/ig-parameter"><extension url="code"><valueString value="releaselabel"/></extension><extension url="value"><valueString value="ci-build"/></extension></extension><extension url="http://hl7.org/fhir/tools/StructureDefinition/ig-parameter"><extension url="code"><valueString value="path-liquid"/></extension><extension url="value"><valueString value="template/liquid"/></extension></extension><extension url="http://hl7.org/fhir/tools/StructureDefinition/ig-parameter"><extension url="code"><valueString value="path-liquid"/></extension><extension url="value"><valueString value="input/liquid"/></extension></extension><extension url="http://hl7.org/fhir/tools/StructureDefinition/ig-parameter"><extension url="code"><valueString value="path-qa"/></extension><extension url="value"><valueString value="temp/qa"/></extension></extension><extension url="http://hl7.org/fhir/tools/StructureDefinition/ig-parameter"><extension url="code"><valueString value="path-temp"/></extension><extension url="value"><valueString value="temp/pages"/></extension></extension><extension url="http://hl7.org/fhir/tools/StructureDefinition/ig-parameter"><extension url="code"><valueString value="path-output"/></extension><extension url="value"><valueString value="output"/></extension></extension><extension url="http://hl7.org/fhir/tools/StructureDefinition/ig-parameter"><extension url="code"><valueString value="path-suppressed-warnings"/></extension><extension url="value"><valueString value="input/ignoreWarnings.txt"/></extension></extension><extension url="http://hl7.org/fhir/tools/StructureDefinition/ig-parameter"><extension url="code"><valueString value="path-history"/></extension><extension url="value"><valueString value="https://gitlab.mitre.org/awatson/sphr/history.html"/></extension></extension><extension url="http://hl7.org/fhir/tools/StructureDefinition/ig-parameter"><extension url="code"><valueString value="template-html"/></extension><extension url="value"><valueString value="template-page.html"/></extension></extension><extension url="http://hl7.org/fhir/tools/StructureDefinition/ig-parameter"><extension url="code"><valueString value="template-md"/></extension><extension url="value"><valueString value="template-page-md.html"/></extension></extension><extension url="http://hl7.org/fhir/tools/StructureDefinition/ig-parameter"><extension url="code"><valueString value="apply-contact"/></extension><extension url="value"><valueString value="true"/></extension></extension><extension url="http://hl7.org/fhir/tools/StructureDefinition/ig-parameter"><extension url="code"><valueString value="apply-context"/></extension><extension url="value"><valueString value="true"/></extension></extension><extension url="http://hl7.org/fhir/tools/StructureDefinition/ig-parameter"><extension url="code"><valueString value="apply-copyright"/></extension><extension url="value"><valueString value="true"/></extension></extension><extension url="http://hl7.org/fhir/tools/StructureDefinition/ig-parameter"><extension url="code"><valueString value="apply-jurisdiction"/></extension><extension url="value"><valueString value="true"/></extension></extension><extension url="http://hl7.org/fhir/tools/StructureDefinition/ig-parameter"><extension url="code"><valueString value="apply-license"/></extension><extension url="value"><valueString value="true"/></extension></extension><extension url="http://hl7.org/fhir/tools/StructureDefinition/ig-parameter"><extension url="code"><valueString value="apply-publisher"/></extension><extension url="value"><valueString value="true"/></extension></extension><extension url="http://hl7.org/fhir/tools/StructureDefinition/ig-parameter"><extension url="code"><valueString value="apply-version"/></extension><extension url="value"><valueString value="true"/></extension></extension><extension url="http://hl7.org/fhir/tools/StructureDefinition/ig-parameter"><extension url="code"><valueString value="active-tables"/></extension><extension url="value"><valueString value="true"/></extension></extension><extension url="http://hl7.org/fhir/tools/StructureDefinition/ig-parameter"><extension url="code"><valueString value="fmm-definition"/></extension><extension url="value"><valueString value="http://hl7.org/fhir/versions.html#maturity"/></extension></extension><extension url="http://hl7.org/fhir/tools/StructureDefinition/ig-parameter"><extension url="code"><valueString value="propagate-status"/></extension><extension url="value"><valueString value="true"/></extension></extension><extension url="http://hl7.org/fhir/tools/StructureDefinition/ig-parameter"><extension url="code"><valueString value="excludelogbinaryformat"/></extension><extension url="value"><valueString value="true"/></extension></extension><grouping id="-str-logicalmodel"><name value="Structures: Logical Models"/><description value="These define data models that represent the domain covered by this implementation guide in more business-friendly terms than the underlying FHIR resources."/></grouping><grouping id="-str-profile"><name value="Structures: Resource Profiles"/><description value="These define constraints on FHIR resources for systems conforming to this implementation guide"/></grouping><grouping id="-ex-example"><name value="Example: Example Instances"/><description value="These are example instances that show what data produced and consumed by systems conforming with this implementation guide might look like"/></grouping><resource><extension url="http://hl7.org/fhir/StructureDefinition/implementationguide-page"><valueUri value="StructureDefinition-PhrAllergyIntolerance.html"/></extension><reference><reference value="StructureDefinition/PhrAllergyIntolerance"/></reference><name value="PhrAllergyIntolerance"/><description value="Standard PHR profile of the AllergyIntolerance resource."/><exampleBoolean value="false"/><groupingId value="-str-profile"/></resource><resource><extension url="http://hl7.org/fhir/StructureDefinition/implementationguide-page"><valueUri value="StructureDefinition-PhrBodyStructure.html"/></extension><reference><reference value="StructureDefinition/PhrBodyStructure"/></reference><name value="PhrBodyStructure"/><description value="Standard PHR profile of the BodyStructure resource."/><exampleBoolean value="false"/><groupingId value="-str-profile"/></resource><resource><extension url="http://hl7.org/fhir/StructureDefinition/implementationguide-page"><valueUri value="StructureDefinition-PhrCarePlan.html"/></extension><reference><reference value="StructureDefinition/PhrCarePlan"/></reference><name value="PhrCarePlan"/><description value="Standard PHR profile of the CarePlan resource."/><exampleBoolean value="false"/><groupingId value="-str-profile"/></resource><resource><extension url="http://hl7.org/fhir/StructureDefinition/implementationguide-page"><valueUri value="StructureDefinition-PhrCareTeam.html"/></extension><reference><reference value="StructureDefinition/PhrCareTeam"/></reference><name value="PhrCareTeam"/><description value="Standard PHR profile of the CareTeam resource."/><exampleBoolean value="false"/><groupingId value="-str-profile"/></resource><resource><extension url="http://hl7.org/fhir/StructureDefinition/implementationguide-page"><valueUri value="StructureDefinition-PhrCommunication.html"/></extension><reference><reference value="StructureDefinition/PhrCommunication"/></reference><name value="PhrCommunication"/><description value="Standard PHR profile of the Communication resource."/><exampleBoolean value="false"/><groupingId value="-str-profile"/></resource><resource><extension url="http://hl7.org/fhir/StructureDefinition/implementationguide-page"><valueUri value="StructureDefinition-PhrCondition.html"/></extension><reference><reference value="StructureDefinition/PhrCondition"/></reference><name value="PhrCondition"/><description value="Standard PHR profile of the Condition resource."/><exampleBoolean value="false"/><groupingId value="-str-profile"/></resource><resource><extension url="http://hl7.org/fhir/StructureDefinition/implementationguide-page"><valueUri value="StructureDefinition-PhrConsent.html"/></extension><reference><reference value="StructureDefinition/PhrConsent"/></reference><name value="PhrConsent"/><description value="Standard PHR profile of the Consent resource."/><exampleBoolean value="false"/><groupingId value="-str-profile"/></resource><resource><extension url="http://hl7.org/fhir/StructureDefinition/implementationguide-page"><valueUri value="StructureDefinition-PhrDevice.html"/></extension><reference><reference value="StructureDefinition/PhrDevice"/></reference><name value="PhrDevice"/><description value="Standard PHR profile of the Device resource."/><exampleBoolean value="false"/><groupingId value="-str-profile"/></resource><resource><extension url="http://hl7.org/fhir/StructureDefinition/implementationguide-page"><valueUri value="StructureDefinition-PhrDiagnosticReport.html"/></extension><reference><reference value="StructureDefinition/PhrDiagnosticReport"/></reference><name value="PhrDiagnosticReport"/><description value="Standard PHR profile of the DiagnosticReport resource."/><exampleBoolean value="false"/><groupingId value="-str-profile"/></resource><resource><extension url="http://hl7.org/fhir/StructureDefinition/implementationguide-page"><valueUri value="StructureDefinition-PhrFamilyMemberHistory.html"/></extension><reference><reference value="StructureDefinition/PhrFamilyMemberHistory"/></reference><name value="PhrFamilyMemberHistory"/><description value="Standard PHR profile of the FamilyMemberHistory resource."/><exampleBoolean value="false"/><groupingId value="-str-profile"/></resource><resource><extension url="http://hl7.org/fhir/StructureDefinition/implementationguide-page"><valueUri value="StructureDefinition-PhrGoal.html"/></extension><reference><reference value="StructureDefinition/PhrGoal"/></reference><name value="PhrGoal"/><description value="Standard PHR profile of the Goal resource."/><exampleBoolean value="false"/><groupingId value="-str-profile"/></resource><resource><extension url="http://hl7.org/fhir/StructureDefinition/implementationguide-page"><valueUri value="StructureDefinition-PhrImmunization.html"/></extension><reference><reference value="StructureDefinition/PhrImmunization"/></reference><name value="PhrImmunization"/><description value="Standard PHR profile of the Immunization resource."/><exampleBoolean value="false"/><groupingId value="-str-profile"/></resource><resource><extension url="http://hl7.org/fhir/StructureDefinition/implementationguide-page"><valueUri value="StructureDefinition-PhrMedication.html"/></extension><reference><reference value="StructureDefinition/PhrMedication"/></reference><name value="PhrMedication"/><description value="Standard PHR profile of the Medication resource."/><exampleBoolean value="false"/><groupingId value="-str-profile"/></resource><resource><extension url="http://hl7.org/fhir/StructureDefinition/implementationguide-page"><valueUri value="StructureDefinition-PhrMedicationStatement.html"/></extension><reference><reference value="StructureDefinition/PhrMedicationStatement"/></reference><name value="PhrMedicationStatement"/><description value="Standard PHR profile of the MedicationStatement resource."/><exampleBoolean value="false"/><groupingId value="-str-profile"/></resource><resource><extension url="http://hl7.org/fhir/StructureDefinition/implementationguide-page"><valueUri value="StructureDefinition-PhrMolecularSequence.html"/></extension><reference><reference value="StructureDefinition/PhrMolecularSequence"/></reference><name value="PhrMolecularSequence"/><description value="Standard PHR profile of the MolecularSequence resource."/><exampleBoolean value="false"/><groupingId value="-str-profile"/></resource><resource><extension url="http://hl7.org/fhir/StructureDefinition/implementationguide-page"><valueUri value="StructureDefinition-PhrObservation.html"/></extension><reference><reference value="StructureDefinition/PhrObservation"/></reference><name value="PhrObservation"/><description value="Standard PHR profile of the Observation resource."/><exampleBoolean value="false"/><groupingId value="-str-profile"/></resource><resource><extension url="http://hl7.org/fhir/StructureDefinition/implementationguide-page"><valueUri value="StructureDefinition-PhrPatient.html"/></extension><reference><reference value="StructureDefinition/PhrPatient"/></reference><name value="PhrPatient"/><description value="Standard PHR profile of the Patient resource."/><exampleBoolean value="false"/><groupingId value="-str-profile"/></resource><resource><extension url="http://hl7.org/fhir/StructureDefinition/implementationguide-page"><valueUri value="StructureDefinition-PhrPractitioner.html"/></extension><reference><reference value="StructureDefinition/PhrPractitioner"/></reference><name value="PhrPractitioner"/><description value="Standard PHR profile of the Practitioner resource."/><exampleBoolean value="false"/><groupingId value="-str-profile"/></resource><resource><extension url="http://hl7.org/fhir/StructureDefinition/implementationguide-page"><valueUri value="StructureDefinition-PhrProcedure.html"/></extension><reference><reference value="StructureDefinition/PhrProcedure"/></reference><name value="PhrProcedure"/><description value="Standard PHR profile of the Procedure resource."/><exampleBoolean value="false"/><groupingId value="-str-profile"/></resource><resource><extension url="http://hl7.org/fhir/StructureDefinition/implementationguide-page"><valueUri value="StructureDefinition-PhrRelatedPerson.html"/></extension><reference><reference value="StructureDefinition/PhrRelatedPerson"/></reference><name value="PhrRelatedPerson"/><description value="Standard PHR profile of the RelatedPerson resource."/><exampleBoolean value="false"/><groupingId value="-str-profile"/></resource><resource><extension url="http://hl7.org/fhir/StructureDefinition/implementationguide-page"><valueUri value="StructureDefinition-PhrSpecimen.html"/></extension><reference><reference value="StructureDefinition/PhrSpecimen"/></reference><name value="PhrSpecimen"/><description value="Standard PHR profile of the Specimen resource."/><exampleBoolean value="false"/><groupingId value="-str-profile"/></resource><resource><extension url="http://hl7.org/fhir/StructureDefinition/implementationguide-page"><valueUri value="StructureDefinition-Environmental.html"/></extension><reference><reference value="StructureDefinition/Environmental"/></reference><name value="Environmental"/><description value="Standard PHR profile of the Environmental resource."/><exampleBoolean value="false"/><groupingId value="-str-logicalmodel"/></resource><resource><extension url="http://hl7.org/fhir/StructureDefinition/implementationguide-page"><valueUri value="StructureDefinition-HealthReceipt.html"/></extension><reference><reference value="StructureDefinition/HealthReceipt"/></reference><name value="HealthReceipt"/><description value="Standard PHR profile of the HealthReceipt resource."/><exampleBoolean value="false"/><groupingId value="-str-logicalmodel"/></resource><resource><extension url="http://hl7.org/fhir/StructureDefinition/implementationguide-page"><valueUri value="StructureDefinition-NutrientIntake.html"/></extension><reference><reference value="StructureDefinition/NutrientIntake"/></reference><name value="NutrientIntake"/><description value="Standard PHR profile of the NutrientIntake resource."/><exampleBoolean value="false"/><groupingId value="-str-logicalmodel"/></resource><resource><extension url="http://hl7.org/fhir/StructureDefinition/implementationguide-page"><valueUri value="StructureDefinition-NutrientOuttake.html"/></extension><reference><reference value="StructureDefinition/NutrientOuttake"/></reference><name value="NutrientOuttake"/><description value="Standard PHR profile of the NutrientOuttake resource."/><exampleBoolean value="false"/><groupingId value="-str-logicalmodel"/></resource><resource><extension url="http://hl7.org/fhir/StructureDefinition/implementationguide-page"><valueUri value="StructureDefinition-SocialMedia.html"/></extension><reference><reference value="StructureDefinition/SocialMedia"/></reference><name value="SocialMedia"/><description value="Standard PHR profile of the SocialMedia resource."/><exampleBoolean value="false"/><groupingId value="-str-logicalmodel"/></resource><resource><extension url="http://hl7.org/fhir/StructureDefinition/implementationguide-page"><valueUri value="Composition-Care-Plan-Example.html"/></extension><reference><reference value="Composition/Care-Plan-Example"/></reference><name value="Care-Plan-Example"/><description value="John Doe - Composition - CarePlan"/><exampleBoolean value="true"/><groupingId value="-ex-example"/></resource><resource><extension url="http://hl7.org/fhir/StructureDefinition/implementationguide-page"><valueUri value="Composition-Consultation-Note-Example.html"/></extension><reference><reference value="Composition/Consultation-Note-Example"/></reference><name value="Consultation-Note-Example"/><description value="John Doe - Composition - Consultation Note"/><exampleBoolean value="true"/><groupingId value="-ex-example"/></resource><resource><extension url="http://hl7.org/fhir/StructureDefinition/implementationguide-page"><valueUri value="Composition-ContinuityCareDocument1.html"/></extension><reference><reference value="Composition/ContinuityCareDocument1"/></reference><name value="ContinuityCareDocument1"/><description value="John Doe - Composition - Continuity of Care Document"/><exampleBoolean value="true"/><groupingId value="-ex-example"/></resource><resource><extension url="http://hl7.org/fhir/StructureDefinition/implementationguide-page"><valueUri value="Composition-DiagnosticImagingReport1.html"/></extension><reference><reference value="Composition/DiagnosticImagingReport1"/></reference><name value="DiagnosticImagingReport1"/><description value="John Doe - Composition - Diagnostic Imaging Report"/><exampleBoolean value="true"/><groupingId value="-ex-example"/></resource><resource><extension url="http://hl7.org/fhir/StructureDefinition/implementationguide-page"><valueUri value="Composition-Discharge-Summary-Example.html"/></extension><reference><reference value="Composition/Discharge-Summary-Example"/></reference><name value="Discharge-Summary-Example"/><description value="John Doe - Composition - Discharge Summary"/><exampleBoolean value="true"/><groupingId value="-ex-example"/></resource><resource><extension url="http://hl7.org/fhir/StructureDefinition/implementationguide-page"><valueUri value="BodyStructure-ExampleBodyStructure.html"/></extension><reference><reference value="BodyStructure/ExampleBodyStructure"/></reference><name value="ExampleBodyStructure"/><description value="John Doe - BodyStructure - Left Foot"/><exampleCanonical value="https://gitlab.mitre.org/awatson/sphr/StructureDefinition/PhrBodyStructure"/><groupingId value="-ex-example"/></resource><resource><extension url="http://hl7.org/fhir/StructureDefinition/implementationguide-page"><valueUri value="CarePlan-ExampleCarePlan.html"/></extension><reference><reference value="CarePlan/ExampleCarePlan"/></reference><name value="ExampleCarePlan"/><description value="John Doe - CarePlan - Consolidated"/><exampleCanonical value="https://gitlab.mitre.org/awatson/sphr/StructureDefinition/PhrCarePlan"/><groupingId value="-ex-example"/></resource><resource><extension url="http://hl7.org/fhir/StructureDefinition/implementationguide-page"><valueUri value="CareTeam-ExampleCareTeam.html"/></extension><reference><reference value="CareTeam/ExampleCareTeam"/></reference><name value="ExampleCareTeam"/><description value="John Doe - CareTeam"/><exampleCanonical value="https://gitlab.mitre.org/awatson/sphr/StructureDefinition/PhrCareTeam"/><groupingId value="-ex-example"/></resource><resource><extension url="http://hl7.org/fhir/StructureDefinition/implementationguide-page"><valueUri value="Communication-ExampleCommunication.html"/></extension><reference><reference value="Communication/ExampleCommunication"/></reference><name value="ExampleCommunication"/><description value="John Doe - Communication - New medication request."/><exampleCanonical value="https://gitlab.mitre.org/awatson/sphr/StructureDefinition/PhrCommunication"/><groupingId value="-ex-example"/></resource><resource><extension url="http://hl7.org/fhir/StructureDefinition/implementationguide-page"><valueUri value="Consent-ExampleConsent.html"/></extension><reference><reference value="Consent/ExampleConsent"/></reference><name value="ExampleConsent"/><description value="John Doe - Consent - Advanced Directive"/><exampleCanonical value="https://gitlab.mitre.org/awatson/sphr/StructureDefinition/PhrConsent"/><groupingId value="-ex-example"/></resource><resource><extension url="http://hl7.org/fhir/StructureDefinition/implementationguide-page"><valueUri value="Device-ExampleDevice.html"/></extension><reference><reference value="Device/ExampleDevice"/></reference><name value="ExampleDevice"/><description value="John Doe - Device - Digital Blood Pressure Cuff"/><exampleCanonical value="https://gitlab.mitre.org/awatson/sphr/StructureDefinition/PhrDevice"/><groupingId value="-ex-example"/></resource><resource><extension url="http://hl7.org/fhir/StructureDefinition/implementationguide-page"><valueUri value="DiagnosticReport-ExampleDiagnosticReport.html"/></extension><reference><reference value="DiagnosticReport/ExampleDiagnosticReport"/></reference><name value="ExampleDiagnosticReport"/><description value="John Doe - DiagnosticReport"/><exampleCanonical value="https://gitlab.mitre.org/awatson/sphr/StructureDefinition/PhrDiagnosticReport"/><groupingId value="-ex-example"/></resource><resource><extension url="http://hl7.org/fhir/StructureDefinition/implementationguide-page"><valueUri value="FamilyMemberHistory-ExampleFamilyMemberHistory.html"/></extension><reference><reference value="FamilyMemberHistory/ExampleFamilyMemberHistory"/></reference><name value="ExampleFamilyMemberHistory"/><description value="John Doe - FamilyMemberHistory"/><exampleCanonical value="https://gitlab.mitre.org/awatson/sphr/StructureDefinition/PhrFamilyMemberHistory"/><groupingId value="-ex-example"/></resource><resource><extension url="http://hl7.org/fhir/StructureDefinition/implementationguide-page"><valueUri value="RelatedPerson-ExampleRelatedPerson.html"/></extension><reference><reference value="RelatedPerson/ExampleRelatedPerson"/></reference><name value="ExampleRelatedPerson"/><description value="John Doe - RelatedPerson - Sister"/><exampleCanonical value="https://gitlab.mitre.org/awatson/sphr/StructureDefinition/PhrRelatedPerson"/><groupingId value="-ex-example"/></resource><resource><extension url="http://hl7.org/fhir/StructureDefinition/implementationguide-page"><valueUri value="Specimen-ExampleSpecimen.html"/></extension><reference><reference value="Specimen/ExampleSpecimen"/></reference><name value="ExampleSpecimen"/><description value="John Doe - Specimen - Urinalysis"/><exampleCanonical value="https://gitlab.mitre.org/awatson/sphr/StructureDefinition/PhrSpecimen"/><groupingId value="-ex-example"/></resource><resource><extension url="http://hl7.org/fhir/StructureDefinition/implementationguide-page"><valueUri value="Composition-History-and-Physical-Example.html"/></extension><reference><reference value="Composition/History-and-Physical-Example"/></reference><name value="History-and-Physical-Example"/><description value="John Doe - Composition - History &amp; Physical"/><exampleBoolean value="true"/><groupingId value="-ex-example"/></resource><resource><extension url="http://hl7.org/fhir/StructureDefinition/implementationguide-page"><valueUri value="Condition-JohnDoe-diabetes.html"/></extension><reference><reference value="Condition/JohnDoe-diabetes"/></reference><name value="JohnDoe-diabetes"/><description value="John Doe - Condition - Diabetes"/><exampleBoolean value="true"/><groupingId value="-ex-example"/></resource><resource><extension url="http://hl7.org/fhir/StructureDefinition/implementationguide-page"><valueUri value="Encounter-JohnDoe-diabetesOnset.html"/></extension><reference><reference value="Encounter/JohnDoe-diabetesOnset"/></reference><name value="JohnDoe-diabetesOnset"/><description value="John Doe - Encounter - Diabetes diagnosis"/><exampleBoolean value="true"/><groupingId value="-ex-example"/></resource><resource><extension url="http://hl7.org/fhir/StructureDefinition/implementationguide-page"><valueUri value="Bundle-Medication-Metformin.html"/></extension><reference><reference value="Bundle/Medication-Metformin"/></reference><name value="Medication-Metformin"/><description value="John Doe - Bundle - Medication Reconciliation Bundle"/><exampleBoolean value="true"/><groupingId value="-ex-example"/></resource><resource><extension url="http://hl7.org/fhir/StructureDefinition/implementationguide-page"><valueUri value="Bundle-ObservationsBundle1.html"/></extension><reference><reference value="Bundle/ObservationsBundle1"/></reference><name value="ObservationsBundle1"/><description value="John Doe - Observation - Collection"/><exampleBoolean value="true"/><groupingId value="-ex-example"/></resource><resource><extension url="http://hl7.org/fhir/StructureDefinition/implementationguide-page"><valueUri value="Composition-Operative-Note-Example.html"/></extension><reference><reference value="Composition/Operative-Note-Example"/></reference><name value="Operative-Note-Example"/><description value="John Doe - Composition - Operative Note"/><exampleBoolean value="true"/><groupingId value="-ex-example"/></resource><resource><extension url="http://hl7.org/fhir/StructureDefinition/implementationguide-page"><valueUri value="Bundle-PractitionersBundle1.html"/></extension><reference><reference value="Bundle/PractitionersBundle1"/></reference><name value="PractitionersBundle1"/><description value="John Doe - Practitioners - Collection"/><exampleBoolean value="true"/><groupingId value="-ex-example"/></resource><resource><extension url="http://hl7.org/fhir/StructureDefinition/implementationguide-page"><valueUri value="Composition-Procedure-Note-Example.html"/></extension><reference><reference value="Composition/Procedure-Note-Example"/></reference><name value="Procedure-Note-Example"/><description value="John Doe - Composition - Procedure Note"/><exampleBoolean value="true"/><groupingId value="-ex-example"/></resource><resource><extension url="http://hl7.org/fhir/StructureDefinition/implementationguide-page"><valueUri value="Composition-Progress-Note-Example.html"/></extension><reference><reference value="Composition/Progress-Note-Example"/></reference><name value="Progress-Note-Example"/><description value="John Doe - Composition - Progress Note"/><exampleBoolean value="true"/><groupingId value="-ex-example"/></resource><resource><extension url="http://hl7.org/fhir/StructureDefinition/implementationguide-page"><valueUri value="Composition-Referral-Note-Example.html"/></extension><reference><reference value="Composition/Referral-Note-Example"/></reference><name value="Referral-Note-Example"/><description value="John Doe - Composition - Referral Note"/><exampleBoolean value="true"/><groupingId value="-ex-example"/></resource><resource><extension url="http://hl7.org/fhir/StructureDefinition/implementationguide-page"><valueUri value="Composition-Transfer-Summary-Example.html"/></extension><reference><reference value="Composition/Transfer-Summary-Example"/></reference><name value="Transfer-Summary-Example"/><description value="John Doe - Composition - Transfer Summary"/><exampleBoolean value="true"/><groupingId value="-ex-example"/></resource><resource><extension url="http://hl7.org/fhir/StructureDefinition/implementationguide-page"><valueUri value="AllergyIntolerance-allergy-intolerance.html"/></extension><reference><reference value="AllergyIntolerance/allergy-intolerance"/></reference><name value="allergy-intolerance"/><description value="John Doe - AllergyIntolerance - Sulfonamide"/><exampleBoolean value="true"/><groupingId value="-ex-example"/></resource><resource><extension url="http://hl7.org/fhir/StructureDefinition/implementationguide-page"><valueUri value="Immunization-immunization.html"/></extension><reference><reference value="Immunization/immunization"/></reference><name value="immunization"/><description value="John Doe - Immunization - Fluzone"/><exampleBoolean value="true"/><groupingId value="-ex-example"/></resource><resource><extension url="http://hl7.org/fhir/StructureDefinition/implementationguide-page"><valueUri value="Patient-john-doe.html"/></extension><reference><reference value="Patient/john-doe"/></reference><name value="john-doe"/><description value="John Doe - Patient Demographics"/><exampleBoolean value="true"/><groupingId value="-ex-example"/></resource><resource><extension url="http://hl7.org/fhir/StructureDefinition/implementationguide-page"><valueUri value="MedicationStatement-medication-statement.html"/></extension><reference><reference value="MedicationStatement/medication-statement"/></reference><name value="medication-statement"/><description value="John Doe - MedicationStatement - Lisinopril"/><exampleBoolean value="true"/><groupingId value="-ex-example"/></resource><resource><extension url="http://hl7.org/fhir/StructureDefinition/implementationguide-page"><valueUri value="Observation-observation-lab-urine.html"/></extension><reference><reference value="Observation/observation-lab-urine"/></reference><name value="observation-lab-urine"/><description value="John Doe - Observation - Urinalysis"/><exampleBoolean value="true"/><groupingId value="-ex-example"/></resource><resource><extension url="http://hl7.org/fhir/StructureDefinition/implementationguide-page"><valueUri value="Observation-observation-smoker.html"/></extension><reference><reference value="Observation/observation-smoker"/></reference><name value="observation-smoker"/><description value="John Doe - Observation - Smoking status"/><exampleBoolean value="true"/><groupingId value="-ex-example"/></resource><resource><extension url="http://hl7.org/fhir/StructureDefinition/implementationguide-page"><valueUri value="Observation-observation-vitals-temp.html"/></extension><reference><reference value="Observation/observation-vitals-temp"/></reference><name value="observation-vitals-temp"/><description value="John Doe - Observation - Body temperature"/><exampleBoolean value="true"/><groupingId value="-ex-example"/></resource><resource><extension url="http://hl7.org/fhir/StructureDefinition/implementationguide-page"><valueUri value="Organization-organization-1.html"/></extension><reference><reference value="Organization/organization-1"/></reference><name value="organization-1"/><description value="Organization - Acme Labs"/><exampleBoolean value="true"/><groupingId value="-ex-example"/></resource><resource><extension url="http://hl7.org/fhir/StructureDefinition/implementationguide-page"><valueUri value="Procedure-procedure-rehab.html"/></extension><reference><reference value="Procedure/procedure-rehab"/></reference><name value="procedure-rehab"/><description value="John Doe - Procedure - Alcohol rehabilitation"/><exampleBoolean value="true"/><groupingId value="-ex-example"/></resource><resource><extension url="http://hl7.org/fhir/StructureDefinition/implementationguide-page"><valueUri value="Bundle-undefined.html"/></extension><reference><reference value="Bundle/undefined"/></reference><name value="undefined"/><exampleBoolean value="true"/><groupingId value="-ex-example"/></resource><page><nameUrl value="toc.html"/><title value="Table of Contents"/><generation value="html"/><page><nameUrl value="index.html"/><title value="Getting Started"/><generation value="markdown"/></page><page><nameUrl value="environments.html"/><title value="Environments"/><generation value="markdown"/></page><page><nameUrl value="datamodel.html"/><title value="Data Model"/><generation value="markdown"/></page><page><nameUrl value="datastorage.html"/><title value="Storage"/><generation value="markdown"/></page><page><nameUrl value="functionality.html"/><title value="Functionality"/><generation value="markdown"/></page><page><nameUrl value="physiology.html"/><title value="Physiology Simulations"/><generation value="markdown"/></page><page><nameUrl value="personas.html"/><title value="Patient Personas"/><generation value="markdown"/></page><page><nameUrl value="artifacts.html"/><title value="Artifacts Summary"/><generation value="html"/><page><nameUrl value="StructureDefinition-Environmental.html"/><title value="Environmental"/><generation value="generated"/></page><page><nameUrl value="StructureDefinition-HealthReceipt.html"/><title value="HealthReceipt"/><generation value="generated"/></page><page><nameUrl value="StructureDefinition-NutrientIntake.html"/><title value="NutrientIntake"/><generation value="generated"/></page><page><nameUrl value="StructureDefinition-NutrientOuttake.html"/><title value="NutrientOuttake"/><generation value="generated"/></page><page><nameUrl value="StructureDefinition-SocialMedia.html"/><title value="SocialMedia"/><generation value="generated"/></page><page><nameUrl value="StructureDefinition-PhrAllergyIntolerance.html"/><title value="PhrAllergyIntolerance"/><generation value="generated"/></page><page><nameUrl value="StructureDefinition-PhrBodyStructure.html"/><title value="PhrBodyStructure"/><generation value="generated"/></page><page><nameUrl value="StructureDefinition-PhrCarePlan.html"/><title value="PhrCarePlan"/><generation value="generated"/></page><page><nameUrl value="StructureDefinition-PhrCareTeam.html"/><title value="PhrCareTeam"/><generation value="generated"/></page><page><nameUrl value="StructureDefinition-PhrCommunication.html"/><title value="PhrCommunication"/><generation value="generated"/></page><page><nameUrl value="StructureDefinition-PhrCondition.html"/><title value="PhrCondition"/><generation value="generated"/></page><page><nameUrl value="StructureDefinition-PhrConsent.html"/><title value="PhrConsent"/><generation value="generated"/></page><page><nameUrl value="StructureDefinition-PhrDevice.html"/><title value="PhrDevice"/><generation value="generated"/></page><page><nameUrl value="StructureDefinition-PhrDiagnosticReport.html"/><title value="PhrDiagnosticReport"/><generation value="generated"/></page><page><nameUrl value="StructureDefinition-PhrFamilyMemberHistory.html"/><title value="PhrFamilyMemberHistory"/><generation value="generated"/></page><page><nameUrl value="StructureDefinition-PhrGoal.html"/><title value="PhrGoal"/><generation value="generated"/></page><page><nameUrl value="StructureDefinition-PhrImmunization.html"/><title value="PhrImmunization"/><generation value="generated"/></page><page><nameUrl value="StructureDefinition-PhrMedication.html"/><title value="PhrMedication"/><generation value="generated"/></page><page><nameUrl value="StructureDefinition-PhrMedicationStatement.html"/><title value="PhrMedicationStatement"/><generation value="generated"/></page><page><nameUrl value="StructureDefinition-PhrMolecularSequence.html"/><title value="PhrMolecularSequence"/><generation value="generated"/></page><page><nameUrl value="StructureDefinition-PhrObservation.html"/><title value="PhrObservation"/><generation value="generated"/></page><page><nameUrl value="StructureDefinition-PhrPatient.html"/><title value="PhrPatient"/><generation value="generated"/></page><page><nameUrl value="StructureDefinition-PhrPractitioner.html"/><title value="PhrPractitioner"/><generation value="generated"/></page><page><nameUrl value="StructureDefinition-PhrProcedure.html"/><title value="PhrProcedure"/><generation value="generated"/></page><page><nameUrl value="StructureDefinition-PhrRelatedPerson.html"/><title value="PhrRelatedPerson"/><generation value="generated"/></page><page><nameUrl value="StructureDefinition-PhrSpecimen.html"/><title value="PhrSpecimen"/><generation value="generated"/></page><page><nameUrl value="Composition-Care-Plan-Example.html"/><title value="Care-Plan-Example"/><generation value="generated"/></page><page><nameUrl value="Composition-Consultation-Note-Example.html"/><title value="Consultation-Note-Example"/><generation value="generated"/></page><page><nameUrl value="Composition-ContinuityCareDocument1.html"/><title value="ContinuityCareDocument1"/><generation value="generated"/></page><page><nameUrl value="Composition-DiagnosticImagingReport1.html"/><title value="DiagnosticImagingReport1"/><generation value="generated"/></page><page><nameUrl value="Composition-Discharge-Summary-Example.html"/><title value="Discharge-Summary-Example"/><generation value="generated"/></page><page><nameUrl value="BodyStructure-ExampleBodyStructure.html"/><title value="ExampleBodyStructure"/><generation value="generated"/></page><page><nameUrl value="CarePlan-ExampleCarePlan.html"/><title value="ExampleCarePlan"/><generation value="generated"/></page><page><nameUrl value="CareTeam-ExampleCareTeam.html"/><title value="ExampleCareTeam"/><generation value="generated"/></page><page><nameUrl value="Communication-ExampleCommunication.html"/><title value="ExampleCommunication"/><generation value="generated"/></page><page><nameUrl value="Consent-ExampleConsent.html"/><title value="ExampleConsent"/><generation value="generated"/></page><page><nameUrl value="Device-ExampleDevice.html"/><title value="ExampleDevice"/><generation value="generated"/></page><page><nameUrl value="DiagnosticReport-ExampleDiagnosticReport.html"/><title value="ExampleDiagnosticReport"/><generation value="generated"/></page><page><nameUrl value="FamilyMemberHistory-ExampleFamilyMemberHistory.html"/><title value="ExampleFamilyMemberHistory"/><generation value="generated"/></page><page><nameUrl value="RelatedPerson-ExampleRelatedPerson.html"/><title value="ExampleRelatedPerson"/><generation value="generated"/></page><page><nameUrl value="Specimen-ExampleSpecimen.html"/><title value="ExampleSpecimen"/><generation value="generated"/></page><page><nameUrl value="Composition-History-and-Physical-Example.html"/><title value="History-and-Physical-Example"/><generation value="generated"/></page><page><nameUrl value="Condition-JohnDoe-diabetes.html"/><title value="JohnDoe-diabetes"/><generation value="generated"/></page><page><nameUrl value="Encounter-JohnDoe-diabetesOnset.html"/><title value="JohnDoe-diabetesOnset"/><generation value="generated"/></page><page><nameUrl value="Bundle-Medication-Metformin.html"/><title value="Medication-Metformin"/><generation value="generated"/></page><page><nameUrl value="Bundle-ObservationsBundle1.html"/><title value="ObservationsBundle1"/><generation value="generated"/></page><page><nameUrl value="Composition-Operative-Note-Example.html"/><title value="Operative-Note-Example"/><generation value="generated"/></page><page><nameUrl value="Bundle-PractitionersBundle1.html"/><title value="PractitionersBundle1"/><generation value="generated"/></page><page><nameUrl value="Composition-Procedure-Note-Example.html"/><title value="Procedure-Note-Example"/><generation value="generated"/></page><page><nameUrl value="Composition-Progress-Note-Example.html"/><title value="Progress-Note-Example"/><generation value="generated"/></page><page><nameUrl value="Composition-Referral-Note-Example.html"/><title value="Referral-Note-Example"/><generation value="generated"/></page><page><nameUrl value="Composition-Transfer-Summary-Example.html"/><title value="Transfer-Summary-Example"/><generation value="generated"/></page><page><nameUrl value="AllergyIntolerance-allergy-intolerance.html"/><title value="allergy-intolerance"/><generation value="generated"/></page><page><nameUrl value="Immunization-immunization.html"/><title value="immunization"/><generation value="generated"/></page><page><nameUrl value="Patient-john-doe.html"/><title value="john-doe"/><generation value="generated"/></page><page><nameUrl value="MedicationStatement-medication-statement.html"/><title value="medication-statement"/><generation value="generated"/></page><page><nameUrl value="Observation-observation-lab-urine.html"/><title value="observation-lab-urine"/><generation value="generated"/></page><page><nameUrl value="Observation-observation-smoker.html"/><title value="observation-smoker"/><generation value="generated"/></page><page><nameUrl value="Observation-observation-vitals-temp.html"/><title value="observation-vitals-temp"/><generation value="generated"/></page><page><nameUrl value="Organization-organization-1.html"/><title value="organization-1"/><generation value="generated"/></page><page><nameUrl value="Procedure-procedure-rehab.html"/><title value="procedure-rehab"/><generation value="generated"/></page><page><nameUrl value="Bundle-undefined.html"/><title value="undefined"/><generation value="generated"/></page></page></page><parameter><code value="path-resource"/><value value="input/capabilities"/></parameter><parameter><code value="path-resource"/><value value="input/examples"/></parameter><parameter><code value="path-resource"/><value value="input/extensions"/></parameter><parameter><code value="path-resource"/><value value="input/models"/></parameter><parameter><code value="path-resource"/><value value="input/operations"/></parameter><parameter><code value="path-resource"/><value value="input/profiles"/></parameter><parameter><code value="path-resource"/><value value="input/resources"/></parameter><parameter><code value="path-resource"/><value value="input/vocabulary"/></parameter><parameter><code value="path-resource"/><value value="input/maps"/></parameter><parameter><code value="path-resource"/><value value="input/testing"/></parameter><parameter><code value="path-resource"/><value value="input/history"/></parameter><parameter><code value="path-resource"/><value value="fsh-generated/resources"/></parameter><parameter><code value="path-pages"/><value value="template/config"/></parameter><parameter><code value="path-pages"/><value value="input/images"/></parameter><parameter><code value="path-tx-cache"/><value value="input-cache/txcache"/></parameter></definition></ImplementationGuide>