<?xml version="1.0" encoding="UTF-8"?><ImplementationGuide xmlns="http://hl7.org/fhir"><id value="StandardPatientHealthRecordIG"/><text><status value="extensions"/><div xmlns="http://www.w3.org/1999/xhtml"><h2>StandardPatientHealthRecordIG</h2><p>The official URL for this implementation guide is: </p><pre>https://gitlab.mitre.org/awatson/sphr/ImplementationGuide/StandardPatientHealthRecordIG</pre></div></text><url value="https://gitlab.mitre.org/awatson/sphr/ImplementationGuide/StandardPatientHealthRecordIG"/><version value="0.3.10"/><name value="StandardPatientHealthRecordIG"/><status value="draft"/><date value="2022-09-28T23:23:22-07:00"/><publisher value="MITRE"/><contact><name value="MITRE"/><telecom><system value="url"/><value value="https://gitlab.mitre.org/awatson/sphr"/></telecom></contact><packageId value="StandardPatientHealthRecordIG"/><license value="CC0-1.0"/><fhirVersion value="4.0.1"/><definition><extension url="http://hl7.org/fhir/tools/StructureDefinition/ig-parameter"><extension url="code"><valueString value="copyrightyear"/></extension><extension url="value"><valueString value="2022+"/></extension></extension><extension url="http://hl7.org/fhir/tools/StructureDefinition/ig-parameter"><extension url="code"><valueString value="releaselabel"/></extension><extension url="value"><valueString value="ci-build"/></extension></extension><extension url="http://hl7.org/fhir/tools/StructureDefinition/ig-parameter"><extension url="code"><valueString value="path-liquid"/></extension><extension url="value"><valueString value="template/liquid"/></extension></extension><extension url="http://hl7.org/fhir/tools/StructureDefinition/ig-parameter"><extension url="code"><valueString value="path-liquid"/></extension><extension url="value"><valueString value="input/liquid"/></extension></extension><extension url="http://hl7.org/fhir/tools/StructureDefinition/ig-parameter"><extension url="code"><valueString value="path-qa"/></extension><extension url="value"><valueString value="temp/qa"/></extension></extension><extension url="http://hl7.org/fhir/tools/StructureDefinition/ig-parameter"><extension url="code"><valueString value="path-temp"/></extension><extension url="value"><valueString value="temp/pages"/></extension></extension><extension url="http://hl7.org/fhir/tools/StructureDefinition/ig-parameter"><extension url="code"><valueString value="path-output"/></extension><extension url="value"><valueString value="output"/></extension></extension><extension url="http://hl7.org/fhir/tools/StructureDefinition/ig-parameter"><extension url="code"><valueString value="path-suppressed-warnings"/></extension><extension url="value"><valueString value="input/ignoreWarnings.txt"/></extension></extension><extension url="http://hl7.org/fhir/tools/StructureDefinition/ig-parameter"><extension url="code"><valueString value="path-history"/></extension><extension url="value"><valueString value="https://gitlab.mitre.org/awatson/sphr/history.html"/></extension></extension><extension url="http://hl7.org/fhir/tools/StructureDefinition/ig-parameter"><extension url="code"><valueString value="template-html"/></extension><extension url="value"><valueString value="template-page.html"/></extension></extension><extension url="http://hl7.org/fhir/tools/StructureDefinition/ig-parameter"><extension url="code"><valueString value="template-md"/></extension><extension url="value"><valueString value="template-page-md.html"/></extension></extension><extension url="http://hl7.org/fhir/tools/StructureDefinition/ig-parameter"><extension url="code"><valueString value="apply-contact"/></extension><extension url="value"><valueString value="true"/></extension></extension><extension url="http://hl7.org/fhir/tools/StructureDefinition/ig-parameter"><extension url="code"><valueString value="apply-context"/></extension><extension url="value"><valueString value="true"/></extension></extension><extension url="http://hl7.org/fhir/tools/StructureDefinition/ig-parameter"><extension url="code"><valueString value="apply-copyright"/></extension><extension url="value"><valueString value="true"/></extension></extension><extension url="http://hl7.org/fhir/tools/StructureDefinition/ig-parameter"><extension url="code"><valueString value="apply-jurisdiction"/></extension><extension url="value"><valueString value="true"/></extension></extension><extension url="http://hl7.org/fhir/tools/StructureDefinition/ig-parameter"><extension url="code"><valueString value="apply-license"/></extension><extension url="value"><valueString value="true"/></extension></extension><extension url="http://hl7.org/fhir/tools/StructureDefinition/ig-parameter"><extension url="code"><valueString value="apply-publisher"/></extension><extension url="value"><valueString value="true"/></extension></extension><extension url="http://hl7.org/fhir/tools/StructureDefinition/ig-parameter"><extension url="code"><valueString value="apply-version"/></extension><extension url="value"><valueString value="true"/></extension></extension><extension url="http://hl7.org/fhir/tools/StructureDefinition/ig-parameter"><extension url="code"><valueString value="active-tables"/></extension><extension url="value"><valueString value="true"/></extension></extension><extension url="http://hl7.org/fhir/tools/StructureDefinition/ig-parameter"><extension url="code"><valueString value="fmm-definition"/></extension><extension url="value"><valueString value="http://hl7.org/fhir/versions.html#maturity"/></extension></extension><extension url="http://hl7.org/fhir/tools/StructureDefinition/ig-parameter"><extension url="code"><valueString value="propagate-status"/></extension><extension url="value"><valueString value="true"/></extension></extension><extension url="http://hl7.org/fhir/tools/StructureDefinition/ig-parameter"><extension url="code"><valueString value="excludelogbinaryformat"/></extension><extension url="value"><valueString value="true"/></extension></extension><grouping id="-str-logicalmodel"><name value="Structures: Logical Models"/><description value="These define data models that represent the domain covered by this implementation guide in more business-friendly terms than the underlying FHIR resources."/></grouping><grouping id="-str-profile"><name value="Structures: Resource Profiles"/><description value="These define constraints on FHIR resources for systems conforming to this implementation guide"/></grouping><grouping id="-map-conceptmap"><name value="Terminology: Concept Maps"/><description value="These define transformations to convert between codes by systems conforming with this implementation guide"/></grouping><resource><extension url="http://hl7.org/fhir/StructureDefinition/implementationguide-page"><valueUri value="StructureDefinition-PhrBundle.html"/></extension><reference><reference value="StructureDefinition/PhrBundle"/></reference><name value="PhrBundle"/><description value="Standard PHR profile of the Bundle resource."/><exampleBoolean value="false"/><groupingId value="-str-profile"/></resource><resource><extension url="http://hl7.org/fhir/StructureDefinition/implementationguide-page"><valueUri value="StructureDefinition-PhrComposition.html"/></extension><reference><reference value="StructureDefinition/PhrComposition"/></reference><name value="PhrComposition"/><description value="Standard PHR profile of the Composition resource."/><exampleBoolean value="false"/><groupingId value="-str-profile"/></resource><resource><extension url="http://hl7.org/fhir/StructureDefinition/implementationguide-page"><valueUri value="StructureDefinition-PhrDocumentManifest.html"/></extension><reference><reference value="StructureDefinition/PhrDocumentManifest"/></reference><name value="PhrDocumentManifest"/><description value="Standard PHR profile of the DocumentManifest resource."/><exampleBoolean value="false"/><groupingId value="-str-profile"/></resource><resource><extension url="http://hl7.org/fhir/StructureDefinition/implementationguide-page"><valueUri value="StructureDefinition-PhrDocumentReference.html"/></extension><reference><reference value="StructureDefinition/PhrDocumentReference"/></reference><name value="PhrDocumentReference"/><description value="Standard PHR profile of the DocumentReference resource."/><exampleBoolean value="false"/><groupingId value="-str-profile"/></resource><resource><extension url="http://hl7.org/fhir/StructureDefinition/implementationguide-page"><valueUri value="StructureDefinition-PhrMedia.html"/></extension><reference><reference value="StructureDefinition/PhrMedia"/></reference><name value="PhrMedia"/><description value="Standard PHR profile of the Media resource."/><exampleBoolean value="false"/><groupingId value="-str-profile"/></resource><resource><extension url="http://hl7.org/fhir/StructureDefinition/implementationguide-page"><valueUri value="StructureDefinition-PhrPatient.html"/></extension><reference><reference value="StructureDefinition/PhrPatient"/></reference><name value="PhrPatient"/><description value="Standard PHR profile of the Patient resource."/><exampleBoolean value="false"/><groupingId value="-str-profile"/></resource><resource><extension url="http://hl7.org/fhir/StructureDefinition/implementationguide-page"><valueUri value="StructureDefinition-PhrProvenance.html"/></extension><reference><reference value="StructureDefinition/PhrProvenance"/></reference><name value="PhrProvenance"/><description value="Standard PHR profile of the Provenance resource."/><exampleBoolean value="false"/><groupingId value="-str-profile"/></resource><resource><extension url="http://hl7.org/fhir/StructureDefinition/implementationguide-page"><valueUri value="StructureDefinition-Environmental.html"/></extension><reference><reference value="StructureDefinition/Environmental"/></reference><name value="Environmental"/><description value="Standard PHR profile of the Environmental resource."/><exampleBoolean value="false"/><groupingId value="-str-logicalmodel"/></resource><resource><extension url="http://hl7.org/fhir/StructureDefinition/implementationguide-page"><valueUri value="StructureDefinition-NutrientOuttake.html"/></extension><reference><reference value="StructureDefinition/NutrientOuttake"/></reference><name value="NutrientOuttake"/><description value="Standard PHR profile of the NutrientOuttake resource."/><exampleBoolean value="false"/><groupingId value="-str-logicalmodel"/></resource><resource><extension url="http://hl7.org/fhir/StructureDefinition/implementationguide-page"><valueUri value="StructureDefinition-SocialMedia.html"/></extension><reference><reference value="StructureDefinition/SocialMedia"/></reference><name value="SocialMedia"/><description value="Standard PHR profile of the SocialMedia resource."/><exampleBoolean value="false"/><groupingId value="-str-logicalmodel"/></resource><resource><extension url="http://hl7.org/fhir/StructureDefinition/implementationguide-page"><valueUri value="ConceptMap-FirstToGiven.html"/></extension><reference><reference value="ConceptMap/FirstToGiven"/></reference><name value="FirstToGiven"/><description value="First name is mapped to Given name"/><exampleBoolean value="false"/><groupingId value="-map-conceptmap"/></resource><resource><extension url="http://hl7.org/fhir/StructureDefinition/implementationguide-page"><valueUri value="ConceptMap-LastToFamily.html"/></extension><reference><reference value="ConceptMap/LastToFamily"/></reference><name value="LastToFamily"/><description value="Last name is mapped to Family name"/><exampleBoolean value="false"/><groupingId value="-map-conceptmap"/></resource><page><nameUrl value="toc.html"/><title value="Table of Contents"/><generation value="html"/><page><nameUrl value="index.html"/><title value="Getting Started"/><generation value="markdown"/></page><page><nameUrl value="history.html"/><title value="History"/><generation value="markdown"/></page><page><nameUrl value="conformance.html"/><title value="Conformance Recommendations"/><generation value="markdown"/></page><page><nameUrl value="recordkeeping.html"/><title value="Record Keeping"/><generation value="markdown"/></page><page><nameUrl value="functionality.html"/><title value="Functional Model"/><generation value="markdown"/></page><page><nameUrl value="datamodel.html"/><title value="Data Model"/><generation value="markdown"/></page><page><nameUrl value="physiology.html"/><title value="Physiology Simulations"/><generation value="markdown"/></page><page><nameUrl value="personas.html"/><title value="Patient Personas"/><generation value="markdown"/></page><page><nameUrl value="downloads.html"/><title value="Downloads"/><generation value="markdown"/></page><page><nameUrl value="environments.html"/><title value="Design Considerations"/><generation value="markdown"/></page><page><nameUrl value="artifacts.html"/><title value="Artifacts Summary"/><generation value="html"/><page><nameUrl value="StructureDefinition-Environmental.html"/><title value="Environmental"/><generation value="generated"/></page><page><nameUrl value="StructureDefinition-NutrientOuttake.html"/><title value="NutrientOuttake"/><generation value="generated"/></page><page><nameUrl value="StructureDefinition-SocialMedia.html"/><title value="SocialMedia"/><generation value="generated"/></page><page><nameUrl value="StructureDefinition-PhrBundle.html"/><title value="PhrBundle"/><generation value="generated"/></page><page><nameUrl value="StructureDefinition-PhrComposition.html"/><title value="PhrComposition"/><generation value="generated"/></page><page><nameUrl value="StructureDefinition-PhrDocumentManifest.html"/><title value="PhrDocumentManifest"/><generation value="generated"/></page><page><nameUrl value="StructureDefinition-PhrDocumentReference.html"/><title value="PhrDocumentReference"/><generation value="generated"/></page><page><nameUrl value="StructureDefinition-PhrMedia.html"/><title value="PhrMedia"/><generation value="generated"/></page><page><nameUrl value="StructureDefinition-PhrPatient.html"/><title value="PhrPatient"/><generation value="generated"/></page><page><nameUrl value="StructureDefinition-PhrProvenance.html"/><title value="PhrProvenance"/><generation value="generated"/></page><page><nameUrl value="ConceptMap-FirstToGiven.html"/><title value="FirstToGiven"/><generation value="generated"/></page><page><nameUrl value="ConceptMap-LastToFamily.html"/><title value="LastToFamily"/><generation value="generated"/></page></page></page><parameter><code value="path-resource"/><value value="input/capabilities"/></parameter><parameter><code value="path-resource"/><value value="input/examples"/></parameter><parameter><code value="path-resource"/><value value="input/extensions"/></parameter><parameter><code value="path-resource"/><value value="input/models"/></parameter><parameter><code value="path-resource"/><value value="input/operations"/></parameter><parameter><code value="path-resource"/><value value="input/profiles"/></parameter><parameter><code value="path-resource"/><value value="input/resources"/></parameter><parameter><code value="path-resource"/><value value="input/vocabulary"/></parameter><parameter><code value="path-resource"/><value value="input/maps"/></parameter><parameter><code value="path-resource"/><value value="input/testing"/></parameter><parameter><code value="path-resource"/><value value="input/history"/></parameter><parameter><code value="path-resource"/><value value="fsh-generated/resources"/></parameter><parameter><code value="path-pages"/><value value="template/config"/></parameter><parameter><code value="path-pages"/><value value="input/images"/></parameter><parameter><code value="path-tx-cache"/><value value="input-cache/txcache"/></parameter></definition></ImplementationGuide>