<?xml version="1.0" encoding="UTF-8"?>

<ImplementationGuide xmlns="http://hl7.org/fhir">
  <id value="StandardPatientHealthRecordIG"/>
  <text>
    <status value="extensions"/><div xmlns="http://www.w3.org/1999/xhtml"><h2>StandardPatientHealthRecordIG</h2><p>The official URL for this implementation guide is: </p><pre>https://gitlab.mitre.org/awatson/sphr/ImplementationGuide/StandardPatientHealthRecordIG</pre></div>
  </text>
  <url value="https://gitlab.mitre.org/awatson/sphr/ImplementationGuide/StandardPatientHealthRecordIG"/>
  <version value="0.3.4"/>
  <name value="StandardPatientHealthRecordIG"/>
  <status value="draft"/>
  <date value="2022-05-18T10:36:35-05:00"/>
  <publisher value="MITRE"/>
  <contact>
    <name value="MITRE"/>
    <telecom>
      <system value="url"/>
      <value value="https://gitlab.mitre.org/awatson/sphr"/>
    </telecom>
  </contact>
  <packageId value="StandardPatientHealthRecordIG"/>
  <license value="CC0-1.0"/>
  <fhirVersion value="4.0.1"/>
  <definition>
    <extension url="http://hl7.org/fhir/tools/StructureDefinition/ig-parameter">
      <extension url="code">
        <valueString value="copyrightyear"/>
      </extension>
      <extension url="value">
        <valueString value="2022+"/>
      </extension>
    </extension>
    <extension url="http://hl7.org/fhir/tools/StructureDefinition/ig-parameter">
      <extension url="code">
        <valueString value="releaselabel"/>
      </extension>
      <extension url="value">
        <valueString value="ci-build"/>
      </extension>
    </extension>
    <extension url="http://hl7.org/fhir/tools/StructureDefinition/ig-parameter">
      <extension url="code">
        <valueString value="path-liquid"/>
      </extension>
      <extension url="value">
        <valueString value="template/liquid"/>
      </extension>
    </extension>
    <extension url="http://hl7.org/fhir/tools/StructureDefinition/ig-parameter">
      <extension url="code">
        <valueString value="path-liquid"/>
      </extension>
      <extension url="value">
        <valueString value="input/liquid"/>
      </extension>
    </extension>
    <extension url="http://hl7.org/fhir/tools/StructureDefinition/ig-parameter">
      <extension url="code">
        <valueString value="path-qa"/>
      </extension>
      <extension url="value">
        <valueString value="temp/qa"/>
      </extension>
    </extension>
    <extension url="http://hl7.org/fhir/tools/StructureDefinition/ig-parameter">
      <extension url="code">
        <valueString value="path-temp"/>
      </extension>
      <extension url="value">
        <valueString value="temp/pages"/>
      </extension>
    </extension>
    <extension url="http://hl7.org/fhir/tools/StructureDefinition/ig-parameter">
      <extension url="code">
        <valueString value="path-output"/>
      </extension>
      <extension url="value">
        <valueString value="output"/>
      </extension>
    </extension>
    <extension url="http://hl7.org/fhir/tools/StructureDefinition/ig-parameter">
      <extension url="code">
        <valueString value="path-suppressed-warnings"/>
      </extension>
      <extension url="value">
        <valueString value="input/ignoreWarnings.txt"/>
      </extension>
    </extension>
    <extension url="http://hl7.org/fhir/tools/StructureDefinition/ig-parameter">
      <extension url="code">
        <valueString value="path-history"/>
      </extension>
      <extension url="value">
        <valueString value="https://gitlab.mitre.org/awatson/sphr/history.html"/>
      </extension>
    </extension>
    <extension url="http://hl7.org/fhir/tools/StructureDefinition/ig-parameter">
      <extension url="code">
        <valueString value="template-html"/>
      </extension>
      <extension url="value">
        <valueString value="template-page.html"/>
      </extension>
    </extension>
    <extension url="http://hl7.org/fhir/tools/StructureDefinition/ig-parameter">
      <extension url="code">
        <valueString value="template-md"/>
      </extension>
      <extension url="value">
        <valueString value="template-page-md.html"/>
      </extension>
    </extension>
    <extension url="http://hl7.org/fhir/tools/StructureDefinition/ig-parameter">
      <extension url="code">
        <valueString value="apply-contact"/>
      </extension>
      <extension url="value">
        <valueString value="true"/>
      </extension>
    </extension>
    <extension url="http://hl7.org/fhir/tools/StructureDefinition/ig-parameter">
      <extension url="code">
        <valueString value="apply-context"/>
      </extension>
      <extension url="value">
        <valueString value="true"/>
      </extension>
    </extension>
    <extension url="http://hl7.org/fhir/tools/StructureDefinition/ig-parameter">
      <extension url="code">
        <valueString value="apply-copyright"/>
      </extension>
      <extension url="value">
        <valueString value="true"/>
      </extension>
    </extension>
    <extension url="http://hl7.org/fhir/tools/StructureDefinition/ig-parameter">
      <extension url="code">
        <valueString value="apply-jurisdiction"/>
      </extension>
      <extension url="value">
        <valueString value="true"/>
      </extension>
    </extension>
    <extension url="http://hl7.org/fhir/tools/StructureDefinition/ig-parameter">
      <extension url="code">
        <valueString value="apply-license"/>
      </extension>
      <extension url="value">
        <valueString value="true"/>
      </extension>
    </extension>
    <extension url="http://hl7.org/fhir/tools/StructureDefinition/ig-parameter">
      <extension url="code">
        <valueString value="apply-publisher"/>
      </extension>
      <extension url="value">
        <valueString value="true"/>
      </extension>
    </extension>
    <extension url="http://hl7.org/fhir/tools/StructureDefinition/ig-parameter">
      <extension url="code">
        <valueString value="apply-version"/>
      </extension>
      <extension url="value">
        <valueString value="true"/>
      </extension>
    </extension>
    <extension url="http://hl7.org/fhir/tools/StructureDefinition/ig-parameter">
      <extension url="code">
        <valueString value="active-tables"/>
      </extension>
      <extension url="value">
        <valueString value="true"/>
      </extension>
    </extension>
    <extension url="http://hl7.org/fhir/tools/StructureDefinition/ig-parameter">
      <extension url="code">
        <valueString value="fmm-definition"/>
      </extension>
      <extension url="value">
        <valueString value="http://hl7.org/fhir/versions.html#maturity"/>
      </extension>
    </extension>
    <extension url="http://hl7.org/fhir/tools/StructureDefinition/ig-parameter">
      <extension url="code">
        <valueString value="propagate-status"/>
      </extension>
      <extension url="value">
        <valueString value="true"/>
      </extension>
    </extension>
    <extension url="http://hl7.org/fhir/tools/StructureDefinition/ig-parameter">
      <extension url="code">
        <valueString value="excludelogbinaryformat"/>
      </extension>
      <extension url="value">
        <valueString value="true"/>
      </extension>
    </extension>
    <resource>
      <extension url="http://hl7.org/fhir/tools/StructureDefinition/resource-information">
        <valueString value="StructureDefinition:resource"/>
      </extension>
      <reference>
        <reference value="StructureDefinition/PhrAllergyIntolerance"/>
      </reference>
      <name value="PhrAllergyIntolerance"/>
      <description value="Standard PHR profile of the AllergyIntolerance resource."/>
      <exampleBoolean value="false"/>
    </resource>
    <resource>
      <extension url="http://hl7.org/fhir/tools/StructureDefinition/resource-information">
        <valueString value="StructureDefinition:resource"/>
      </extension>
      <reference>
        <reference value="StructureDefinition/PhrBodyStructure"/>
      </reference>
      <name value="PhrBodyStructure"/>
      <description value="Standard PHR profile of the BodyStructure resource."/>
      <exampleBoolean value="false"/>
    </resource>
    <resource>
      <extension url="http://hl7.org/fhir/tools/StructureDefinition/resource-information">
        <valueString value="StructureDefinition:resource"/>
      </extension>
      <reference>
        <reference value="StructureDefinition/PhrCarePlan"/>
      </reference>
      <name value="PhrCarePlan"/>
      <description value="Standard PHR profile of the CarePlan resource."/>
      <exampleBoolean value="false"/>
    </resource>
    <resource>
      <extension url="http://hl7.org/fhir/tools/StructureDefinition/resource-information">
        <valueString value="StructureDefinition:resource"/>
      </extension>
      <reference>
        <reference value="StructureDefinition/PhrCareTeam"/>
      </reference>
      <name value="PhrCareTeam"/>
      <description value="Standard PHR profile of the CareTeam resource."/>
      <exampleBoolean value="false"/>
    </resource>
    <resource>
      <extension url="http://hl7.org/fhir/tools/StructureDefinition/resource-information">
        <valueString value="StructureDefinition:resource"/>
      </extension>
      <reference>
        <reference value="StructureDefinition/PhrCommunication"/>
      </reference>
      <name value="PhrCommunication"/>
      <description value="Standard PHR profile of the Communication resource."/>
      <exampleBoolean value="false"/>
    </resource>
    <resource>
      <extension url="http://hl7.org/fhir/tools/StructureDefinition/resource-information">
        <valueString value="StructureDefinition:resource"/>
      </extension>
      <reference>
        <reference value="StructureDefinition/PhrCondition"/>
      </reference>
      <name value="PhrCondition"/>
      <description value="Standard PHR profile of the Condition resource."/>
      <exampleBoolean value="false"/>
    </resource>
    <resource>
      <extension url="http://hl7.org/fhir/tools/StructureDefinition/resource-information">
        <valueString value="StructureDefinition:resource"/>
      </extension>
      <reference>
        <reference value="StructureDefinition/PhrConsent"/>
      </reference>
      <name value="PhrConsent"/>
      <description value="Standard PHR profile of the Consent resource."/>
      <exampleBoolean value="false"/>
    </resource>
    <resource>
      <extension url="http://hl7.org/fhir/tools/StructureDefinition/resource-information">
        <valueString value="StructureDefinition:resource"/>
      </extension>
      <reference>
        <reference value="StructureDefinition/PhrDevice"/>
      </reference>
      <name value="PhrDevice"/>
      <description value="Standard PHR profile of the Device resource."/>
      <exampleBoolean value="false"/>
    </resource>
    <resource>
      <extension url="http://hl7.org/fhir/tools/StructureDefinition/resource-information">
        <valueString value="StructureDefinition:resource"/>
      </extension>
      <reference>
        <reference value="StructureDefinition/PhrDiagnosticReport"/>
      </reference>
      <name value="PhrDiagnosticReport"/>
      <description value="Standard PHR profile of the DiagnosticReport resource."/>
      <exampleBoolean value="false"/>
    </resource>
    <resource>
      <extension url="http://hl7.org/fhir/tools/StructureDefinition/resource-information">
        <valueString value="StructureDefinition:resource"/>
      </extension>
      <reference>
        <reference value="StructureDefinition/PhrFamilyMemberHistory"/>
      </reference>
      <name value="PhrFamilyMemberHistory"/>
      <description value="Standard PHR profile of the FamilyMemberHistory resource."/>
      <exampleBoolean value="false"/>
    </resource>
    <resource>
      <extension url="http://hl7.org/fhir/tools/StructureDefinition/resource-information">
        <valueString value="StructureDefinition:resource"/>
      </extension>
      <reference>
        <reference value="StructureDefinition/PhrGoal"/>
      </reference>
      <name value="PhrGoal"/>
      <description value="Standard PHR profile of the Goal resource."/>
      <exampleBoolean value="false"/>
    </resource>
    <resource>
      <extension url="http://hl7.org/fhir/tools/StructureDefinition/resource-information">
        <valueString value="StructureDefinition:resource"/>
      </extension>
      <reference>
        <reference value="StructureDefinition/PhrImmunization"/>
      </reference>
      <name value="PhrImmunization"/>
      <description value="Standard PHR profile of the Immunization resource."/>
      <exampleBoolean value="false"/>
    </resource>
    <resource>
      <extension url="http://hl7.org/fhir/tools/StructureDefinition/resource-information">
        <valueString value="StructureDefinition:resource"/>
      </extension>
      <reference>
        <reference value="StructureDefinition/PhrMedication"/>
      </reference>
      <name value="PhrMedication"/>
      <description value="Standard PHR profile of the Medication resource."/>
      <exampleBoolean value="false"/>
    </resource>
    <resource>
      <extension url="http://hl7.org/fhir/tools/StructureDefinition/resource-information">
        <valueString value="StructureDefinition:resource"/>
      </extension>
      <reference>
        <reference value="StructureDefinition/PhrMedicationStatement"/>
      </reference>
      <name value="PhrMedicationStatement"/>
      <description value="Standard PHR profile of the MedicationStatement resource."/>
      <exampleBoolean value="false"/>
    </resource>
    <resource>
      <extension url="http://hl7.org/fhir/tools/StructureDefinition/resource-information">
        <valueString value="StructureDefinition:resource"/>
      </extension>
      <reference>
        <reference value="StructureDefinition/PhrMolecularSequence"/>
      </reference>
      <name value="PhrMolecularSequence"/>
      <description value="Standard PHR profile of the MolecularSequence resource."/>
      <exampleBoolean value="false"/>
    </resource>
    <resource>
      <extension url="http://hl7.org/fhir/tools/StructureDefinition/resource-information">
        <valueString value="StructureDefinition:resource"/>
      </extension>
      <reference>
        <reference value="StructureDefinition/PhrObservation"/>
      </reference>
      <name value="PhrObservation"/>
      <description value="Standard PHR profile of the Observation resource."/>
      <exampleBoolean value="false"/>
    </resource>
    <resource>
      <extension url="http://hl7.org/fhir/tools/StructureDefinition/resource-information">
        <valueString value="StructureDefinition:resource"/>
      </extension>
      <reference>
        <reference value="StructureDefinition/PhrPatient"/>
      </reference>
      <name value="PhrPatient"/>
      <description value="Standard PHR profile of the Patient resource."/>
      <exampleBoolean value="false"/>
    </resource>
    <resource>
      <extension url="http://hl7.org/fhir/tools/StructureDefinition/resource-information">
        <valueString value="StructureDefinition:resource"/>
      </extension>
      <reference>
        <reference value="StructureDefinition/PhrPractitioner"/>
      </reference>
      <name value="PhrPractitioner"/>
      <description value="Standard PHR profile of the Practitioner resource."/>
      <exampleBoolean value="false"/>
    </resource>
    <resource>
      <extension url="http://hl7.org/fhir/tools/StructureDefinition/resource-information">
        <valueString value="StructureDefinition:resource"/>
      </extension>
      <reference>
        <reference value="StructureDefinition/PhrProcedure"/>
      </reference>
      <name value="PhrProcedure"/>
      <description value="Standard PHR profile of the Procedure resource."/>
      <exampleBoolean value="false"/>
    </resource>
    <resource>
      <extension url="http://hl7.org/fhir/tools/StructureDefinition/resource-information">
        <valueString value="StructureDefinition:resource"/>
      </extension>
      <reference>
        <reference value="StructureDefinition/PhrRelatedPerson"/>
      </reference>
      <name value="PhrRelatedPerson"/>
      <description value="Standard PHR profile of the RelatedPerson resource."/>
      <exampleBoolean value="false"/>
    </resource>
    <resource>
      <extension url="http://hl7.org/fhir/tools/StructureDefinition/resource-information">
        <valueString value="StructureDefinition:resource"/>
      </extension>
      <reference>
        <reference value="StructureDefinition/PhrSpecimen"/>
      </reference>
      <name value="PhrSpecimen"/>
      <description value="Standard PHR profile of the Specimen resource."/>
      <exampleBoolean value="false"/>
    </resource>
    <resource>
      <extension url="http://hl7.org/fhir/tools/StructureDefinition/resource-information">
        <valueString value="StructureDefinition:logical"/>
      </extension>
      <reference>
        <reference value="StructureDefinition/Environmental"/>
      </reference>
      <name value="Environmental"/>
      <description value="Standard PHR profile of the Environmental resource."/>
      <exampleBoolean value="false"/>
    </resource>
    <resource>
      <extension url="http://hl7.org/fhir/tools/StructureDefinition/resource-information">
        <valueString value="StructureDefinition:logical"/>
      </extension>
      <reference>
        <reference value="StructureDefinition/HealthReceipt"/>
      </reference>
      <name value="HealthReceipt"/>
      <description value="Standard PHR profile of the HealthReceipt resource."/>
      <exampleBoolean value="false"/>
    </resource>
    <resource>
      <extension url="http://hl7.org/fhir/tools/StructureDefinition/resource-information">
        <valueString value="StructureDefinition:logical"/>
      </extension>
      <reference>
        <reference value="StructureDefinition/NutrientIntake"/>
      </reference>
      <name value="NutrientIntake"/>
      <description value="Standard PHR profile of the NutrientIntake resource."/>
      <exampleBoolean value="false"/>
    </resource>
    <resource>
      <extension url="http://hl7.org/fhir/tools/StructureDefinition/resource-information">
        <valueString value="StructureDefinition:logical"/>
      </extension>
      <reference>
        <reference value="StructureDefinition/NutrientOuttake"/>
      </reference>
      <name value="NutrientOuttake"/>
      <description value="Standard PHR profile of the NutrientOuttake resource."/>
      <exampleBoolean value="false"/>
    </resource>
    <resource>
      <extension url="http://hl7.org/fhir/tools/StructureDefinition/resource-information">
        <valueString value="StructureDefinition:logical"/>
      </extension>
      <reference>
        <reference value="StructureDefinition/SocialMedia"/>
      </reference>
      <name value="SocialMedia"/>
      <description value="Standard PHR profile of the SocialMedia resource."/>
      <exampleBoolean value="false"/>
    </resource>
    <resource>
      <extension url="http://hl7.org/fhir/tools/StructureDefinition/resource-information">
        <valueString value="Composition"/>
      </extension>
      <reference>
        <reference value="Composition/Care-Plan-Example"/>
      </reference>
      <name value="Care-Plan-Example"/>
      <description value="John Doe - Composition - CarePlan"/>
      <exampleBoolean value="true"/>
    </resource>
    <resource>
      <extension url="http://hl7.org/fhir/tools/StructureDefinition/resource-information">
        <valueString value="Composition"/>
      </extension>
      <reference>
        <reference value="Composition/Consultation-Note-Example"/>
      </reference>
      <name value="Consultation-Note-Example"/>
      <description value="John Doe - Composition - Consultation Note"/>
      <exampleBoolean value="true"/>
    </resource>
    <resource>
      <extension url="http://hl7.org/fhir/tools/StructureDefinition/resource-information">
        <valueString value="Composition"/>
      </extension>
      <reference>
        <reference value="Composition/ContinuityCareDocument1"/>
      </reference>
      <name value="ContinuityCareDocument1"/>
      <description value="John Doe - Composition - Continuity of Care Document"/>
      <exampleBoolean value="true"/>
    </resource>
    <resource>
      <extension url="http://hl7.org/fhir/tools/StructureDefinition/resource-information">
        <valueString value="Composition"/>
      </extension>
      <reference>
        <reference value="Composition/DiagnosticImagingReport1"/>
      </reference>
      <name value="DiagnosticImagingReport1"/>
      <description value="John Doe - Composition - Diagnostic Imaging Report"/>
      <exampleBoolean value="true"/>
    </resource>
    <resource>
      <extension url="http://hl7.org/fhir/tools/StructureDefinition/resource-information">
        <valueString value="Composition"/>
      </extension>
      <reference>
        <reference value="Composition/Discharge-Summary-Example"/>
      </reference>
      <name value="Discharge-Summary-Example"/>
      <description value="John Doe - Composition - Discharge Summary"/>
      <exampleBoolean value="true"/>
    </resource>
    <resource>
      <extension url="http://hl7.org/fhir/tools/StructureDefinition/resource-information">
        <valueString value="BodyStructure"/>
      </extension>
      <reference>
        <reference value="BodyStructure/ExampleBodyStructure"/>
      </reference>
      <name value="ExampleBodyStructure"/>
      <description value="John Doe - BodyStructure - Left Foot"/>
      <exampleCanonical value="https://gitlab.mitre.org/awatson/sphr/StructureDefinition/PhrBodyStructure"/>
    </resource>
    <resource>
      <extension url="http://hl7.org/fhir/tools/StructureDefinition/resource-information">
        <valueString value="CarePlan"/>
      </extension>
      <reference>
        <reference value="CarePlan/ExampleCarePlan"/>
      </reference>
      <name value="ExampleCarePlan"/>
      <description value="John Doe - CarePlan - Consolidated"/>
      <exampleCanonical value="https://gitlab.mitre.org/awatson/sphr/StructureDefinition/PhrCarePlan"/>
    </resource>
    <resource>
      <extension url="http://hl7.org/fhir/tools/StructureDefinition/resource-information">
        <valueString value="CareTeam"/>
      </extension>
      <reference>
        <reference value="CareTeam/ExampleCareTeam"/>
      </reference>
      <name value="ExampleCareTeam"/>
      <description value="John Doe - CareTeam"/>
      <exampleCanonical value="https://gitlab.mitre.org/awatson/sphr/StructureDefinition/PhrCareTeam"/>
    </resource>
    <resource>
      <extension url="http://hl7.org/fhir/tools/StructureDefinition/resource-information">
        <valueString value="Communication"/>
      </extension>
      <reference>
        <reference value="Communication/ExampleCommunication"/>
      </reference>
      <name value="ExampleCommunication"/>
      <description value="John Doe - Communication - New medication request."/>
      <exampleCanonical value="https://gitlab.mitre.org/awatson/sphr/StructureDefinition/PhrCommunication"/>
    </resource>
    <resource>
      <extension url="http://hl7.org/fhir/tools/StructureDefinition/resource-information">
        <valueString value="Consent"/>
      </extension>
      <reference>
        <reference value="Consent/ExampleConsent"/>
      </reference>
      <name value="ExampleConsent"/>
      <description value="John Doe - Consent - Advanced Directive"/>
      <exampleCanonical value="https://gitlab.mitre.org/awatson/sphr/StructureDefinition/PhrConsent"/>
    </resource>
    <resource>
      <extension url="http://hl7.org/fhir/tools/StructureDefinition/resource-information">
        <valueString value="Device"/>
      </extension>
      <reference>
        <reference value="Device/ExampleDevice"/>
      </reference>
      <name value="ExampleDevice"/>
      <description value="John Doe - Device - Digital Blood Pressure Cuff"/>
      <exampleCanonical value="https://gitlab.mitre.org/awatson/sphr/StructureDefinition/PhrDevice"/>
    </resource>
    <resource>
      <extension url="http://hl7.org/fhir/tools/StructureDefinition/resource-information">
        <valueString value="DiagnosticReport"/>
      </extension>
      <reference>
        <reference value="DiagnosticReport/ExampleDiagnosticReport"/>
      </reference>
      <name value="ExampleDiagnosticReport"/>
      <description value="John Doe - DiagnosticReport"/>
      <exampleCanonical value="https://gitlab.mitre.org/awatson/sphr/StructureDefinition/PhrDiagnosticReport"/>
    </resource>
    <resource>
      <extension url="http://hl7.org/fhir/tools/StructureDefinition/resource-information">
        <valueString value="FamilyMemberHistory"/>
      </extension>
      <reference>
        <reference value="FamilyMemberHistory/ExampleFamilyMemberHistory"/>
      </reference>
      <name value="ExampleFamilyMemberHistory"/>
      <description value="John Doe - FamilyMemberHistory"/>
      <exampleCanonical value="https://gitlab.mitre.org/awatson/sphr/StructureDefinition/PhrFamilyMemberHistory"/>
    </resource>
    <resource>
      <extension url="http://hl7.org/fhir/tools/StructureDefinition/resource-information">
        <valueString value="RelatedPerson"/>
      </extension>
      <reference>
        <reference value="RelatedPerson/ExampleRelatedPerson"/>
      </reference>
      <name value="ExampleRelatedPerson"/>
      <description value="John Doe - RelatedPerson - Sister"/>
      <exampleCanonical value="https://gitlab.mitre.org/awatson/sphr/StructureDefinition/PhrRelatedPerson"/>
    </resource>
    <resource>
      <extension url="http://hl7.org/fhir/tools/StructureDefinition/resource-information">
        <valueString value="Specimen"/>
      </extension>
      <reference>
        <reference value="Specimen/ExampleSpecimen"/>
      </reference>
      <name value="ExampleSpecimen"/>
      <description value="John Doe - Specimen - Urinalysis"/>
      <exampleCanonical value="https://gitlab.mitre.org/awatson/sphr/StructureDefinition/PhrSpecimen"/>
    </resource>
    <resource>
      <extension url="http://hl7.org/fhir/tools/StructureDefinition/resource-information">
        <valueString value="Composition"/>
      </extension>
      <reference>
        <reference value="Composition/History-and-Physical-Example"/>
      </reference>
      <name value="History-and-Physical-Example"/>
      <description value="John Doe - Composition - History &amp; Physical"/>
      <exampleBoolean value="true"/>
    </resource>
    <resource>
      <extension url="http://hl7.org/fhir/tools/StructureDefinition/resource-information">
        <valueString value="Condition"/>
      </extension>
      <reference>
        <reference value="Condition/JohnDoe-diabetes"/>
      </reference>
      <name value="JohnDoe-diabetes"/>
      <description value="John Doe - Condition - Diabetes"/>
      <exampleBoolean value="true"/>
    </resource>
    <resource>
      <extension url="http://hl7.org/fhir/tools/StructureDefinition/resource-information">
        <valueString value="Encounter"/>
      </extension>
      <reference>
        <reference value="Encounter/JohnDoe-diabetesOnset"/>
      </reference>
      <name value="JohnDoe-diabetesOnset"/>
      <description value="John Doe - Encounter - Diabetes diagnosis"/>
      <exampleBoolean value="true"/>
    </resource>
    <resource>
      <extension url="http://hl7.org/fhir/tools/StructureDefinition/resource-information">
        <valueString value="Bundle"/>
      </extension>
      <reference>
        <reference value="Bundle/Medication-Metformin"/>
      </reference>
      <name value="Medication-Metformin"/>
      <description value="John Doe - Bundle - Medication Reconciliation Bundle"/>
      <exampleBoolean value="true"/>
    </resource>
    <resource>
      <extension url="http://hl7.org/fhir/tools/StructureDefinition/resource-information">
        <valueString value="Bundle"/>
      </extension>
      <reference>
        <reference value="Bundle/ObservationsBundle1"/>
      </reference>
      <name value="ObservationsBundle1"/>
      <description value="John Doe - Observation - Collection"/>
      <exampleBoolean value="true"/>
    </resource>
    <resource>
      <extension url="http://hl7.org/fhir/tools/StructureDefinition/resource-information">
        <valueString value="Composition"/>
      </extension>
      <reference>
        <reference value="Composition/Operative-Note-Example"/>
      </reference>
      <name value="Operative-Note-Example"/>
      <description value="John Doe - Composition - Operative Note"/>
      <exampleBoolean value="true"/>
    </resource>
    <resource>
      <extension url="http://hl7.org/fhir/tools/StructureDefinition/resource-information">
        <valueString value="Bundle"/>
      </extension>
      <reference>
        <reference value="Bundle/PractitionersBundle1"/>
      </reference>
      <name value="PractitionersBundle1"/>
      <description value="John Doe - Practitioners - Collection"/>
      <exampleBoolean value="true"/>
    </resource>
    <resource>
      <extension url="http://hl7.org/fhir/tools/StructureDefinition/resource-information">
        <valueString value="Composition"/>
      </extension>
      <reference>
        <reference value="Composition/Procedure-Note-Example"/>
      </reference>
      <name value="Procedure-Note-Example"/>
      <description value="John Doe - Composition - Procedure Note"/>
      <exampleBoolean value="true"/>
    </resource>
    <resource>
      <extension url="http://hl7.org/fhir/tools/StructureDefinition/resource-information">
        <valueString value="Composition"/>
      </extension>
      <reference>
        <reference value="Composition/Progress-Note-Example"/>
      </reference>
      <name value="Progress-Note-Example"/>
      <description value="John Doe - Composition - Progress Note"/>
      <exampleBoolean value="true"/>
    </resource>
    <resource>
      <extension url="http://hl7.org/fhir/tools/StructureDefinition/resource-information">
        <valueString value="Composition"/>
      </extension>
      <reference>
        <reference value="Composition/Referral-Note-Example"/>
      </reference>
      <name value="Referral-Note-Example"/>
      <description value="John Doe - Composition - Referral Note"/>
      <exampleBoolean value="true"/>
    </resource>
    <resource>
      <extension url="http://hl7.org/fhir/tools/StructureDefinition/resource-information">
        <valueString value="Composition"/>
      </extension>
      <reference>
        <reference value="Composition/Transfer-Summary-Example"/>
      </reference>
      <name value="Transfer-Summary-Example"/>
      <description value="John Doe - Composition - Transfer Summary"/>
      <exampleBoolean value="true"/>
    </resource>
    <resource>
      <extension url="http://hl7.org/fhir/tools/StructureDefinition/resource-information">
        <valueString value="AllergyIntolerance"/>
      </extension>
      <reference>
        <reference value="AllergyIntolerance/allergy-intolerance"/>
      </reference>
      <name value="allergy-intolerance"/>
      <description value="John Doe - AllergyIntolerance - Sulfonamide"/>
      <exampleBoolean value="true"/>
    </resource>
    <resource>
      <extension url="http://hl7.org/fhir/tools/StructureDefinition/resource-information">
        <valueString value="Immunization"/>
      </extension>
      <reference>
        <reference value="Immunization/immunization"/>
      </reference>
      <name value="immunization"/>
      <description value="John Doe - Immunization - Fluzone"/>
      <exampleBoolean value="true"/>
    </resource>
    <resource>
      <extension url="http://hl7.org/fhir/tools/StructureDefinition/resource-information">
        <valueString value="Patient"/>
      </extension>
      <reference>
        <reference value="Patient/john-doe"/>
      </reference>
      <name value="john-doe"/>
      <description value="John Doe - Patient Demographics"/>
      <exampleBoolean value="true"/>
    </resource>
    <resource>
      <extension url="http://hl7.org/fhir/tools/StructureDefinition/resource-information">
        <valueString value="MedicationStatement"/>
      </extension>
      <reference>
        <reference value="MedicationStatement/medication-statement"/>
      </reference>
      <name value="medication-statement"/>
      <description value="John Doe - MedicationStatement - Lisinopril"/>
      <exampleBoolean value="true"/>
    </resource>
    <resource>
      <extension url="http://hl7.org/fhir/tools/StructureDefinition/resource-information">
        <valueString value="Observation"/>
      </extension>
      <reference>
        <reference value="Observation/observation-lab-urine"/>
      </reference>
      <name value="observation-lab-urine"/>
      <description value="John Doe - Observation - Urinalysis"/>
      <exampleBoolean value="true"/>
    </resource>
    <resource>
      <extension url="http://hl7.org/fhir/tools/StructureDefinition/resource-information">
        <valueString value="Observation"/>
      </extension>
      <reference>
        <reference value="Observation/observation-smoker"/>
      </reference>
      <name value="observation-smoker"/>
      <description value="John Doe - Observation - Smoking status"/>
      <exampleBoolean value="true"/>
    </resource>
    <resource>
      <extension url="http://hl7.org/fhir/tools/StructureDefinition/resource-information">
        <valueString value="Observation"/>
      </extension>
      <reference>
        <reference value="Observation/observation-vitals-temp"/>
      </reference>
      <name value="observation-vitals-temp"/>
      <description value="John Doe - Observation - Body temperature"/>
      <exampleBoolean value="true"/>
    </resource>
    <resource>
      <extension url="http://hl7.org/fhir/tools/StructureDefinition/resource-information">
        <valueString value="Organization"/>
      </extension>
      <reference>
        <reference value="Organization/organization-1"/>
      </reference>
      <name value="organization-1"/>
      <description value="Organization - Acme Labs"/>
      <exampleBoolean value="true"/>
    </resource>
    <resource>
      <extension url="http://hl7.org/fhir/tools/StructureDefinition/resource-information">
        <valueString value="Procedure"/>
      </extension>
      <reference>
        <reference value="Procedure/procedure-rehab"/>
      </reference>
      <name value="procedure-rehab"/>
      <description value="John Doe - Procedure - Alcohol rehabilitation"/>
      <exampleBoolean value="true"/>
    </resource>
    <resource>
      <extension url="http://hl7.org/fhir/tools/StructureDefinition/resource-information">
        <valueString value="Bundle"/>
      </extension>
      <reference>
        <reference value="Bundle/undefined"/>
      </reference>
      <name value="undefined"/>
      <exampleBoolean value="true"/>
    </resource>
    <page>
      <nameUrl value="toc.html"/>
      <title value="Table of Contents"/>
      <generation value="html"/>
      <page>
        <nameUrl value="index.html"/>
        <title value="Getting Started"/>
        <generation value="markdown"/>
      </page>
      <page>
        <nameUrl value="datastorage.html"/>
        <title value="Storage"/>
        <generation value="markdown"/>
      </page>
      <page>
        <nameUrl value="functionality.html"/>
        <title value="Functionality"/>
        <generation value="markdown"/>
      </page>
      <page>
        <nameUrl value="datamodel.html"/>
        <title value="Data Model"/>
        <generation value="markdown"/>
      </page>
      <page>
        <nameUrl value="physiology.html"/>
        <title value="Physiology Simulations"/>
        <generation value="markdown"/>
      </page>
      <page>
        <nameUrl value="personas.html"/>
        <title value="Patient Personas"/>
        <generation value="markdown"/>
      </page>
      <page>
        <nameUrl value="environments.html"/>
        <title value="Design Considerations"/>
        <generation value="markdown"/>
      </page>
    </page>
    <parameter>
      <code value="path-resource"/>
      <value value="input/capabilities"/>
    </parameter>
    <parameter>
      <code value="path-resource"/>
      <value value="input/examples"/>
    </parameter>
    <parameter>
      <code value="path-resource"/>
      <value value="input/extensions"/>
    </parameter>
    <parameter>
      <code value="path-resource"/>
      <value value="input/models"/>
    </parameter>
    <parameter>
      <code value="path-resource"/>
      <value value="input/operations"/>
    </parameter>
    <parameter>
      <code value="path-resource"/>
      <value value="input/profiles"/>
    </parameter>
    <parameter>
      <code value="path-resource"/>
      <value value="input/resources"/>
    </parameter>
    <parameter>
      <code value="path-resource"/>
      <value value="input/vocabulary"/>
    </parameter>
    <parameter>
      <code value="path-resource"/>
      <value value="input/maps"/>
    </parameter>
    <parameter>
      <code value="path-resource"/>
      <value value="input/testing"/>
    </parameter>
    <parameter>
      <code value="path-resource"/>
      <value value="input/history"/>
    </parameter>
    <parameter>
      <code value="path-resource"/>
      <value value="fsh-generated/resources"/>
    </parameter>
    <parameter>
      <code value="path-pages"/>
      <value value="template/config"/>
    </parameter>
    <parameter>
      <code value="path-pages"/>
      <value value="input/images"/>
    </parameter>
    <parameter>
      <code value="path-tx-cache"/>
      <value value="input-cache/txcache"/>
    </parameter>
  </definition>
</ImplementationGuide>