<?xml version="1.0" encoding="UTF-8"?>

<Observation xmlns="http://hl7.org/fhir">
  <id value="observation-lab-urine"/>
  <meta>
    <versionId value="1"/>
    <lastUpdated value="2018-10-04T19:42:52.061-04:00"/>
    <profile value="http://hl7.org/fhir/us/core/StructureDefinition/us-core-observationresults"/>
  </meta>
  <text>
    <status value="generated"/><div xmlns="http://www.w3.org/1999/xhtml"><p><b>Generated Narrative</b></p><div style="display: inline-block; background-color: #d9e0e7; padding: 6px; margin: 4px; border: 1px solid #8da1b4; border-radius: 5px; line-height: 60%"><p style="margin-bottom: 0px">Resource "observation-lab-urine" Version "1" Updated "2018-10-04 06:42:52-0500" </p><p style="margin-bottom: 0px">Profile: <code>http://hl7.org/fhir/us/core/StructureDefinition/us-core-observationresults</code></p></div><p><b>status</b>: final</p><p><b>category</b>: Laboratory <span style="background: LightGoldenRodYellow; margin: 4px; border: 1px solid khaki"> (observation-category#laboratory)</span></p><p><b>code</b>: SPEC GRAV <span style="background: LightGoldenRodYellow; margin: 4px; border: 1px solid khaki"> (<a href="https://loinc.org/">LOINC</a>#5811-5 "Specific gravity of Urine by Test strip")</span></p><p><b>subject</b>: <a href="Patient-john-doe.html">Patient/john-doe: John Doe</a> " DOE"</p><p><b>effective</b>: 2005-07-05</p><p><b>value</b>: 1.017 {urine specific gravity}<span style="background: LightGoldenRodYellow"> (Details: UCUM code {urine specific gravity} = '{urine specific gravity}')</span></p><h3>ReferenceRanges</h3><table class="grid"><tr><td>-</td><td><b>Low</b></td><td><b>High</b></td></tr><tr><td>*</td><td>1.003 {urine specific gravity}<span style="background: LightGoldenRodYellow"> (Details: UCUM code {urine specific gravity} = '{urine specific gravity}')</span></td><td>1.035 {urine specific gravity}<span style="background: LightGoldenRodYellow"> (Details: UCUM code {urine specific gravity} = '{urine specific gravity}')</span></td></tr></table></div>
  </text>
  <status value="final"/>
  <category>
    <coding>
      <system value="http://hl7.org/fhir/observation-category"/>
      <code value="laboratory"/>
      <display value="Laboratory"/>
    </coding>
    <text value="Laboratory"/>
  </category>
  <code>
    <coding>
      <system value="http://loinc.org"/>
      <code value="5811-5"/>
      <display value="Specific gravity of Urine by Test strip"/>
    </coding>
    <text value="SPEC GRAV"/>
  </code>
  <subject>
    <reference value="Patient/john-doe"/>
    <display value="John Doe"/>
  </subject>
  <effectiveDateTime value="2005-07-05"/>
  <valueQuantity>
    <value value="1.017"/>
    <system value="http://unitsofmeasure.org"/>
    <code value="{urine specific gravity}"/>
  </valueQuantity>
  <referenceRange>
    <low>
      <value value="1.003"/>
      <system value="http://unitsofmeasure.org"/>
      <code value="{urine specific gravity}"/>
    </low>
    <high>
      <value value="1.035"/>
      <system value="http://unitsofmeasure.org"/>
      <code value="{urine specific gravity}"/>
    </high>
  </referenceRange>
</Observation>