{"resourceType":"ImplementationGuide","id":"StandardPatientHealthRecordIG","text":{"status":"extensions","div":"<div xmlns=\"http://www.w3.org/1999/xhtml\"><h2>StandardPatientHealthRecordIG</h2><p>The official URL for this implementation guide is: </p><pre>https://gitlab.mitre.org/awatson/sphr/ImplementationGuide/StandardPatientHealthRecordIG</pre></div>"},"url":"https://gitlab.mitre.org/awatson/sphr/ImplementationGuide/StandardPatientHealthRecordIG","version":"0.3.9","name":"StandardPatientHealthRecordIG","status":"draft","date":"2022-09-21T12:25:18-04:00","publisher":"MITRE","contact":[{"name":"MITRE","telecom":[{"system":"url","value":"https://gitlab.mitre.org/awatson/sphr"}]}],"packageId":"StandardPatientHealthRecordIG","license":"CC0-1.0","fhirVersion":["4.0.1"],"definition":{"extension":[{"extension":[{"url":"code","valueString":"copyrightyear"},{"url":"value","valueString":"2022+"}],"url":"http://hl7.org/fhir/tools/StructureDefinition/ig-parameter"},{"extension":[{"url":"code","valueString":"releaselabel"},{"url":"value","valueString":"ci-build"}],"url":"http://hl7.org/fhir/tools/StructureDefinition/ig-parameter"},{"extension":[{"url":"code","valueString":"path-liquid"},{"url":"value","valueString":"template/liquid"}],"url":"http://hl7.org/fhir/tools/StructureDefinition/ig-parameter"},{"extension":[{"url":"code","valueString":"path-liquid"},{"url":"value","valueString":"input/liquid"}],"url":"http://hl7.org/fhir/tools/StructureDefinition/ig-parameter"},{"extension":[{"url":"code","valueString":"path-qa"},{"url":"value","valueString":"temp/qa"}],"url":"http://hl7.org/fhir/tools/StructureDefinition/ig-parameter"},{"extension":[{"url":"code","valueString":"path-temp"},{"url":"value","valueString":"temp/pages"}],"url":"http://hl7.org/fhir/tools/StructureDefinition/ig-parameter"},{"extension":[{"url":"code","valueString":"path-output"},{"url":"value","valueString":"output"}],"url":"http://hl7.org/fhir/tools/StructureDefinition/ig-parameter"},{"extension":[{"url":"code","valueString":"path-suppressed-warnings"},{"url":"value","valueString":"input/ignoreWarnings.txt"}],"url":"http://hl7.org/fhir/tools/StructureDefinition/ig-parameter"},{"extension":[{"url":"code","valueString":"path-history"},{"url":"value","valueString":"https://gitlab.mitre.org/awatson/sphr/history.html"}],"url":"http://hl7.org/fhir/tools/StructureDefinition/ig-parameter"},{"extension":[{"url":"code","valueString":"template-html"},{"url":"value","valueString":"template-page.html"}],"url":"http://hl7.org/fhir/tools/StructureDefinition/ig-parameter"},{"extension":[{"url":"code","valueString":"template-md"},{"url":"value","valueString":"template-page-md.html"}],"url":"http://hl7.org/fhir/tools/StructureDefinition/ig-parameter"},{"extension":[{"url":"code","valueString":"apply-contact"},{"url":"value","valueString":"true"}],"url":"http://hl7.org/fhir/tools/StructureDefinition/ig-parameter"},{"extension":[{"url":"code","valueString":"apply-context"},{"url":"value","valueString":"true"}],"url":"http://hl7.org/fhir/tools/StructureDefinition/ig-parameter"},{"extension":[{"url":"code","valueString":"apply-copyright"},{"url":"value","valueString":"true"}],"url":"http://hl7.org/fhir/tools/StructureDefinition/ig-parameter"},{"extension":[{"url":"code","valueString":"apply-jurisdiction"},{"url":"value","valueString":"true"}],"url":"http://hl7.org/fhir/tools/StructureDefinition/ig-parameter"},{"extension":[{"url":"code","valueString":"apply-license"},{"url":"value","valueString":"true"}],"url":"http://hl7.org/fhir/tools/StructureDefinition/ig-parameter"},{"extension":[{"url":"code","valueString":"apply-publisher"},{"url":"value","valueString":"true"}],"url":"http://hl7.org/fhir/tools/StructureDefinition/ig-parameter"},{"extension":[{"url":"code","valueString":"apply-version"},{"url":"value","valueString":"true"}],"url":"http://hl7.org/fhir/tools/StructureDefinition/ig-parameter"},{"extension":[{"url":"code","valueString":"active-tables"},{"url":"value","valueString":"true"}],"url":"http://hl7.org/fhir/tools/StructureDefinition/ig-parameter"},{"extension":[{"url":"code","valueString":"fmm-definition"},{"url":"value","valueString":"http://hl7.org/fhir/versions.html#maturity"}],"url":"http://hl7.org/fhir/tools/StructureDefinition/ig-parameter"},{"extension":[{"url":"code","valueString":"propagate-status"},{"url":"value","valueString":"true"}],"url":"http://hl7.org/fhir/tools/StructureDefinition/ig-parameter"},{"extension":[{"url":"code","valueString":"excludelogbinaryformat"},{"url":"value","valueString":"true"}],"url":"http://hl7.org/fhir/tools/StructureDefinition/ig-parameter"}],"grouping":[{"id":"-str-logicalmodel","name":"Structures: Logical Models","description":"These define data models that represent the domain covered by this implementation guide in more business-friendly terms than the underlying FHIR resources."},{"id":"-str-profile","name":"Structures: Resource Profiles","description":"These define constraints on FHIR resources for systems conforming to this implementation guide"},{"id":"-ex-example","name":"Example: Example Instances","description":"These are example instances that show what data produced and consumed by systems conforming with this implementation guide might look like"}],"resource":[{"extension":[{"url":"http://hl7.org/fhir/StructureDefinition/implementationguide-page","valueUri":"StructureDefinition-PhrComposition.html"}],"reference":{"reference":"StructureDefinition/PhrComposition"},"name":"PhrComposition","description":"Standard PHR profile of the Composition resource.","exampleBoolean":false,"groupingId":"-str-profile"},{"extension":[{"url":"http://hl7.org/fhir/StructureDefinition/implementationguide-page","valueUri":"StructureDefinition-PhrDocumentManifest.html"}],"reference":{"reference":"StructureDefinition/PhrDocumentManifest"},"name":"PhrDocumentManifest","description":"Standard PHR profile of the DocumentManifest resource.","exampleBoolean":false,"groupingId":"-str-profile"},{"extension":[{"url":"http://hl7.org/fhir/StructureDefinition/implementationguide-page","valueUri":"StructureDefinition-PhrDocumentReference.html"}],"reference":{"reference":"StructureDefinition/PhrDocumentReference"},"name":"PhrDocumentReference","description":"Standard PHR profile of the DocumentReference resource.","exampleBoolean":false,"groupingId":"-str-profile"},{"extension":[{"url":"http://hl7.org/fhir/StructureDefinition/implementationguide-page","valueUri":"StructureDefinition-PhrMedia.html"}],"reference":{"reference":"StructureDefinition/PhrMedia"},"name":"PhrMedia","description":"Standard PHR profile of the Media resource.","exampleBoolean":false,"groupingId":"-str-profile"},{"extension":[{"url":"http://hl7.org/fhir/StructureDefinition/implementationguide-page","valueUri":"StructureDefinition-PhrProvenance.html"}],"reference":{"reference":"StructureDefinition/PhrProvenance"},"name":"PhrProvenance","description":"Standard PHR profile of the Provenance resource.","exampleBoolean":false,"groupingId":"-str-profile"},{"extension":[{"url":"http://hl7.org/fhir/StructureDefinition/implementationguide-page","valueUri":"StructureDefinition-Environmental.html"}],"reference":{"reference":"StructureDefinition/Environmental"},"name":"Environmental","description":"Standard PHR profile of the Environmental resource.","exampleBoolean":false,"groupingId":"-str-logicalmodel"},{"extension":[{"url":"http://hl7.org/fhir/StructureDefinition/implementationguide-page","valueUri":"StructureDefinition-NutrientOuttake.html"}],"reference":{"reference":"StructureDefinition/NutrientOuttake"},"name":"NutrientOuttake","description":"Standard PHR profile of the NutrientOuttake resource.","exampleBoolean":false,"groupingId":"-str-logicalmodel"},{"extension":[{"url":"http://hl7.org/fhir/StructureDefinition/implementationguide-page","valueUri":"StructureDefinition-SocialMedia.html"}],"reference":{"reference":"StructureDefinition/SocialMedia"},"name":"SocialMedia","description":"Standard PHR profile of the SocialMedia resource.","exampleBoolean":false,"groupingId":"-str-logicalmodel"},{"extension":[{"url":"http://hl7.org/fhir/StructureDefinition/implementationguide-page","valueUri":"Composition-Care-Plan-Example.html"}],"reference":{"reference":"Composition/Care-Plan-Example"},"name":"Care-Plan-Example","description":"John Doe - Composition - CarePlan","exampleBoolean":true,"groupingId":"-ex-example"},{"extension":[{"url":"http://hl7.org/fhir/StructureDefinition/implementationguide-page","valueUri":"Composition-Consultation-Note-Example.html"}],"reference":{"reference":"Composition/Consultation-Note-Example"},"name":"Consultation-Note-Example","description":"John Doe - Composition - Consultation Note","exampleBoolean":true,"groupingId":"-ex-example"},{"extension":[{"url":"http://hl7.org/fhir/StructureDefinition/implementationguide-page","valueUri":"Composition-ContinuityCareDocument1.html"}],"reference":{"reference":"Composition/ContinuityCareDocument1"},"name":"ContinuityCareDocument1","description":"John Doe - Composition - Continuity of Care Document","exampleBoolean":true,"groupingId":"-ex-example"},{"extension":[{"url":"http://hl7.org/fhir/StructureDefinition/implementationguide-page","valueUri":"Composition-DiagnosticImagingReport1.html"}],"reference":{"reference":"Composition/DiagnosticImagingReport1"},"name":"DiagnosticImagingReport1","description":"John Doe - Composition - Diagnostic Imaging Report","exampleBoolean":true,"groupingId":"-ex-example"},{"extension":[{"url":"http://hl7.org/fhir/StructureDefinition/implementationguide-page","valueUri":"Composition-Discharge-Summary-Example.html"}],"reference":{"reference":"Composition/Discharge-Summary-Example"},"name":"Discharge-Summary-Example","description":"John Doe - Composition - Discharge Summary","exampleBoolean":true,"groupingId":"-ex-example"},{"extension":[{"url":"http://hl7.org/fhir/StructureDefinition/implementationguide-page","valueUri":"Composition-History-and-Physical-Example.html"}],"reference":{"reference":"Composition/History-and-Physical-Example"},"name":"History-and-Physical-Example","description":"John Doe - Composition - History & Physical","exampleBoolean":true,"groupingId":"-ex-example"},{"extension":[{"url":"http://hl7.org/fhir/StructureDefinition/implementationguide-page","valueUri":"Condition-JohnDoe-diabetes.html"}],"reference":{"reference":"Condition/JohnDoe-diabetes"},"name":"JohnDoe-diabetes","description":"John Doe - Condition - Diabetes","exampleBoolean":true,"groupingId":"-ex-example"},{"extension":[{"url":"http://hl7.org/fhir/StructureDefinition/implementationguide-page","valueUri":"Encounter-JohnDoe-diabetesOnset.html"}],"reference":{"reference":"Encounter/JohnDoe-diabetesOnset"},"name":"JohnDoe-diabetesOnset","description":"John Doe - Encounter - Diabetes diagnosis","exampleBoolean":true,"groupingId":"-ex-example"},{"extension":[{"url":"http://hl7.org/fhir/StructureDefinition/implementationguide-page","valueUri":"Bundle-Medication-Metformin.html"}],"reference":{"reference":"Bundle/Medication-Metformin"},"name":"Medication-Metformin","description":"John Doe - Bundle - Medication Reconciliation Bundle","exampleBoolean":true,"groupingId":"-ex-example"},{"extension":[{"url":"http://hl7.org/fhir/StructureDefinition/implementationguide-page","valueUri":"Bundle-ObservationsBundle1.html"}],"reference":{"reference":"Bundle/ObservationsBundle1"},"name":"ObservationsBundle1","description":"John Doe - Observation - Collection","exampleBoolean":true,"groupingId":"-ex-example"},{"extension":[{"url":"http://hl7.org/fhir/StructureDefinition/implementationguide-page","valueUri":"Composition-Operative-Note-Example.html"}],"reference":{"reference":"Composition/Operative-Note-Example"},"name":"Operative-Note-Example","description":"John Doe - Composition - Operative Note","exampleBoolean":true,"groupingId":"-ex-example"},{"extension":[{"url":"http://hl7.org/fhir/StructureDefinition/implementationguide-page","valueUri":"Bundle-PractitionersBundle1.html"}],"reference":{"reference":"Bundle/PractitionersBundle1"},"name":"PractitionersBundle1","description":"John Doe - Practitioners - Collection","exampleBoolean":true,"groupingId":"-ex-example"},{"extension":[{"url":"http://hl7.org/fhir/StructureDefinition/implementationguide-page","valueUri":"Composition-Procedure-Note-Example.html"}],"reference":{"reference":"Composition/Procedure-Note-Example"},"name":"Procedure-Note-Example","description":"John Doe - Composition - Procedure Note","exampleBoolean":true,"groupingId":"-ex-example"},{"extension":[{"url":"http://hl7.org/fhir/StructureDefinition/implementationguide-page","valueUri":"Composition-Progress-Note-Example.html"}],"reference":{"reference":"Composition/Progress-Note-Example"},"name":"Progress-Note-Example","description":"John Doe - Composition - Progress Note","exampleBoolean":true,"groupingId":"-ex-example"},{"extension":[{"url":"http://hl7.org/fhir/StructureDefinition/implementationguide-page","valueUri":"Composition-Referral-Note-Example.html"}],"reference":{"reference":"Composition/Referral-Note-Example"},"name":"Referral-Note-Example","description":"John Doe - Composition - Referral Note","exampleBoolean":true,"groupingId":"-ex-example"},{"extension":[{"url":"http://hl7.org/fhir/StructureDefinition/implementationguide-page","valueUri":"Composition-Transfer-Summary-Example.html"}],"reference":{"reference":"Composition/Transfer-Summary-Example"},"name":"Transfer-Summary-Example","description":"John Doe - Composition - Transfer Summary","exampleBoolean":true,"groupingId":"-ex-example"},{"extension":[{"url":"http://hl7.org/fhir/StructureDefinition/implementationguide-page","valueUri":"AllergyIntolerance-allergy-intolerance.html"}],"reference":{"reference":"AllergyIntolerance/allergy-intolerance"},"name":"allergy-intolerance","description":"John Doe - AllergyIntolerance - Sulfonamide","exampleBoolean":true,"groupingId":"-ex-example"},{"extension":[{"url":"http://hl7.org/fhir/StructureDefinition/implementationguide-page","valueUri":"Immunization-immunization.html"}],"reference":{"reference":"Immunization/immunization"},"name":"immunization","description":"John Doe - Immunization - Fluzone","exampleBoolean":true,"groupingId":"-ex-example"},{"extension":[{"url":"http://hl7.org/fhir/StructureDefinition/implementationguide-page","valueUri":"Patient-john-doe.html"}],"reference":{"reference":"Patient/john-doe"},"name":"john-doe","description":"John Doe - Patient Demographics","exampleBoolean":true,"groupingId":"-ex-example"},{"extension":[{"url":"http://hl7.org/fhir/StructureDefinition/implementationguide-page","valueUri":"MedicationStatement-medication-statement.html"}],"reference":{"reference":"MedicationStatement/medication-statement"},"name":"medication-statement","description":"John Doe - MedicationStatement - Lisinopril","exampleBoolean":true,"groupingId":"-ex-example"},{"extension":[{"url":"http://hl7.org/fhir/StructureDefinition/implementationguide-page","valueUri":"Observation-observation-lab-urine.html"}],"reference":{"reference":"Observation/observation-lab-urine"},"name":"observation-lab-urine","description":"John Doe - Observation - Urinalysis","exampleBoolean":true,"groupingId":"-ex-example"},{"extension":[{"url":"http://hl7.org/fhir/StructureDefinition/implementationguide-page","valueUri":"Observation-observation-smoker.html"}],"reference":{"reference":"Observation/observation-smoker"},"name":"observation-smoker","description":"John Doe - Observation - Smoking status","exampleBoolean":true,"groupingId":"-ex-example"},{"extension":[{"url":"http://hl7.org/fhir/StructureDefinition/implementationguide-page","valueUri":"Observation-observation-vitals-temp.html"}],"reference":{"reference":"Observation/observation-vitals-temp"},"name":"observation-vitals-temp","description":"John Doe - Observation - Body temperature","exampleBoolean":true,"groupingId":"-ex-example"},{"extension":[{"url":"http://hl7.org/fhir/StructureDefinition/implementationguide-page","valueUri":"Organization-organization-1.html"}],"reference":{"reference":"Organization/organization-1"},"name":"organization-1","description":"Organization - Acme Labs","exampleBoolean":true,"groupingId":"-ex-example"},{"extension":[{"url":"http://hl7.org/fhir/StructureDefinition/implementationguide-page","valueUri":"Procedure-procedure-rehab.html"}],"reference":{"reference":"Procedure/procedure-rehab"},"name":"procedure-rehab","description":"John Doe - Procedure - Alcohol rehabilitation","exampleBoolean":true,"groupingId":"-ex-example"},{"extension":[{"url":"http://hl7.org/fhir/StructureDefinition/implementationguide-page","valueUri":"Bundle-undefined.html"}],"reference":{"reference":"Bundle/undefined"},"name":"undefined","exampleBoolean":true,"groupingId":"-ex-example"}],"page":{"nameUrl":"toc.html","title":"Table of Contents","generation":"html","page":[{"nameUrl":"index.html","title":"Getting Started","generation":"markdown"},{"nameUrl":"history.html","title":"History","generation":"markdown"},{"nameUrl":"recordkeeping.html","title":"Record Keeping","generation":"markdown"},{"nameUrl":"functionality.html","title":"Functionality","generation":"markdown"},{"nameUrl":"datamodel.html","title":"Data Model","generation":"markdown"},{"nameUrl":"physiology.html","title":"Physiology Simulations","generation":"markdown"},{"nameUrl":"personas.html","title":"Patient Personas","generation":"markdown"},{"nameUrl":"downloads.html","title":"Downloads","generation":"markdown"},{"nameUrl":"environments.html","title":"Design Considerations","generation":"markdown"},{"nameUrl":"artifacts.html","title":"Artifacts Summary","generation":"html","page":[{"nameUrl":"StructureDefinition-Environmental.html","title":"Environmental","generation":"generated"},{"nameUrl":"StructureDefinition-NutrientOuttake.html","title":"NutrientOuttake","generation":"generated"},{"nameUrl":"StructureDefinition-SocialMedia.html","title":"SocialMedia","generation":"generated"},{"nameUrl":"StructureDefinition-PhrComposition.html","title":"PhrComposition","generation":"generated"},{"nameUrl":"StructureDefinition-PhrDocumentManifest.html","title":"PhrDocumentManifest","generation":"generated"},{"nameUrl":"StructureDefinition-PhrDocumentReference.html","title":"PhrDocumentReference","generation":"generated"},{"nameUrl":"StructureDefinition-PhrMedia.html","title":"PhrMedia","generation":"generated"},{"nameUrl":"StructureDefinition-PhrProvenance.html","title":"PhrProvenance","generation":"generated"},{"nameUrl":"Composition-Care-Plan-Example.html","title":"Care-Plan-Example","generation":"generated"},{"nameUrl":"Composition-Consultation-Note-Example.html","title":"Consultation-Note-Example","generation":"generated"},{"nameUrl":"Composition-ContinuityCareDocument1.html","title":"ContinuityCareDocument1","generation":"generated"},{"nameUrl":"Composition-DiagnosticImagingReport1.html","title":"DiagnosticImagingReport1","generation":"generated"},{"nameUrl":"Composition-Discharge-Summary-Example.html","title":"Discharge-Summary-Example","generation":"generated"},{"nameUrl":"Composition-History-and-Physical-Example.html","title":"History-and-Physical-Example","generation":"generated"},{"nameUrl":"Condition-JohnDoe-diabetes.html","title":"JohnDoe-diabetes","generation":"generated"},{"nameUrl":"Encounter-JohnDoe-diabetesOnset.html","title":"JohnDoe-diabetesOnset","generation":"generated"},{"nameUrl":"Bundle-Medication-Metformin.html","title":"Medication-Metformin","generation":"generated"},{"nameUrl":"Bundle-ObservationsBundle1.html","title":"ObservationsBundle1","generation":"generated"},{"nameUrl":"Composition-Operative-Note-Example.html","title":"Operative-Note-Example","generation":"generated"},{"nameUrl":"Bundle-PractitionersBundle1.html","title":"PractitionersBundle1","generation":"generated"},{"nameUrl":"Composition-Procedure-Note-Example.html","title":"Procedure-Note-Example","generation":"generated"},{"nameUrl":"Composition-Progress-Note-Example.html","title":"Progress-Note-Example","generation":"generated"},{"nameUrl":"Composition-Referral-Note-Example.html","title":"Referral-Note-Example","generation":"generated"},{"nameUrl":"Composition-Transfer-Summary-Example.html","title":"Transfer-Summary-Example","generation":"generated"},{"nameUrl":"AllergyIntolerance-allergy-intolerance.html","title":"allergy-intolerance","generation":"generated"},{"nameUrl":"Immunization-immunization.html","title":"immunization","generation":"generated"},{"nameUrl":"Patient-john-doe.html","title":"john-doe","generation":"generated"},{"nameUrl":"MedicationStatement-medication-statement.html","title":"medication-statement","generation":"generated"},{"nameUrl":"Observation-observation-lab-urine.html","title":"observation-lab-urine","generation":"generated"},{"nameUrl":"Observation-observation-smoker.html","title":"observation-smoker","generation":"generated"},{"nameUrl":"Observation-observation-vitals-temp.html","title":"observation-vitals-temp","generation":"generated"},{"nameUrl":"Organization-organization-1.html","title":"organization-1","generation":"generated"},{"nameUrl":"Procedure-procedure-rehab.html","title":"procedure-rehab","generation":"generated"},{"nameUrl":"Bundle-undefined.html","title":"undefined","generation":"generated"}]}]},"parameter":[{"code":"path-resource","value":"input/capabilities"},{"code":"path-resource","value":"input/examples"},{"code":"path-resource","value":"input/extensions"},{"code":"path-resource","value":"input/models"},{"code":"path-resource","value":"input/operations"},{"code":"path-resource","value":"input/profiles"},{"code":"path-resource","value":"input/resources"},{"code":"path-resource","value":"input/vocabulary"},{"code":"path-resource","value":"input/maps"},{"code":"path-resource","value":"input/testing"},{"code":"path-resource","value":"input/history"},{"code":"path-resource","value":"fsh-generated/resources"},{"code":"path-pages","value":"template/config"},{"code":"path-pages","value":"input/images"},{"code":"path-tx-cache","value":"input-cache/txcache"}]}}