{
  "resourceType": "Bundle",
  "id": "ObservationsBundle1",
  "type": "collection",
  "entry": [
    {
      "fullUrl": "/Observation/TvuX2kXom6hSvYhMs",
      "resource": {
        "resourceType": "Observation",
        "id": "TvuX2kXom6hSvYhMs",
        "text": {
          "status": "generated",
          "div": "<div xmlns=\"http://www.w3.org/1999/xhtml\"><p><b>Generated Narrative</b></p><div style=\"display: inline-block; background-color: #d9e0e7; padding: 6px; margin: 4px; border: 1px solid #8da1b4; border-radius: 5px; line-height: 60%\"><p style=\"margin-bottom: 0px\">Resource \"TvuX2kXom6hSvYhMs\" </p></div><p><b>status</b>: preliminary</p><p><b>category</b>: Complaint <span style=\"background: LightGoldenRodYellow; margin: 4px; border: 1px solid khaki\"> ()</span></p><p><b>code</b>: Symptom <span style=\"background: LightGoldenRodYellow; margin: 4px; border: 1px solid khaki\"> (<a href=\"https://loinc.org/\">LOINC</a>#75325-1)</span></p><p><b>subject</b>: <a href=\"/Patient/Anyman/Bob\">/Patient/Anyman/Bob: John Doe</a></p><p><b>effective</b>: 2018-10-05 04:03:02+0000</p><p><b>value</b>: 0</p></div>"
        },
        "status": "preliminary",
        "category": [
          {
            "text": "Complaint"
          }
        ],
        "code": {
          "coding": [
            {
              "system": "http://loinc.org",
              "code": "75325-1",
              "display": "Symptom"
            }
          ]
        },
        "subject": {
          "reference": "/Patient/Anyman/Bob",
          "display": "John Doe"
        },
        "effectiveDateTime": "2018-10-05T16:03:02.351Z",
        "valueQuantity": {
          "value": 0,
          "unit": "",
          "system": "http://unitsofmeasure.org"
        }
      }
    },
    {
      "fullUrl": "/Observation/x7JRtwiGcxpFA7Psb",
      "resource": {
        "resourceType": "Observation",
        "id": "x7JRtwiGcxpFA7Psb",
        "text": {
          "status": "generated",
          "div": "<div xmlns=\"http://www.w3.org/1999/xhtml\"><p><b>Generated Narrative</b></p><div style=\"display: inline-block; background-color: #d9e0e7; padding: 6px; margin: 4px; border: 1px solid #8da1b4; border-radius: 5px; line-height: 60%\"><p style=\"margin-bottom: 0px\">Resource \"x7JRtwiGcxpFA7Psb\" </p></div><p><b>status</b>: preliminary</p><p><b>category</b>: Complaint <span style=\"background: LightGoldenRodYellow; margin: 4px; border: 1px solid khaki\"> ()</span></p><p><b>code</b>: Symptom <span style=\"background: LightGoldenRodYellow; margin: 4px; border: 1px solid khaki\"> (<a href=\"https://loinc.org/\">LOINC</a>#75325-1)</span></p><p><b>subject</b>: <a href=\"/Patient/Anyman/Bob\">/Patient/Anyman/Bob: John Doe</a></p><p><b>effective</b>: 2018-10-05 04:03:35+0000</p><p><b>value</b>: 0</p></div>"
        },
        "status": "preliminary",
        "category": [
          {
            "text": "Complaint"
          }
        ],
        "code": {
          "coding": [
            {
              "system": "http://loinc.org",
              "code": "75325-1",
              "display": "Symptom"
            }
          ]
        },
        "subject": {
          "reference": "/Patient/Anyman/Bob",
          "display": "John Doe"
        },
        "effectiveDateTime": "2018-10-05T16:03:35.687Z",
        "valueQuantity": {
          "value": 0,
          "unit": "",
          "system": "http://unitsofmeasure.org"
        }
      }
    },
    {
      "fullUrl": "/Observation/8y7MPgGCmx5CeZHqS",
      "resource": {
        "resourceType": "Observation",
        "id": "8y7MPgGCmx5CeZHqS",
        "text": {
          "status": "generated",
          "div": "<div xmlns=\"http://www.w3.org/1999/xhtml\"><p><b>Generated Narrative</b></p><div style=\"display: inline-block; background-color: #d9e0e7; padding: 6px; margin: 4px; border: 1px solid #8da1b4; border-radius: 5px; line-height: 60%\"><p style=\"margin-bottom: 0px\">Resource \"8y7MPgGCmx5CeZHqS\" </p></div><p><b>status</b>: preliminary</p><p><b>category</b>: Complaint <span style=\"background: LightGoldenRodYellow; margin: 4px; border: 1px solid khaki\"> ()</span></p><p><b>code</b>: Symptom <span style=\"background: LightGoldenRodYellow; margin: 4px; border: 1px solid khaki\"> (<a href=\"https://loinc.org/\">LOINC</a>#75325-1)</span></p><p><b>subject</b>: <a href=\"/Patient/Anyman/Bob\">/Patient/Anyman/Bob: John Doe</a></p><p><b>effective</b>: 2018-10-05 04:04:17+0000</p><p><b>value</b>: 0</p></div>"
        },
        "status": "preliminary",
        "category": [
          {
            "text": "Complaint"
          }
        ],
        "code": {
          "coding": [
            {
              "system": "http://loinc.org",
              "code": "75325-1",
              "display": "Symptom"
            }
          ]
        },
        "subject": {
          "reference": "/Patient/Anyman/Bob",
          "display": "John Doe"
        },
        "effectiveDateTime": "2018-10-05T16:04:17.589Z",
        "valueQuantity": {
          "value": 0,
          "unit": "",
          "system": "http://unitsofmeasure.org"
        }
      }
    },
    {
      "fullUrl": "/Observation/Z3WQTCWsnRMHwzygK",
      "resource": {
        "resourceType": "Observation",
        "id": "Z3WQTCWsnRMHwzygK",
        "text": {
          "status": "generated",
          "div": "<div xmlns=\"http://www.w3.org/1999/xhtml\"><p><b>Generated Narrative</b></p><div style=\"display: inline-block; background-color: #d9e0e7; padding: 6px; margin: 4px; border: 1px solid #8da1b4; border-radius: 5px; line-height: 60%\"><p style=\"margin-bottom: 0px\">Resource \"Z3WQTCWsnRMHwzygK\" </p></div><p><b>status</b>: preliminary</p><p><b>category</b>: Complaint <span style=\"background: LightGoldenRodYellow; margin: 4px; border: 1px solid khaki\"> ()</span></p><p><b>code</b>: Symptom <span style=\"background: LightGoldenRodYellow; margin: 4px; border: 1px solid khaki\"> (<a href=\"https://loinc.org/\">LOINC</a>#75325-1)</span></p><p><b>subject</b>: <a href=\"/Patient/Anyman/Bob\">/Patient/Anyman/Bob: John Doe</a></p><p><b>effective</b>: 2018-10-05 04:05:02+0000</p><p><b>value</b>: 0</p></div>"
        },
        "status": "preliminary",
        "category": [
          {
            "text": "Complaint"
          }
        ],
        "code": {
          "coding": [
            {
              "system": "http://loinc.org",
              "code": "75325-1",
              "display": "Symptom"
            }
          ]
        },
        "subject": {
          "reference": "/Patient/Anyman/Bob",
          "display": "John Doe"
        },
        "effectiveDateTime": "2018-10-05T16:05:02.753Z",
        "valueQuantity": {
          "value": 0,
          "unit": "",
          "system": "http://unitsofmeasure.org"
        }
      }
    },
    {
      "fullUrl": "/Observation/ym9B2bdDJbHAKpyhF",
      "resource": {
        "resourceType": "Observation",
        "id": "ym9B2bdDJbHAKpyhF",
        "text": {
          "status": "generated",
          "div": "<div xmlns=\"http://www.w3.org/1999/xhtml\"><p><b>Generated Narrative</b></p><div style=\"display: inline-block; background-color: #d9e0e7; padding: 6px; margin: 4px; border: 1px solid #8da1b4; border-radius: 5px; line-height: 60%\"><p style=\"margin-bottom: 0px\">Resource \"ym9B2bdDJbHAKpyhF\" </p></div><p><b>status</b>: final</p><p><b>category</b>: Fasting Blood Glucose <span style=\"background: LightGoldenRodYellow; margin: 4px; border: 1px solid khaki\"> ()</span></p><p><b>code</b>: Fasting glucose [Mass/volume] in Capillary blood by Glucometer <span style=\"background: LightGoldenRodYellow; margin: 4px; border: 1px solid khaki\"> (<a href=\"https://loinc.org/\">LOINC</a>#41604-0)</span></p><p><b>subject</b>: <a href=\"/Patient/Anyman/Bob\">/Patient/Anyman/Bob: John Doe</a></p><p><b>effective</b>: 2018-10-05 04:08:07+0000</p><p><b>value</b>: 163 mg/dl</p></div>"
        },
        "status": "final",
        "category": [
          {
            "text": "Fasting Blood Glucose"
          }
        ],
        "code": {
          "coding": [
            {
              "system": "http://loinc.org",
              "code": "41604-0",
              "display": "Fasting glucose [Mass/volume] in Capillary blood by Glucometer"
            }
          ]
        },
        "subject": {
          "reference": "/Patient/Anyman/Bob",
          "display": "John Doe"
        },
        "effectiveDateTime": "2018-10-05T16:08:07.465Z",
        "valueQuantity": {
          "value": 163,
          "unit": "mg/dl",
          "system": "http://unitsofmeasure.org"
        }
      }
    },
    {
      "fullUrl": "/Observation/WZoW2sj73yy7D7pnd",
      "resource": {
        "resourceType": "Observation",
        "id": "WZoW2sj73yy7D7pnd",
        "text": {
          "status": "generated",
          "div": "<div xmlns=\"http://www.w3.org/1999/xhtml\"><p><b>Generated Narrative</b></p><div style=\"display: inline-block; background-color: #d9e0e7; padding: 6px; margin: 4px; border: 1px solid #8da1b4; border-radius: 5px; line-height: 60%\"><p style=\"margin-bottom: 0px\">Resource \"WZoW2sj73yy7D7pnd\" </p></div><p><b>status</b>: final</p><p><b>category</b>: HbA1c <span style=\"background: LightGoldenRodYellow; margin: 4px; border: 1px solid khaki\"> ()</span></p><p><b>code</b>: Hemoglobin A1c/Hemoglobin.total in Blood <span style=\"background: LightGoldenRodYellow; margin: 4px; border: 1px solid khaki\"> (<a href=\"https://loinc.org/\">LOINC</a>#4548-4)</span></p><p><b>subject</b>: <a href=\"/Patient/Anyman/Bob\">/Patient/Anyman/Bob: John Doe</a></p><p><b>effective</b>: 2018-10-05 04:09:33+0000</p><p><b>value</b>: 7.8 %</p></div>"
        },
        "status": "final",
        "category": [
          {
            "text": "HbA1c"
          }
        ],
        "code": {
          "coding": [
            {
              "system": "http://loinc.org",
              "code": "4548-4",
              "display": "Hemoglobin A1c/Hemoglobin.total in Blood"
            }
          ]
        },
        "subject": {
          "reference": "/Patient/Anyman/Bob",
          "display": "John Doe"
        },
        "effectiveDateTime": "2018-10-05T16:09:33.924Z",
        "valueQuantity": {
          "value": 7.8,
          "unit": "%",
          "system": "http://unitsofmeasure.org"
        }
      }
    },
    {
      "fullUrl": "/Observation/n6SyqiHGT8xwvYJLZ",
      "resource": {
        "resourceType": "Observation",
        "id": "n6SyqiHGT8xwvYJLZ",
        "text": {
          "status": "generated",
          "div": "<div xmlns=\"http://www.w3.org/1999/xhtml\"><p><b>Generated Narrative</b></p><div style=\"display: inline-block; background-color: #d9e0e7; padding: 6px; margin: 4px; border: 1px solid #8da1b4; border-radius: 5px; line-height: 60%\"><p style=\"margin-bottom: 0px\">Resource \"n6SyqiHGT8xwvYJLZ\" </p></div><p><b>status</b>: final</p><p><b>category</b>: Height <span style=\"background: LightGoldenRodYellow; margin: 4px; border: 1px solid khaki\"> ()</span></p><p><b>code</b>: Body height <span style=\"background: LightGoldenRodYellow; margin: 4px; border: 1px solid khaki\"> (<a href=\"https://loinc.org/\">LOINC</a>#8302-2)</span></p><p><b>subject</b>: <a href=\"/Patient/Anyman/Bob\">/Patient/Anyman/Bob: John Doe</a></p><p><b>effective</b>: 2018-10-05 04:10:14+0000</p><p><b>value</b>: 67 inches</p></div>"
        },
        "status": "final",
        "category": [
          {
            "text": "Height"
          }
        ],
        "code": {
          "coding": [
            {
              "system": "http://loinc.org",
              "code": "8302-2",
              "display": "Body height"
            }
          ]
        },
        "subject": {
          "reference": "/Patient/Anyman/Bob",
          "display": "John Doe"
        },
        "effectiveDateTime": "2018-10-05T16:10:14.868Z",
        "valueQuantity": {
          "value": 67,
          "unit": "inches",
          "system": "http://unitsofmeasure.org"
        }
      }
    },
    {
      "fullUrl": "/Observation/hXcf7dFjizx8MxMqD",
      "resource": {
        "resourceType": "Observation",
        "id": "hXcf7dFjizx8MxMqD",
        "text": {
          "status": "generated",
          "div": "<div xmlns=\"http://www.w3.org/1999/xhtml\"><p><b>Generated Narrative</b></p><div style=\"display: inline-block; background-color: #d9e0e7; padding: 6px; margin: 4px; border: 1px solid #8da1b4; border-radius: 5px; line-height: 60%\"><p style=\"margin-bottom: 0px\">Resource \"hXcf7dFjizx8MxMqD\" </p></div><p><b>status</b>: final</p><p><b>category</b>: Weight <span style=\"background: LightGoldenRodYellow; margin: 4px; border: 1px solid khaki\"> ()</span></p><p><b>code</b>: Body weight <span style=\"background: LightGoldenRodYellow; margin: 4px; border: 1px solid khaki\"> (<a href=\"https://loinc.org/\">LOINC</a>#29463-7)</span></p><p><b>subject</b>: <a href=\"/Patient/Anyman/Bob\">/Patient/Anyman/Bob: John Doe</a></p><p><b>effective</b>: 2018-10-05 04:11:03+0000</p><p><b>value</b>: 216 lbs</p></div>"
        },
        "status": "final",
        "category": [
          {
            "text": "Weight"
          }
        ],
        "code": {
          "coding": [
            {
              "system": "http://loinc.org",
              "code": "29463-7",
              "display": "Body weight"
            }
          ]
        },
        "subject": {
          "reference": "/Patient/Anyman/Bob",
          "display": "John Doe"
        },
        "effectiveDateTime": "2018-10-05T16:11:03.223Z",
        "valueQuantity": {
          "value": 216,
          "unit": "lbs",
          "system": "http://unitsofmeasure.org"
        }
      }
    },
    {
      "fullUrl": "/Observation/Gz6nXg5JFY33hQEX8",
      "resource": {
        "resourceType": "Observation",
        "id": "Gz6nXg5JFY33hQEX8",
        "text": {
          "status": "generated",
          "div": "<div xmlns=\"http://www.w3.org/1999/xhtml\"><p><b>Generated Narrative</b></p><div style=\"display: inline-block; background-color: #d9e0e7; padding: 6px; margin: 4px; border: 1px solid #8da1b4; border-radius: 5px; line-height: 60%\"><p style=\"margin-bottom: 0px\">Resource \"Gz6nXg5JFY33hQEX8\" </p></div><p><b>status</b>: final</p><p><b>category</b>: Blood Pressure <span style=\"background: LightGoldenRodYellow; margin: 4px; border: 1px solid khaki\"> ()</span></p><p><b>code</b>: Systolic blood pressure <span style=\"background: LightGoldenRodYellow; margin: 4px; border: 1px solid khaki\"> (<a href=\"https://loinc.org/\">LOINC</a>#8480-6)</span></p><p><b>subject</b>: <a href=\"/Patient/Anyman/Bob\">/Patient/Anyman/Bob: John Doe</a></p><p><b>effective</b>: 2018-10-05 04:11:48+0000</p><p><b>value</b>: 164 mm Hg</p></div>"
        },
        "status": "final",
        "category": [
          {
            "text": "Blood Pressure"
          }
        ],
        "code": {
          "coding": [
            {
              "system": "http://loinc.org",
              "code": "8480-6",
              "display": "Systolic blood pressure"
            }
          ]
        },
        "subject": {
          "reference": "/Patient/Anyman/Bob",
          "display": "John Doe"
        },
        "effectiveDateTime": "2018-10-05T16:11:48.290Z",
        "valueQuantity": {
          "value": 164,
          "unit": "mm Hg",
          "system": "http://unitsofmeasure.org"
        }
      }
    },
    {
      "fullUrl": "/Observation/Gz6nXg5JFY33hQEX9",
      "resource": {
        "resourceType": "Observation",
        "id": "Gz6nXg5JFY33hQEX9",
        "text": {
          "status": "generated",
          "div": "<div xmlns=\"http://www.w3.org/1999/xhtml\"><p><b>Generated Narrative</b></p><div style=\"display: inline-block; background-color: #d9e0e7; padding: 6px; margin: 4px; border: 1px solid #8da1b4; border-radius: 5px; line-height: 60%\"><p style=\"margin-bottom: 0px\">Resource \"Gz6nXg5JFY33hQEX9\" </p></div><p><b>status</b>: final</p><p><b>category</b>: Blood Pressure <span style=\"background: LightGoldenRodYellow; margin: 4px; border: 1px solid khaki\"> ()</span></p><p><b>code</b>: Diastolic blood pressure <span style=\"background: LightGoldenRodYellow; margin: 4px; border: 1px solid khaki\"> (<a href=\"https://loinc.org/\">LOINC</a>#8462-4)</span></p><p><b>subject</b>: <a href=\"/Patient/Anyman/Bob\">/Patient/Anyman/Bob: John Doe</a></p><p><b>effective</b>: 2018-10-05 04:11:48+0000</p><p><b>value</b>: 108 mm Hg</p></div>"
        },
        "status": "final",
        "category": [
          {
            "text": "Blood Pressure"
          }
        ],
        "code": {
          "coding": [
            {
              "system": "http://loinc.org",
              "code": "8462-4",
              "display": "Diastolic blood pressure"
            }
          ]
        },
        "subject": {
          "reference": "/Patient/Anyman/Bob",
          "display": "John Doe"
        },
        "effectiveDateTime": "2018-10-05T16:11:48.290Z",
        "valueQuantity": {
          "value": 108,
          "unit": "mm Hg",
          "system": "http://unitsofmeasure.org"
        }
      }
    },
    {
      "fullUrl": "/Observation/AEsJJuTPw657P6LEj",
      "resource": {
        "resourceType": "Observation",
        "id": "AEsJJuTPw657P6LEj",
        "text": {
          "status": "generated",
          "div": "<div xmlns=\"http://www.w3.org/1999/xhtml\"><p><b>Generated Narrative</b></p><div style=\"display: inline-block; background-color: #d9e0e7; padding: 6px; margin: 4px; border: 1px solid #8da1b4; border-radius: 5px; line-height: 60%\"><p style=\"margin-bottom: 0px\">Resource \"AEsJJuTPw657P6LEj\" </p></div><p><b>status</b>: final</p><p><b>category</b>: BMI <span style=\"background: LightGoldenRodYellow; margin: 4px; border: 1px solid khaki\"> ()</span></p><p><b>code</b>: BMI score for risk calculation <span style=\"background: LightGoldenRodYellow; margin: 4px; border: 1px solid khaki\"> (<a href=\"https://loinc.org/\">LOINC</a>#97057-4)</span></p><p><b>subject</b>: <a href=\"/Patient/Anyman/Bob\">/Patient/Anyman/Bob: John Doe</a></p><p><b>effective</b>: 2018-10-05 04:12:26+0000</p><p><b>value</b>: 33</p></div>"
        },
        "status": "final",
        "category": [
          {
            "text": "BMI"
          }
        ],
        "code": {
          "coding": [
            {
              "system": "http://loinc.org",
              "code": "97057-4",
              "display": "BMI score for risk calculation"
            }
          ]
        },
        "subject": {
          "reference": "/Patient/Anyman/Bob",
          "display": "John Doe"
        },
        "effectiveDateTime": "2018-10-05T16:12:26.875Z",
        "valueQuantity": {
          "value": 33,
          "unit": "",
          "system": "http://unitsofmeasure.org"
        }
      }
    }
  ]
}