{
  "resourceType": "CarePlan",
  "id": "ExampleCarePlan",
  "meta": {
    "profile": [
      "https://gitlab.mitre.org/awatson/sphr/StructureDefinition/PhrCarePlan"
    ]
  },
  "text": {
    "status": "generated",
    "div": "<div xmlns=\"http://www.w3.org/1999/xhtml\"><p><b>Generated Narrative</b></p><div style=\"display: inline-block; background-color: #d9e0e7; padding: 6px; margin: 4px; border: 1px solid #8da1b4; border-radius: 5px; line-height: 60%\"><p style=\"margin-bottom: 0px\">Resource \"ExampleCarePlan\" </p><p style=\"margin-bottom: 0px\">Profile: <a href=\"StructureDefinition-PhrCarePlan.html\">PhrCarePlan</a></p></div><p><b>status</b>: active</p><p><b>intent</b>: plan</p><p><b>subject</b>: <a href=\"Patient-john-doe.html\">Patient/john-doe: John Doe</a> \" DOE\"</p></div>"
  },
  "status": "active",
  "intent": "plan",
  "subject": {
    "reference": "Patient/john-doe",
    "display": "John Doe"
  }
}