<?xml version="1.0" encoding="UTF-8"?>

<MedicationStatement xmlns="http://hl7.org/fhir">
  <id value="MedicationStatementExample"/>
  <meta>
    <profile value="https://gitlab.mitre.org/awatson/hello-implementation-guide/StructureDefinition/MyMedicationStatement"/>
  </meta>
  <text>
    <status value="generated"/><div xmlns="http://www.w3.org/1999/xhtml"><p><b>Generated Narrative</b></p><div style="display: inline-block; background-color: #d9e0e7; padding: 6px; margin: 4px; border: 1px solid #8da1b4; border-radius: 5px; line-height: 60%"><p style="margin-bottom: 0px">Resource "MedicationStatementExample" </p><p style="margin-bottom: 0px">Profile: <a href="StructureDefinition-MyMedicationStatement.html">MyMedicationStatement</a></p></div><p><b>status</b>: active</p><p><b>medication</b>: <a href="Medication/acetaminophen">Medication/acetaminophen: Acetaminophen</a></p><p><b>subject</b>: <a href="Patient/jane-doe">Patient/jane-doe: Jane Doe</a></p></div>
  </text>
  <status value="active"/>
  <medicationReference>
    <reference value="Medication/acetaminophen"/>
    <display value="Acetaminophen"/>
  </medicationReference>
  <subject>
    <reference value="Patient/jane-doe"/>
    <display value="Jane Doe"/>
  </subject>
</MedicationStatement>