<?xml version="1.0" encoding="UTF-8"?><CodeSystem xmlns="http://hl7.org/fhir"><id value="apple-health-kit-biological-sex-code-system"/><text><status value="generated"/><div xmlns="http://www.w3.org/1999/xhtml"><p>This code system <code>https://open-health-manager.github.io/standard-patient-health-record-ig/CodeSystem/apple-health-kit-biological-sex-code-system</code> defines the following codes:</p><table class="codes"><tr><td style="white-space:nowrap"><b>Code</b></td><td><b>Display</b></td></tr><tr><td style="white-space:nowrap">notSet<a name="apple-health-kit-biological-sex-code-system-notSet"> </a></td><td>A constant indicating that either the user's biological sex characteristic type is not set, or the user has not granted your app permission to read that characteristic type.</td></tr><tr><td style="white-space:nowrap">female<a name="apple-health-kit-biological-sex-code-system-female"> </a></td><td>A constant indicating that the user is female.</td></tr><tr><td style="white-space:nowrap">male<a name="apple-health-kit-biological-sex-code-system-male"> </a></td><td>A constant indicating that the user is male.</td></tr><tr><td style="white-space:nowrap">other<a name="apple-health-kit-biological-sex-code-system-other"> </a></td><td>A constant indicating that the user is otherwise not categorized as either male or female.</td></tr></table></div></text><url value="https://open-health-manager.github.io/standard-patient-health-record-ig/CodeSystem/apple-health-kit-biological-sex-code-system"/><version value="0.4.4"/><name value="AppleHealthKitBiologicalSexCodeSystem"/><title value="Apple HealthKit Biological Sex Code System"/><status value="active"/><date value="2023-03-03T21:03:08+00:00"/><publisher value="MITRE"/><contact><name value="MITRE"/><telecom><system value="url"/><value value="https://open-health-manager.github.io/standard-patient-health-record-ig"/></telecom></contact><description value="Constants indicating the user’s sex."/><content value="complete"/><count value="4"/><concept><code value="notSet"/><display value="A constant indicating that either the user's biological sex characteristic type is not set, or the user has not granted your app permission to read that characteristic type."/></concept><concept><code value="female"/><display value="A constant indicating that the user is female."/></concept><concept><code value="male"/><display value="A constant indicating that the user is male."/></concept><concept><code value="other"/><display value="A constant indicating that the user is otherwise not categorized as either male or female."/></concept></CodeSystem>