{
  "resourceType": "AllergyIntolerance",
  "id": "allergy-intolerance",
  "meta": {
    "versionId": "1",
    "lastUpdated": "2018-10-04T19:42:52.061-04:00",
    "profile": [
      "http://hl7.org/fhir/us/core/StructureDefinition/us-core-allergyintolerance"
    ]
  },
  "text": {
    "status": "generated",
    "div": "<div xmlns=\"http://www.w3.org/1999/xhtml\"><p><b>Generated Narrative</b></p><div style=\"display: inline-block; background-color: #d9e0e7; padding: 6px; margin: 4px; border: 1px solid #8da1b4; border-radius: 5px; line-height: 60%\"><p style=\"margin-bottom: 0px\">Resource \"allergy-intolerance\" Version \"1\" Updated \"2018-10-04 06:42:52-0500\" </p><p style=\"margin-bottom: 0px\">Profile: <code>http://hl7.org/fhir/us/core/StructureDefinition/us-core-allergyintolerance</code></p></div><p><b>clinicalStatus</b>: active <span style=\"background: LightGoldenRodYellow; margin: 4px; border: 1px solid khaki\"> ()</span></p><p><b>verificationStatus</b>: confirmed <span style=\"background: LightGoldenRodYellow; margin: 4px; border: 1px solid khaki\"> ()</span></p><p><b>category</b>: medication</p><p><b>criticality</b>: high</p><p><b>code</b>: sulfonamide antibacterial <span style=\"background: LightGoldenRodYellow; margin: 4px; border: 1px solid khaki\"> (ndfrt#N0000175503)</span></p><p><b>patient</b>: <a href=\"Patient-john-doe.html\">Patient/john-doe: John Doe</a> \" DOE\"</p><p><b>onset</b>: 2000</p><h3>Reactions</h3><table class=\"grid\"><tr><td>-</td><td><b>Manifestation</b></td><td><b>Severity</b></td></tr><tr><td>*</td><td>skin rash <span style=\"background: LightGoldenRodYellow; margin: 4px; border: 1px solid khaki\"> (<a href=\"https://browser.ihtsdotools.org/\">SNOMED CT</a>#271807003)</span></td><td>mild</td></tr></table></div>"
  },
  "clinicalStatus": {
    "text": "active"
  },
  "verificationStatus": {
    "text": "confirmed"
  },
  "category": [
    "medication"
  ],
  "criticality": "high",
  "code": {
    "coding": [
      {
        "system": "http://hl7.org/fhir/ndfrt",
        "code": "N0000175503",
        "display": "sulfonamide antibacterial"
      }
    ],
    "text": "sulfonamide antibacterial"
  },
  "patient": {
    "reference": "Patient/john-doe",
    "display": "John Doe"
  },
  "onsetDateTime": "2000",
  "reaction": [
    {
      "manifestation": [
        {
          "coding": [
            {
              "system": "http://snomed.info/sct",
              "code": "271807003",
              "display": "skin rash"
            }
          ],
          "text": "skin rash"
        }
      ],
      "severity": "mild"
    }
  ]
}