[
  {
    "id": "StandardPatientHealthRecordIG",
    "type": "ImplementationGuide",
    "url": "https://gitlab.mitre.org/awatson/sphr/ImplementationGuide/StandardPatientHealthRecordIG",
    "version": "0.2.1",
    "name": "StandardPatientHealthRecordIG"
  },
  {
    "id": "Environmental",
    "type": "StructureDefinition",
    "url": "https://gitlab.mitre.org/awatson/sphr/StructureDefinition/Environmental",
    "version": "0.2.1",
    "name": "Environmental"
  },
  {
    "id": "HealthReceipt",
    "type": "StructureDefinition",
    "url": "https://gitlab.mitre.org/awatson/sphr/StructureDefinition/HealthReceipt",
    "version": "0.2.1",
    "name": "HealthReceipt"
  },
  {
    "id": "NutrientIntake",
    "type": "StructureDefinition",
    "url": "https://gitlab.mitre.org/awatson/sphr/StructureDefinition/NutrientIntake",
    "version": "0.2.1",
    "name": "NutrientIntake"
  },
  {
    "id": "NutrientOuttake",
    "type": "StructureDefinition",
    "url": "https://gitlab.mitre.org/awatson/sphr/StructureDefinition/NutrientOuttake",
    "version": "0.2.1",
    "name": "NutrientOuttake"
  },
  {
    "id": "PhrAllergyIntolerance",
    "type": "StructureDefinition",
    "url": "https://gitlab.mitre.org/awatson/sphr/StructureDefinition/PhrAllergyIntolerance",
    "version": "0.2.1",
    "name": "PhrAllergyIntolerance"
  },
  {
    "id": "PhrBodyStructure",
    "type": "StructureDefinition",
    "url": "https://gitlab.mitre.org/awatson/sphr/StructureDefinition/PhrBodyStructure",
    "version": "0.2.1",
    "name": "PhrBodyStructure"
  },
  {
    "id": "PhrCarePlan",
    "type": "StructureDefinition",
    "url": "https://gitlab.mitre.org/awatson/sphr/StructureDefinition/PhrCarePlan",
    "version": "0.2.1",
    "name": "PhrCarePlan"
  },
  {
    "id": "PhrCareTeam",
    "type": "StructureDefinition",
    "url": "https://gitlab.mitre.org/awatson/sphr/StructureDefinition/PhrCareTeam",
    "version": "0.2.1",
    "name": "PhrCareTeam"
  },
  {
    "id": "PhrCommunication",
    "type": "StructureDefinition",
    "url": "https://gitlab.mitre.org/awatson/sphr/StructureDefinition/PhrCommunication",
    "version": "0.2.1",
    "name": "PhrCommunication"
  },
  {
    "id": "PhrCondition",
    "type": "StructureDefinition",
    "url": "https://gitlab.mitre.org/awatson/sphr/StructureDefinition/PhrCondition",
    "version": "0.2.1",
    "name": "PhrCondition"
  },
  {
    "id": "PhrConsent",
    "type": "StructureDefinition",
    "url": "https://gitlab.mitre.org/awatson/sphr/StructureDefinition/PhrConsent",
    "version": "0.2.1",
    "name": "PhrConsent"
  },
  {
    "id": "PhrDevice",
    "type": "StructureDefinition",
    "url": "https://gitlab.mitre.org/awatson/sphr/StructureDefinition/PhrDevice",
    "version": "0.2.1",
    "name": "PhrDevice"
  },
  {
    "id": "PhrDiagnosticReport",
    "type": "StructureDefinition",
    "url": "https://gitlab.mitre.org/awatson/sphr/StructureDefinition/PhrDiagnosticReport",
    "version": "0.2.1",
    "name": "PhrDiagnosticReport"
  },
  {
    "id": "PhrFamilyMemberHistory",
    "type": "StructureDefinition",
    "url": "https://gitlab.mitre.org/awatson/sphr/StructureDefinition/PhrFamilyMemberHistory",
    "version": "0.2.1",
    "name": "PhrFamilyMemberHistory"
  },
  {
    "id": "PhrGoal",
    "type": "StructureDefinition",
    "url": "https://gitlab.mitre.org/awatson/sphr/StructureDefinition/PhrGoal",
    "version": "0.2.1",
    "name": "PhrGoal"
  },
  {
    "id": "PhrImmunization",
    "type": "StructureDefinition",
    "url": "https://gitlab.mitre.org/awatson/sphr/StructureDefinition/PhrImmunization",
    "version": "0.2.1",
    "name": "PhrImmunization"
  },
  {
    "id": "PhrMedication",
    "type": "StructureDefinition",
    "url": "https://gitlab.mitre.org/awatson/sphr/StructureDefinition/PhrMedication",
    "version": "0.2.1",
    "name": "PhrMedication"
  },
  {
    "id": "PhrMedicationStatement",
    "type": "StructureDefinition",
    "url": "https://gitlab.mitre.org/awatson/sphr/StructureDefinition/PhrMedicationStatement",
    "version": "0.2.1",
    "name": "PhrMedicationStatement"
  },
  {
    "id": "PhrMolecularSequence",
    "type": "StructureDefinition",
    "url": "https://gitlab.mitre.org/awatson/sphr/StructureDefinition/PhrMolecularSequence",
    "version": "0.2.1",
    "name": "PhrMolecularSequence"
  },
  {
    "id": "PhrObservation",
    "type": "StructureDefinition",
    "url": "https://gitlab.mitre.org/awatson/sphr/StructureDefinition/PhrObservation",
    "version": "0.2.1",
    "name": "PhrObservation"
  },
  {
    "id": "PhrPatient",
    "type": "StructureDefinition",
    "url": "https://gitlab.mitre.org/awatson/sphr/StructureDefinition/PhrPatient",
    "version": "0.2.1",
    "name": "PhrPatient"
  },
  {
    "id": "PhrPractitioner",
    "type": "StructureDefinition",
    "url": "https://gitlab.mitre.org/awatson/sphr/StructureDefinition/PhrPractitioner",
    "version": "0.2.1",
    "name": "PhrPractitioner"
  },
  {
    "id": "PhrProcedure",
    "type": "StructureDefinition",
    "url": "https://gitlab.mitre.org/awatson/sphr/StructureDefinition/PhrProcedure",
    "version": "0.2.1",
    "name": "PhrProcedure"
  },
  {
    "id": "PhrRelatedPerson",
    "type": "StructureDefinition",
    "url": "https://gitlab.mitre.org/awatson/sphr/StructureDefinition/PhrRelatedPerson",
    "version": "0.2.1",
    "name": "PhrRelatedPerson"
  },
  {
    "id": "PhrSpecimen",
    "type": "StructureDefinition",
    "url": "https://gitlab.mitre.org/awatson/sphr/StructureDefinition/PhrSpecimen",
    "version": "0.2.1",
    "name": "PhrSpecimen"
  },
  {
    "id": "SocialMedia",
    "type": "StructureDefinition",
    "url": "https://gitlab.mitre.org/awatson/sphr/StructureDefinition/SocialMedia",
    "version": "0.2.1",
    "name": "SocialMedia"
  }
]