{
  "resourceType": "Composition",
  "id": "Referral-Note-Example",
  "meta": {
    "versionId": "2",
    "lastUpdated": "2019-01-25T16:39:57.088-05:00",
    "profile": [
      "http://hl7.org/fhir/us/ccda/StructureDefinition/CCDA-on-FHIR-Referral-Note"
    ]
  },
  "language": "en-US",
  "text": {
    "status": "generated",
    "div": "<div xmlns=\"http://www.w3.org/1999/xhtml\" xml:lang=\"en-US\" lang=\"en-US\"><p><b>Generated Narrative</b></p><div style=\"display: inline-block; background-color: #d9e0e7; padding: 6px; margin: 4px; border: 1px solid #8da1b4; border-radius: 5px; line-height: 60%\"><p style=\"margin-bottom: 0px\">Resource \"Referral-Note-Example\" Version \"2\" Updated \"2019-01-25 03:39:57-0600\"  (Language \"en-US\") </p><p style=\"margin-bottom: 0px\">Profile: <code>http://hl7.org/fhir/us/ccda/StructureDefinition/CCDA-on-FHIR-Referral-Note</code></p></div><p><b>identifier</b>: id: 1</p><p><b>status</b>: preliminary</p><p><b>type</b>: Referral Note <span style=\"background: LightGoldenRodYellow; margin: 4px; border: 1px solid khaki\"> (<a href=\"https://loinc.org/\">LOINC</a>#57133-1)</span></p><p><b>date</b>: 2016-06-15 09:10:14+0000</p><p><b>author</b>: <a href=\"Practitioner/practitioner-1\">Practitioner/practitioner-1: Ronald Boone, MD</a></p><p><b>title</b>: Referral Note</p><p><b>confidentiality</b>: N</p><h3>Attesters</h3><table class=\"grid\"><tr><td>-</td><td><b>Mode</b></td><td><b>Time</b></td><td><b>Party</b></td></tr><tr><td>*</td><td>legal</td><td>2016-06-15 09:10:14+0000</td><td><a href=\"Practitioner/practitioner-1\">Practitioner/practitioner-1: Ronald Boone, MD</a></td></tr></table><p><b>custodian</b>: <a href=\"Organization-organization-1.html\">Organization/organization-1: Community Health and Hospitals</a> \"Acme Labs\"</p><h3>Events</h3><table class=\"grid\"><tr><td>-</td><td><b>Code</b></td><td><b>Period</b></td></tr><tr><td>*</td><td>Care Provision <span style=\"background: LightGoldenRodYellow; margin: 4px; border: 1px solid khaki\"> (ActClass#PCPR)</span></td><td>2016-06-15 --&gt; 2016-06-15</td></tr></table></div>"
  },
  "extension": [
    {
      "url": "https://trifolia-fhir.lantanagroup.com/stu3/StructureDefinition/github-branch",
      "valueString": "master"
    },
    {
      "url": "https://trifolia-fhir.lantanagroup.com/stu3/StructureDefinition/github-path",
      "valueString": "HL7/ccda-on-fhir/source/resources/composition/CCDA-on-FHIR-Referral-Note-Example.xml"
    }
  ],
  "identifier": {
    "system": "urn:ietf:rfc:3986",
    "value": "1"
  },
  "status": "preliminary",
  "type": {
    "coding": [
      {
        "system": "http://loinc.org",
        "code": "57133-1",
        "display": "Referral Note"
      }
    ]
  },
  "subject": {
    "reference": "Patient/jane-doe",
    "display": "Jane Doe"
  },
  "date": "2016-06-15T09:10:14Z",
  "author": [
    {
      "reference": "Practitioner/practitioner-1",
      "display": "Ronald Boone, MD"
    }
  ],
  "title": "Referral Note",
  "confidentiality": "N",
  "attester": [
    {
      "mode": "legal",
      "time": "2016-06-15T09:10:14Z",
      "party": {
        "reference": "Practitioner/practitioner-1",
        "display": "Ronald Boone, MD"
      }
    }
  ],
  "custodian": {
    "reference": "Organization/organization-1",
    "display": "Community Health and Hospitals"
  },
  "event": [
    {
      "code": [
        {
          "coding": [
            {
              "system": "http://hl7.org/fhir/v3/ActClass",
              "code": "PCPR",
              "display": "Care Provision"
            }
          ]
        }
      ],
      "period": {
        "start": "2016-06-15",
        "end": "2016-06-15"
      }
    }
  ],
  "section": [
    {
      "title": "Allergies and Intolerances Section",
      "code": {
        "coding": [
          {
            "system": "http://loinc.org",
            "code": "48765-2",
            "display": "Allergies and adverse reactions"
          }
        ]
      },
      "text": {
        "status": "generated",
        "div": "<div xmlns=\"http://www.w3.org/1999/xhtml\"><table><tr><td><b>Substance</b></td><td><b>Overall Severity</b></td><td><b>Reaction</b></td><td><b>Reaction Severity</b></td><td><b>Status</b></td></tr><tr><td>Cashew Nut</td><td>Severe</td><td>Anaphylactic reaction</td><td>Mild</td><td>Active</td></tr></table></div>"
      },
      "mode": "snapshot",
      "orderedBy": {
        "coding": [
          {
            "system": "http://hl7.org/fhir/list-order",
            "code": "event-date",
            "display": "Sorted by Event Date"
          }
        ]
      },
      "entry": [
        {
          "reference": "AllergyIntolerance/allergy-intolerance"
        }
      ]
    },
    {
      "title": "Advance Directives Section",
      "code": {
        "coding": [
          {
            "system": "http://loinc.org",
            "code": "42348-3",
            "display": "Advance directives"
          }
        ]
      },
      "text": {
        "status": "generated",
        "div": "<div xmlns=\"http://www.w3.org/1999/xhtml\"><table><tr><td><b>Name</b></td><td><b>Applies Period</b></td></tr><tr><td>Resuscitation</td><td>2015/01/01 - 2016/12/31</td></tr></table></div>"
      }
    },
    {
      "title": "Assessment Section",
      "code": {
        "coding": [
          {
            "system": "http://loinc.org",
            "code": "51848-0",
            "display": "Assessment (evaluation)"
          }
        ]
      },
      "text": {
        "status": "generated",
        "div": "<div xmlns=\"http://www.w3.org/1999/xhtml\"><p>Obesity.</p><p>Uncontrolled brittle Type II diabetic.</p><p>Shortness of breath, mild wheezing.</p><p>Pressure ulder on left knee.</p></div>"
      }
    },
    {
      "title": "Assessment and Plan Section",
      "code": {
        "coding": [
          {
            "system": "http://loinc.org",
            "code": "51847-2",
            "display": "Assessment (evaluation) and plan"
          }
        ]
      },
      "text": {
        "status": "generated",
        "div": "<div xmlns=\"http://www.w3.org/1999/xhtml\"><p>Recurrent GI bleed of unknown etiology; hypotension perhaps secondary to this but as likely secondary to polypharmacy</p><p>Acute on chronic anemia secondary to #1.</p><p>Azotemia, acute renal failure with volume loss secondary tom#1.</p><p>Hyperkalemia secondary to #3 and on ACE and K+ supplement.</p><p>Other chronic diagnoses as noted above, currently stable.</p></div>"
      }
    },
    {
      "title": "Family History Section",
      "code": {
        "coding": [
          {
            "system": "http://loinc.org",
            "code": "10157-6",
            "display": "History of family member diseases"
          }
        ]
      },
      "text": {
        "status": "generated",
        "div": "<div xmlns=\"http://www.w3.org/1999/xhtml\"><table><tr><td><b>Relationship</b></td><td><b>Diagnosis</b></td><td><b>Age at Onset</b></td></tr><tr><td>Father</td><td>Myocardial Infarction(cause of Death)</td><td>57</td></tr><tr><td>Father</td><td>Diabetes</td><td>40</td></tr></table></div>"
      }
    },
    {
      "title": "History of Past Illness Section",
      "code": {
        "coding": [
          {
            "system": "http://loinc.org",
            "code": "11348-0",
            "display": "History of past illness"
          }
        ]
      },
      "text": {
        "status": "generated",
        "div": "<div xmlns=\"http://www.w3.org/1999/xhtml\"><p>See History of Present Illness</p></div>"
      }
    },
    {
      "title": "History of Present Illness Section",
      "code": {
        "coding": [
          {
            "system": "http://loinc.org",
            "code": "10164-2",
            "display": "History of present illness"
          }
        ]
      },
      "text": {
        "status": "generated",
        "div": "<div xmlns=\"http://www.w3.org/1999/xhtml\"><p>This patient was only recently discharged for a recurrent GI bleed as described below.</p><p>He presented to the ER today c/o a dark stool yesterday but a normal brown stool today. On exam he was hypotensive in the 80?s resolved after .... .... ....</p><p>Lab at discharge: Glucose 112, BUN 16, creatinine 1.1, electrolytes normal. H. pylori antibody pending. Admission hematocrit 16%, discharge hematocrit 29%. WBC 7300, platelet count 256,000. Urinalysis normal. Urine culture: No growth. INR 1.1, PTT 40.</p><p>He was transfused with 6 units of packed red blood cells with .... .... ....</p><p>GI evaluation 12 September: Colonoscopy showed single red clot in .... ........</p></div>"
      }
    },
    {
      "title": "Social History Section",
      "code": {
        "coding": [
          {
            "system": "http://loinc.org",
            "code": "29762-2",
            "display": "Social history"
          }
        ]
      },
      "text": {
        "status": "generated",
        "div": "<div xmlns=\"http://www.w3.org/1999/xhtml\"><table><tr><td><b>Social History Element</b></td><td><b>Description</b></td><td><b>Effective Dates</b></td></tr><tr><td>Smoking</td><td>1 pack tobacco per day</td><td>2005/05/01 - 2010/02/28</td></tr></table></div>"
      },
      "entry": [
        {
          "reference": "Observation/observation-smoker"
        }
      ]
    },
    {
      "title": "General Status Section",
      "code": {
        "coding": [
          {
            "system": "http://loinc.org",
            "code": "10210-3",
            "display": "Physical findings of General status"
          }
        ]
      },
      "text": {
        "status": "generated",
        "div": "<div xmlns=\"http://www.w3.org/1999/xhtml\"><p>Alert and in good spirits, no acute distress.</p></div>"
      }
    },
    {
      "title": "Functional Status Section",
      "code": {
        "coding": [
          {
            "system": "http://loinc.org",
            "code": "47420-5",
            "display": "Functional status"
          }
        ]
      },
      "text": {
        "status": "generated",
        "div": "<div xmlns=\"http://www.w3.org/1999/xhtml\"><table><tr><td><b>Functional or Cognitive Finding</b></td><td><b>Observation</b></td><td><b>Observation Date</b></td><td><b>Condition Status</b></td></tr><tr><td>Ambulation (Dependent to Independent</td><td>Independently able</td><td>2010/03/11</td><td>Active</td></tr><tr><td>Finding of Functional Performance and Activity</td><td>Dyspnea</td><td>2008/02/16</td><td>Active</td></tr><tr><td>Cognitive Function Finding</td><td>Memory Impairment</td><td>2014/04/29</td><td>Active</td></tr></table></div>"
      }
    },
    {
      "title": "Mental Status Section",
      "code": {
        "coding": [
          {
            "system": "http://loinc.org",
            "code": "10190-7",
            "display": "Mental status"
          }
        ]
      },
      "text": {
        "status": "generated",
        "div": "<div xmlns=\"http://www.w3.org/1999/xhtml\"><table border=\"1\" width=\"100%\"><thead><tr><td><b>Mental Status Findings</b></td><td><b>Effective Dates</b></td><td><b>Condition Status</b></td></tr></thead><tr><td>Mental Function</td><td>July 31, 2013</td><td>Impaired</td></tr><tr><td>Cognitive Abilities</td><td>July 31, 2013</td><td>Judgement, Intact</td></tr><tr><td>Cognitive Function</td><td>July 31, 2013</td><td>Aggressive Behavior</td></tr><tr><td>Cognitive Function</td><td>July 31, 2013</td><td>Difficulty understanding own emotions</td></tr><tr><td>Cognitive Function</td><td>July 31, 2013</td><td>Difficulty communicating Thoughts</td></tr></table></div>"
      }
    },
    {
      "title": "Immunizations Section",
      "code": {
        "coding": [
          {
            "system": "http://loinc.org",
            "code": "11369-6",
            "display": "History of immunization"
          }
        ]
      },
      "text": {
        "status": "generated",
        "div": "<div xmlns=\"http://www.w3.org/1999/xhtml\"><table><tr><td><b>Vaccine</b></td><td><b>Date</b></td><td><b>Status</b></td></tr><tr><td>Fluvax (Influenza)</td><td>2016-04-05</td><td>Completed</td></tr></table></div>"
      },
      "entry": [
        {
          "reference": "Immunization/immunization"
        }
      ]
    },
    {
      "title": "Nutrition Section",
      "code": {
        "coding": [
          {
            "system": "http://loinc.org",
            "code": "61144-2",
            "display": "Diet and nutrition"
          }
        ]
      },
      "text": {
        "status": "generated",
        "div": "<div xmlns=\"http://www.w3.org/1999/xhtml\"><table><tr><td><b>Date</b></td><td><b>Nutritional Status</b></td><td><b>Diet</b></td></tr><tr><td>2005/12/29</td><td>Well nourished</td><td>Low sodium diet, excessive carbohydrate</td></tr><tr><td>2010/05/26</td><td>Slight dehydration</td><td>High protein, low fibre</td></tr></table></div>"
      }
    },
    {
      "title": "Reason for Referral Section",
      "code": {
        "coding": [
          {
            "system": "http://loinc.org",
            "code": "42349-1",
            "display": "Reason for Referral"
          }
        ]
      },
      "text": {
        "status": "generated",
        "div": "<div xmlns=\"http://www.w3.org/1999/xhtml\"><p>Colonoscopy</p></div>"
      }
    },
    {
      "title": "Physical Exam Section",
      "code": {
        "coding": [
          {
            "system": "http://loinc.org",
            "code": "29545-1",
            "display": "Physical findings"
          }
        ]
      },
      "text": {
        "status": "generated",
        "div": "<div xmlns=\"http://www.w3.org/1999/xhtml\"><p>HEENT: All normal to examination.</p><p>&gt;HEART: RRR, no murmur.</p><p>THORAX &amp; LUNGS: Clear without rhonchi or wheeze.</p><p>ABDOMEN: Marked distension and tenderness, slightly obese, pos bowelsounds.</p><p>BACK: Normal to inspection and palpation, without tenderness; no presacral edema.</p><p>EXTREMITIES: Doughy edema bilaterally, chronic stasis changes, no asymmetrical swelling.</p></div>"
      }
    },
    {
      "title": "Review of Systems Section",
      "code": {
        "coding": [
          {
            "system": "http://loinc.org",
            "code": "10187-3",
            "display": "Review of systems"
          }
        ]
      },
      "text": {
        "status": "generated",
        "div": "<div xmlns=\"http://www.w3.org/1999/xhtml\"><p>Patient denies recent history of fever or malaise. Positive for weakness and shortness of breath. Several episodes of abdominal tenderness. No recent headaches. Positive for osteoarthritis in hips, knees and hands.</p></div>"
      }
    },
    {
      "title": "Medication Section",
      "code": {
        "coding": [
          {
            "system": "http://loinc.org",
            "code": "10160-0",
            "display": "History of Medication Use"
          }
        ]
      },
      "text": {
        "status": "generated",
        "div": "<div xmlns=\"http://www.w3.org/1999/xhtml\"><table><tr><td><b>Medication</b></td><td><b>Directions</b></td><td><b>Start Date</b></td><td><b>Status</b></td><td><b>Indications</b></td><td><b>Fill Instructions</b></td></tr><tr><td>Amoxicillin</td><td>Amoxicillin Powder, for Suspension 250mg/5ml</td><td>20160401</td><td>Active</td><td>Pneumonia</td><td>Generic substitution allowed</td></tr></table></div>"
      },
      "entry": [
        {
          "reference": "MedicationStatement/medication-statement"
        }
      ]
    },
    {
      "title": "Medical Equipment Section",
      "code": {
        "coding": [
          {
            "system": "http://loinc.org",
            "code": "46264-8",
            "display": "Medical equipment"
          }
        ]
      },
      "text": {
        "status": "generated",
        "div": "<div xmlns=\"http://www.w3.org/1999/xhtml\"><table><tr><td><b>Supply/Device</b></td><td><b>Date Supplied</b></td></tr><tr><td>Automatic Implantable cardioverter/defbrillator</td><td>2008/11/16</td></tr><tr><td>Wheelchair</td><td>1999/12/01</td></tr></table></div>"
      }
    },
    {
      "title": "Plan of Treatment Section",
      "code": {
        "coding": [
          {
            "system": "http://loinc.org",
            "code": "18776-5",
            "display": "Plan of treatment"
          }
        ]
      },
      "text": {
        "status": "generated",
        "div": "<div xmlns=\"http://www.w3.org/1999/xhtml\"><table><tr><td><b>Planned Activity</b></td><td><b>Period</b></td><td><b>Status</b></td></tr><tr><td>Colonoscopy</td><td>2016/08/16 - 2010/08/16</td><td>Completed</td></tr><tr><td>Recommendation to Exercise</td><td>2016/10/29</td><td>Ongoing</td></tr></table></div>"
      }
    },
    {
      "title": "Problem Section",
      "code": {
        "coding": [
          {
            "system": "http://loinc.org",
            "code": "11450-4",
            "display": "Problem list"
          }
        ]
      },
      "text": {
        "status": "generated",
        "div": "<div xmlns=\"http://www.w3.org/1999/xhtml\"><table><tr><td><b>Problem Name</b></td><td><b>Type</b></td><td><b>Onset Date</b></td><td><b>Abatement Date</b></td><td><b>Status</b></td></tr><tr><td>Fever</td><td>Condition</td><td>2016-04-01</td><td>2016-04-14</td><td>Complete</td></tr></table></div>"
      },
      "entry": [
        {
          "reference": "Condition/condition-problem"
        }
      ]
    },
    {
      "title": "Procedures Section",
      "code": {
        "coding": [
          {
            "system": "http://loinc.org",
            "code": "47519-4",
            "display": "History of procedures"
          }
        ]
      },
      "text": {
        "status": "generated",
        "div": "<div xmlns=\"http://www.w3.org/1999/xhtml\"><table><tr><td><b>Procedure Name</b></td><td><b>Body Site</b></td><td><b>Performer</b></td><td><b>Date Performed</b></td><td><b>Reason</b></td></tr><tr><td>Appendectomy (Procedure)</td><td>Abdomen</td><td>Dr. Adam Everyman</td><td>20160405</td><td>Generalized abdominal pain 24 hours. Localized in RIF with rebound and guarding</td></tr></table></div>"
      },
      "entry": [
        {
          "reference": "Procedure/procedure-rehab"
        }
      ]
    },
    {
      "title": "Results Section",
      "code": {
        "coding": [
          {
            "system": "http://loinc.org",
            "code": "30954-2",
            "display": "Relevant diagnostic tests and laboratory data"
          }
        ]
      },
      "text": {
        "status": "generated",
        "div": "<div xmlns=\"http://www.w3.org/1999/xhtml\"><table><tr><td><b>Result Type</b></td><td><b>Quantity Value</b></td><td><b>Date</b></td><td><b>Status</b></td></tr><tr><td>Glucose [Moles/volume] in Blood</td><td>6.3 mmol/l</td><td>2016/04/01</td><td>Final</td></tr></table></div>"
      },
      "entry": [
        {
          "reference": "Observation/observation-lab-urine"
        }
      ]
    },
    {
      "title": "Vital Signs Section",
      "code": {
        "coding": [
          {
            "system": "http://loinc.org",
            "code": "8716-3",
            "display": "Vital signs"
          }
        ]
      },
      "text": {
        "status": "generated",
        "div": "<div xmlns=\"http://www.w3.org/1999/xhtml\"><table><tr><td><b>Vital Sign</b></td><td><b>Date</b></td><td><b>Value</b></td></tr><tr><td>Temperature</td><td>2016/06/15</td><td>39 Degrees Celcius</td></tr></table></div>"
      },
      "entry": [
        {
          "reference": "Observation/observation-vitals-temp"
        }
      ]
    }
  ]
}