<?xml version="1.0" encoding="UTF-8"?>

<Composition xmlns="http://hl7.org/fhir">
  <id value="Progress-Note-Example"/>
  <meta>
    <versionId value="1"/>
    <lastUpdated value="2018-10-04T19:42:52.061-04:00"/>
    <profile value="http://hl7.org/fhir/us/ccda/StructureDefinition/CCDA-on-FHIR-Progress-Note"/>
  </meta>
  <language value="en-US"/>
  <text>
    <status value="generated"/><div xmlns="http://www.w3.org/1999/xhtml" xml:lang="en-US" lang="en-US"><p><b>Generated Narrative</b></p><div style="display: inline-block; background-color: #d9e0e7; padding: 6px; margin: 4px; border: 1px solid #8da1b4; border-radius: 5px; line-height: 60%"><p style="margin-bottom: 0px">Resource "Progress-Note-Example" Version "1" Updated "2018-10-04 06:42:52-0500"  (Language "en-US") </p><p style="margin-bottom: 0px">Profile: <code>http://hl7.org/fhir/us/ccda/StructureDefinition/CCDA-on-FHIR-Progress-Note</code></p></div><p><b>identifier</b>: id: 1</p><p><b>status</b>: preliminary</p><p><b>type</b>: Provider-unspecified Progress note <span style="background: LightGoldenRodYellow; margin: 4px; border: 1px solid khaki"> (<a href="https://loinc.org/">LOINC</a>#11506-3)</span></p><p><b>date</b>: 2016-02-28 09:10:14+0000</p><p><b>author</b>: <a href="Practitioner/practitioner-1">Practitioner/practitioner-1: Ronald Boone, MD</a></p><p><b>title</b>: Progress Note</p><p><b>confidentiality</b>: N</p><h3>Attesters</h3><table class="grid"><tr><td>-</td><td><b>Mode</b></td><td><b>Time</b></td><td><b>Party</b></td></tr><tr><td>*</td><td>legal</td><td>2012-01-04 09:10:14+0000</td><td><a href="Practitioner/practitioner-1">Practitioner/practitioner-1: Ronald Boone, MD</a></td></tr></table><p><b>custodian</b>: <a href="Organization-organization-1.html">Organization/organization-1: Community Health and Hospitals</a> "Acme Labs"</p><h3>Events</h3><table class="grid"><tr><td>-</td><td><b>Code</b></td><td><b>Period</b></td></tr><tr><td>*</td><td>Care Provision <span style="background: LightGoldenRodYellow; margin: 4px; border: 1px solid khaki"> (ActClass#PCPR)</span></td><td>2016-06-15 --&gt; (ongoing)</td></tr></table></div>
  </text>
  <identifier>
    <system value="urn:ietf:rfc:3986"/>
    <value value="1"/>
  </identifier>
  <status value="preliminary"/>
  <type>
    <coding>
      <system value="http://loinc.org"/>
      <code value="11506-3"/>
      <display value="Provider-unspecified Progress note"/>
    </coding>
  </type>
  <subject>
    <reference value="Patient/jane-doe"/>
    <display value="Jane Doe"/>
  </subject>
  <date value="2016-02-28T09:10:14Z"/>
  <author>
    <reference value="Practitioner/practitioner-1"/>
    <display value="Ronald Boone, MD"/>
  </author>
  <title value="Progress Note"/>
  <confidentiality value="N"/>
  <attester>
    <mode value="legal"/>
    <time value="2012-01-04T09:10:14Z"/>
    <party>
      <reference value="Practitioner/practitioner-1"/>
      <display value="Ronald Boone, MD"/>
    </party>
  </attester>
  <custodian>
    <reference value="Organization/organization-1"/>
    <display value="Community Health and Hospitals"/>
  </custodian>
  <event>
    <code>
      <coding>
        <system value="http://hl7.org/fhir/v3/ActClass"/>
        <code value="PCPR"/>
        <display value="Care Provision"/>
      </coding>
    </code>
    <period>
      <start value="2016-06-15"/>
    </period>
  </event>
  <section>
    <title value="Allergies and Intolerances Section"/>
    <code>
      <coding>
        <system value="http://loinc.org"/>
        <code value="48765-2"/>
        <display value="Allergies and adverse reactions"/>
      </coding>
    </code>
    <text>
      <status value="generated"/><div xmlns="http://www.w3.org/1999/xhtml"><table><tr><td><b>Substance</b></td><td><b>Overall Severity</b></td><td><b>Reaction</b></td><td><b>Reaction Severity</b></td><td><b>Status</b></td></tr><tr><td>Cashew Nut</td><td>Severe</td><td>Anaphylactic reaction</td><td>Mild</td><td>Active</td></tr></table></div>
    </text>
    <mode value="snapshot"/>
    <orderedBy>
      <coding>
        <system value="http://hl7.org/fhir/list-order"/>
        <code value="event-date"/>
        <display value="Sorted by Event Date"/>
      </coding>
    </orderedBy>
    <entry>
      <reference value="AllergyIntolerance/allergy-intolerance"/>
    </entry>
  </section>
  <section>
    <title value="Assessment Section"/>
    <code>
      <coding>
        <system value="http://loinc.org"/>
        <code value="51848-0"/>
        <display value="Assessment (evaluation)"/>
      </coding>
    </code>
    <text>
      <status value="generated"/><div xmlns="http://www.w3.org/1999/xhtml"><p>Obesity.</p><p>Uncontrolled brittle Type II diabetic.</p><p>Shortness of breath, mild wheezing.</p><p>Pressure ulder on left knee.</p></div>
    </text>
  </section>
  <section>
    <title value="Assessment and Plan Section"/>
    <code>
      <coding>
        <system value="http://loinc.org"/>
        <code value="51847-2"/>
        <display value="Assessment (evaluation) and plan"/>
      </coding>
    </code>
    <text>
      <status value="generated"/><div xmlns="http://www.w3.org/1999/xhtml"><p>Recurrent GI bleed of unknown etiology; hypotension perhaps secondary to this but as likely secondary to polypharmacy</p><p>Acute on chronic anemia secondary to #1.</p><p>Azotemia, acute renal failure with volume loss secondary tom#1.</p><p>Hyperkalemia secondary to #3 and on ACE and K+ supplement.</p><p>Other chronic diagnoses as noted above, currently stable.</p></div>
    </text>
  </section>
  <section>
    <title value="Chief Complaint Section"/>
    <code>
      <coding>
        <system value="http://loinc.org"/>
        <code value="10154-3"/>
        <display value="Chief complaint"/>
      </coding>
    </code>
    <text>
      <status value="generated"/><div xmlns="http://www.w3.org/1999/xhtml"><p>Dark Stools</p></div>
    </text>
  </section>
  <section>
    <title value="Instructions Section"/>
    <code>
      <coding>
        <system value="http://loinc.org"/>
        <code value="69730-0"/>
        <display value="Instructions"/>
      </coding>
    </code>
    <text>
      <status value="generated"/><div xmlns="http://www.w3.org/1999/xhtml"><p>Patient may have low grade fever, mild joint pain and injection area tenderness.</p></div>
    </text>
  </section>
  <section>
    <title value="Interventions Section"/>
    <code>
      <coding>
        <system value="http://loinc.org"/>
        <code value="62387-6"/>
        <display value="Interventions provided"/>
      </coding>
    </code>
    <text>
      <status value="generated"/><div xmlns="http://www.w3.org/1999/xhtml"><table><tr><td><b>Planned Intervention</b></td><td><b>Status</b></td><td><b>Date</b></td></tr><tr><td>Elevate head of bed</td><td>active</td><td>September 2, 2016</td></tr><tr><td>Oxygen administration by nasal cannula</td><td>active</td><td>September 1, 2016</td></tr><tr><td>pulse oximetry monitoring</td><td>active</td><td>September 3, 2016</td></tr></table></div>
    </text>
  </section>
  <section>
    <title value="Nutrition Section"/>
    <code>
      <coding>
        <system value="http://loinc.org"/>
        <code value="61144-2"/>
        <display value="Diet and nutrition"/>
      </coding>
    </code>
    <text>
      <status value="generated"/><div xmlns="http://www.w3.org/1999/xhtml"><table><tr><td><b>Date</b></td><td><b>Nutritional Status</b></td><td><b>Diet</b></td></tr><tr><td>2005/12/29</td><td>Well nourished</td><td>Low sodium diet, excessive carbohydrate</td></tr><tr><td>2010/05/26</td><td>Slight dehydration</td><td>High protein, low fibre</td></tr></table></div>
    </text>
  </section>
  <section>
    <title value="Physical Exam Section"/>
    <code>
      <coding>
        <system value="http://loinc.org"/>
        <code value="29545-1"/>
        <display value="Physical findings"/>
      </coding>
    </code>
    <text>
      <status value="generated"/><div xmlns="http://www.w3.org/1999/xhtml"><p>HEENT: All normal to examination.</p><p>&gt;HEART: RRR, no murmur.</p><p>THORAX &amp; LUNGS: Clear without rhonchi or wheeze.</p><p>ABDOMEN: Marked distension and tenderness, slightly obese, pos bowelsounds.</p><p>BACK: Normal to inspection and palpation, without tenderness; no presacral edema.</p><p>EXTREMITIES: Doughy edema bilaterally, chronic stasis changes, no asymmetrical swelling.</p></div>
    </text>
  </section>
  <section>
    <title value="Objective Section"/>
    <code>
      <coding>
        <system value="http://loinc.org"/>
        <code value="61149-1"/>
        <display value="Objective"/>
      </coding>
    </code>
    <text>
      <status value="generated"/><div xmlns="http://www.w3.org/1999/xhtml"><p>Chest: clear to ausc. No rales, normal breath sounds</p><p>Heart: RR, PMI in normal location and no heave or evidence ofcardiomegaly,normal heart sounds, no murm or gallop</p></div>
    </text>
  </section>
  <section>
    <title value="Subjective Section"/>
    <code>
      <coding>
        <system value="http://loinc.org"/>
        <code value="61150-9"/>
        <display value="Subjective"/>
      </coding>
    </code>
    <text>
      <status value="generated"/><div xmlns="http://www.w3.org/1999/xhtml"><p>Complaints of rectal bleeding, fatigue and a change in bowel patterns.</p><p>Has several days of constipation alternating with diarrhea.</p></div>
    </text>
  </section>
  <section>
    <title value="Review of Systems Section"/>
    <code>
      <coding>
        <system value="http://loinc.org"/>
        <code value="10187-3"/>
        <display value="Review of systems"/>
      </coding>
    </code>
    <text>
      <status value="generated"/><div xmlns="http://www.w3.org/1999/xhtml"><p>Patient denies recent history of fever or malaise. Positive for weakness and shortness of breath. Several episodes of abdominal tenderness. No recent headaches. Positive for osteoarthritis in hips, knees and hands.</p></div>
    </text>
  </section>
  <section>
    <title value="Medication Section"/>
    <code>
      <coding>
        <system value="http://loinc.org"/>
        <code value="10160-0"/>
        <display value="History of Medication Use"/>
      </coding>
    </code>
    <text>
      <status value="generated"/><div xmlns="http://www.w3.org/1999/xhtml"><table><tr><td><b>Medication</b></td><td><b>Directions</b></td><td><b>Start Date</b></td><td><b>Status</b></td><td><b>Indications</b></td><td><b>Fill Instructions</b></td></tr><tr><td>Amoxicillin</td><td>Amoxicillin Powder, for Suspension 250mg/5ml</td><td>20160401</td><td>Active</td><td>Pneumonia</td><td>Generic substitution allowed</td></tr></table></div>
    </text>
    <entry>
      <reference value="MedicationStatement/medication-statement"/>
    </entry>
  </section>
  <section>
    <title value="Plan of Treatment Section"/>
    <code>
      <coding>
        <system value="http://loinc.org"/>
        <code value="18776-5"/>
        <display value="Plan of treatment"/>
      </coding>
    </code>
    <text>
      <status value="generated"/><div xmlns="http://www.w3.org/1999/xhtml"><table><tr><td><b>Planned Activity</b></td><td><b>Period</b></td><td><b>Status</b></td></tr><tr><td>Colonoscopy</td><td>2010/08/16 - 2010/08/16</td><td>Completed</td></tr><tr><td>Recommendation to Exercise</td><td>2015/10/29</td><td>Ongoing</td></tr></table></div>
    </text>
  </section>
  <section>
    <title value="Problem Section"/>
    <code>
      <coding>
        <system value="http://loinc.org"/>
        <code value="11450-4"/>
        <display value="Problem list"/>
      </coding>
    </code>
    <text>
      <status value="generated"/><div xmlns="http://www.w3.org/1999/xhtml"><table><tr><td><b>Problem Name</b></td><td><b>Type</b></td><td><b>Onset Date</b></td><td><b>Abatement Date</b></td><td><b>Status</b></td></tr><tr><td>Fever</td><td>Condition</td><td>2016-04-01</td><td>2016-04-14</td><td>Complete</td></tr></table></div>
    </text>
    <entry>
      <reference value="Condition/condition-problem"/>
    </entry>
  </section>
  <section>
    <title value="Results Section"/>
    <code>
      <coding>
        <system value="http://loinc.org"/>
        <code value="30954-2"/>
        <display value="Relevant diagnostic tests and laboratory data"/>
      </coding>
    </code>
    <text>
      <status value="generated"/><div xmlns="http://www.w3.org/1999/xhtml"><table><tr><td><b>Result Type</b></td><td><b>Quantity Value</b></td><td><b>Date</b></td><td><b>Status</b></td></tr><tr><td>Glucose [Moles/volume] in Blood</td><td>6.3 mmol/l</td><td>2016/06/15</td><td>Final</td></tr></table></div>
    </text>
    <entry>
      <reference value="Observation/observation-lab-urine"/>
    </entry>
  </section>
  <section>
    <title value="Vital Signs Section"/>
    <code>
      <coding>
        <system value="http://loinc.org"/>
        <code value="8716-3"/>
        <display value="Vital signs"/>
      </coding>
    </code>
    <text>
      <status value="generated"/><div xmlns="http://www.w3.org/1999/xhtml"><table><tr><td><b>Vital Sign</b></td><td><b>Date</b></td><td><b>Value</b></td></tr><tr><td>Temperature</td><td>2016/06/15</td><td>39 Degrees Celcius</td></tr></table></div>
    </text>
    <entry>
      <reference value="Observation/observation-vitals-temp"/>
    </entry>
  </section>
</Composition>