<?xml version="1.0" encoding="UTF-8"?>

<FamilyMemberHistory xmlns="http://hl7.org/fhir">
  <id value="ExampleFamilyMemberHistory"/>
  <meta>
    <profile value="https://gitlab.mitre.org/awatson/sphr/StructureDefinition/PhrFamilyMemberHistory"/>
  </meta>
  <text>
    <status value="generated"/><div xmlns="http://www.w3.org/1999/xhtml"><p><b>Generated Narrative</b></p><div style="display: inline-block; background-color: #d9e0e7; padding: 6px; margin: 4px; border: 1px solid #8da1b4; border-radius: 5px; line-height: 60%"><p style="margin-bottom: 0px">Resource "ExampleFamilyMemberHistory" </p><p style="margin-bottom: 0px">Profile: <a href="StructureDefinition-PhrFamilyMemberHistory.html">PhrFamilyMemberHistory</a></p></div><p><b>status</b>: completed</p><p><b>patient</b>: <a href="Patient-john-doe.html">Patient/john-doe: John Doe</a> " DOE"</p><p><b>relationship</b>: Child <span style="background: LightGoldenRodYellow; margin: 4px; border: 1px solid khaki"> (<a href="http://terminology.hl7.org/3.1.0/CodeSystem-v3-RoleCode.html">RoleCode</a>#child)</span></p></div>
  </text>
  <status value="completed"/>
  <patient>
    <reference value="Patient/john-doe"/>
    <display value="John Doe"/>
  </patient>
  <relationship>
    <coding>
      <system value="http://terminology.hl7.org/CodeSystem/v3-RoleCode"/>
      <code value="child"/>
      <display value="Child"/>
    </coding>
  </relationship>
</FamilyMemberHistory>