<?xml version="1.0" encoding="UTF-8"?>

<Observation xmlns="http://hl7.org/fhir">
  <id value="observation-vitals-temp"/>
  <meta>
    <versionId value="1"/>
    <lastUpdated value="2018-10-04T19:42:52.061-04:00"/>
    <profile value="http://hl7.org/fhir/StructureDefinition/vitalsigns"/>
  </meta>
  <text>
    <status value="generated"/><div xmlns="http://www.w3.org/1999/xhtml"><p><b>Generated Narrative</b></p><div style="display: inline-block; background-color: #d9e0e7; padding: 6px; margin: 4px; border: 1px solid #8da1b4; border-radius: 5px; line-height: 60%"><p style="margin-bottom: 0px">Resource "observation-vitals-temp" Version "1" Updated "2018-10-04 07:42:52-0400" </p><p style="margin-bottom: 0px">Profile: <a href="http://hl7.org/fhir/R4/vitalsigns.html">Vital Signs Profile</a></p></div><p><b>status</b>: final</p><p><b>category</b>: Vital Signs <span style="background: LightGoldenRodYellow; margin: 4px; border: 1px solid khaki"> (observation-category#vital-signs)</span></p><p><b>code</b>: temperature <span style="background: LightGoldenRodYellow; margin: 4px; border: 1px solid khaki"> (<a href="https://loinc.org/">LOINC</a>#8310-5 "Body temperature")</span></p><p><b>subject</b>: <a href="Patient-john-doe.html">Patient/john-doe: John Doe</a> " DOE"</p><p><b>effective</b>: 1999-07-02</p><p><b>value</b>: 36.55556 Cel<span style="background: LightGoldenRodYellow"> (Details: UCUM code Cel = 'Cel')</span></p></div>
  </text>
  <status value="final"/>
  <category>
    <coding>
      <system value="http://hl7.org/fhir/observation-category"/>
      <code value="vital-signs"/>
      <display value="Vital Signs"/>
    </coding>
    <text value="Vital Signs"/>
  </category>
  <code>
    <coding>
      <system value="http://loinc.org"/>
      <code value="8310-5"/>
      <display value="Body temperature"/>
    </coding>
    <text value="temperature"/>
  </code>
  <subject>
    <reference value="Patient/john-doe"/>
    <display value="John Doe"/>
  </subject>
  <effectiveDateTime value="1999-07-02"/>
  <valueQuantity>
    <value value="36.55556"/>
    <unit value="Cel"/>
    <system value="http://unitsofmeasure.org"/>
    <code value="Cel"/>
  </valueQuantity>
</Observation>