{
  "resourceType": "Observation",
  "id": "observation-vitals-temp",
  "meta": {
    "versionId": "1",
    "lastUpdated": "2018-10-04T19:42:52.061-04:00",
    "profile": [
      "http://hl7.org/fhir/StructureDefinition/vitalsigns"
    ]
  },
  "text": {
    "status": "generated",
    "div": "<div xmlns=\"http://www.w3.org/1999/xhtml\"><p><b>Generated Narrative</b></p><div style=\"display: inline-block; background-color: #d9e0e7; padding: 6px; margin: 4px; border: 1px solid #8da1b4; border-radius: 5px; line-height: 60%\"><p style=\"margin-bottom: 0px\">Resource \"observation-vitals-temp\" Version \"1\" Updated \"2018-10-04 06:42:52-0500\" </p><p style=\"margin-bottom: 0px\">Profile: <a href=\"http://hl7.org/fhir/R4/vitalsigns.html\">Vital Signs Profile</a></p></div><p><b>status</b>: final</p><p><b>category</b>: Vital Signs <span style=\"background: LightGoldenRodYellow; margin: 4px; border: 1px solid khaki\"> (observation-category#vital-signs)</span></p><p><b>code</b>: temperature <span style=\"background: LightGoldenRodYellow; margin: 4px; border: 1px solid khaki\"> (<a href=\"https://loinc.org/\">LOINC</a>#8310-5 \"Body temperature\")</span></p><p><b>subject</b>: <a href=\"Patient-john-doe.html\">Patient/john-doe: John Doe</a> \" DOE\"</p><p><b>effective</b>: 1999-07-02</p><p><b>value</b>: 36.55556 Cel<span style=\"background: LightGoldenRodYellow\"> (Details: UCUM code Cel = 'Cel')</span></p></div>"
  },
  "status": "final",
  "category": [
    {
      "coding": [
        {
          "system": "http://hl7.org/fhir/observation-category",
          "code": "vital-signs",
          "display": "Vital Signs"
        }
      ],
      "text": "Vital Signs"
    }
  ],
  "code": {
    "coding": [
      {
        "system": "http://loinc.org",
        "code": "8310-5",
        "display": "Body temperature"
      }
    ],
    "text": "temperature"
  },
  "subject": {
    "reference": "Patient/john-doe",
    "display": "John Doe"
  },
  "effectiveDateTime": "1999-07-02",
  "valueQuantity": {
    "value": 36.55556,
    "unit": "Cel",
    "system": "http://unitsofmeasure.org",
    "code": "Cel"
  }
}