<?xml version="1.0" encoding="UTF-8"?>

<Organization xmlns="http://hl7.org/fhir">
  <id value="organization-1"/>
  <meta>
    <versionId value="3"/>
    <lastUpdated value="2019-01-25T16:39:57.489-05:00"/>
    <profile value="http://hl7.org/fhir/us/core/StructureDefinition/us-core-organization"/>
  </meta>
  <text>
    <status value="generated"/><div xmlns="http://www.w3.org/1999/xhtml"><p><b>Generated Narrative</b></p><div style="display: inline-block; background-color: #d9e0e7; padding: 6px; margin: 4px; border: 1px solid #8da1b4; border-radius: 5px; line-height: 60%"><p style="margin-bottom: 0px">Resource "organization-1" Version "3" Updated "2019-01-25 04:39:57-0500" </p><p style="margin-bottom: 0px">Profile: <code>http://hl7.org/fhir/us/core/StructureDefinition/us-core-organization</code></p></div><p><b>identifier</b>: id: 1144221847, id: 2523423456</p><p><b>active</b>: true</p><p><b>type</b>: Healthcare Provider <span style="background: LightGoldenRodYellow; margin: 4px; border: 1px solid khaki"> (organization-type#prov)</span></p><p><b>name</b>: Acme Labs</p><p><b>telecom</b>: ph: (+1) 734-677-7777, <a href="mailto:hq@acme.org">hq@acme.org</a></p><p><b>address</b>: 3300 Washtenaw Avenue, Suite 227 Amherst MA 01002 USA </p></div>
  </text>
  <extension url="https://trifolia-fhir.lantanagroup.com/stu3/StructureDefinition/github-branch">
    <valueString value="master"/>
  </extension>
  <extension url="https://trifolia-fhir.lantanagroup.com/stu3/StructureDefinition/github-path">
    <valueString value="HL7/ccda-on-fhir/source/resources/organization/organization-1.xml"/>
  </extension>
  <identifier>
    <system value="http://hl7.org.fhir/sid/us-npi"/>
    <value value="1144221847"/>
  </identifier>
  <identifier>
    <system value="http://www.acme.org/organization"/>
    <value value="2523423456"/>
  </identifier>
  <active value="true"/>
  <type>
    <coding>
      <system value="http://hl7.org/fhir/organization-type"/>
      <code value="prov"/>
      <display value="Healthcare Provider"/>
    </coding>
  </type>
  <name value="Acme Labs"/>
  <telecom>
    <system value="phone"/>
    <value value="(+1) 734-677-7777"/>
  </telecom>
  <telecom>
    <system value="email"/>
    <value value="hq@acme.org"/>
  </telecom>
  <address>
    <line value="3300 Washtenaw Avenue, Suite 227"/>
    <city value="Amherst"/>
    <state value="MA"/>
    <postalCode value="01002"/>
    <country value="USA"/>
  </address>
</Organization>