{
  "package": "StandardPatientHealthRecordIG",
  "version": "0.3.6",
  "fhirVersion": "4.0.1",
  "extensions": [],
  "profiles": {
    "AllergyIntolerance": [
      {
        "url": "https://gitlab.mitre.org/awatson/sphr/StructureDefinition/PhrAllergyIntolerance",
        "title": "PhrAllergyIntolerance"
      }
    ],
    "BodyStructure": [
      {
        "url": "https://gitlab.mitre.org/awatson/sphr/StructureDefinition/PhrBodyStructure",
        "title": "PhrBodyStructure"
      }
    ],
    "CarePlan": [
      {
        "url": "https://gitlab.mitre.org/awatson/sphr/StructureDefinition/PhrCarePlan",
        "title": "PhrCarePlan"
      }
    ],
    "CareTeam": [
      {
        "url": "https://gitlab.mitre.org/awatson/sphr/StructureDefinition/PhrCareTeam",
        "title": "PhrCareTeam"
      }
    ],
    "Communication": [
      {
        "url": "https://gitlab.mitre.org/awatson/sphr/StructureDefinition/PhrCommunication",
        "title": "PhrCommunication"
      }
    ],
    "Condition": [
      {
        "url": "https://gitlab.mitre.org/awatson/sphr/StructureDefinition/PhrCondition",
        "title": "PhrCondition"
      }
    ],
    "Consent": [
      {
        "url": "https://gitlab.mitre.org/awatson/sphr/StructureDefinition/PhrConsent",
        "title": "PhrConsent"
      }
    ],
    "Device": [
      {
        "url": "https://gitlab.mitre.org/awatson/sphr/StructureDefinition/PhrDevice",
        "title": "PhrDevice"
      }
    ],
    "DiagnosticReport": [
      {
        "url": "https://gitlab.mitre.org/awatson/sphr/StructureDefinition/PhrDiagnosticReport",
        "title": "PhrDiagnosticReport"
      }
    ],
    "FamilyMemberHistory": [
      {
        "url": "https://gitlab.mitre.org/awatson/sphr/StructureDefinition/PhrFamilyMemberHistory",
        "title": "PhrFamilyMemberHistory"
      }
    ],
    "Goal": [
      {
        "url": "https://gitlab.mitre.org/awatson/sphr/StructureDefinition/PhrGoal",
        "title": "PhrGoal"
      }
    ],
    "Immunization": [
      {
        "url": "https://gitlab.mitre.org/awatson/sphr/StructureDefinition/PhrImmunization",
        "title": "PhrImmunization"
      }
    ],
    "Medication": [
      {
        "url": "https://gitlab.mitre.org/awatson/sphr/StructureDefinition/PhrMedication",
        "title": "PhrMedication"
      }
    ],
    "MedicationStatement": [
      {
        "url": "https://gitlab.mitre.org/awatson/sphr/StructureDefinition/PhrMedicationStatement",
        "title": "PhrMedicationStatement"
      }
    ],
    "MolecularSequence": [
      {
        "url": "https://gitlab.mitre.org/awatson/sphr/StructureDefinition/PhrMolecularSequence",
        "title": "PhrMolecularSequence"
      }
    ],
    "Observation": [
      {
        "url": "https://gitlab.mitre.org/awatson/sphr/StructureDefinition/PhrObservation",
        "title": "PhrObservation"
      }
    ],
    "Patient": [
      {
        "url": "https://gitlab.mitre.org/awatson/sphr/StructureDefinition/PhrPatient",
        "title": "PhrPatient"
      }
    ],
    "Practitioner": [
      {
        "url": "https://gitlab.mitre.org/awatson/sphr/StructureDefinition/PhrPractitioner",
        "title": "PhrPractitioner"
      }
    ],
    "Procedure": [
      {
        "url": "https://gitlab.mitre.org/awatson/sphr/StructureDefinition/PhrProcedure",
        "title": "PhrProcedure"
      }
    ],
    "RelatedPerson": [
      {
        "url": "https://gitlab.mitre.org/awatson/sphr/StructureDefinition/PhrRelatedPerson",
        "title": "PhrRelatedPerson"
      }
    ],
    "Specimen": [
      {
        "url": "https://gitlab.mitre.org/awatson/sphr/StructureDefinition/PhrSpecimen",
        "title": "PhrSpecimen"
      }
    ]
  },
  "usage": {
    "http://hl7.org/fhir/StructureDefinition/elementdefinition-bestpractice": [
      "StructureDefinition.snapshot.element.constraint"
    ],
    "http://hl7.org/fhir/StructureDefinition/elementdefinition-bestpractice-explanation": [
      "StructureDefinition.snapshot.element.constraint"
    ],
    "http://hl7.org/fhir/StructureDefinition/elementdefinition-bindingName": [
      "StructureDefinition.snapshot.element.binding"
    ],
    "http://hl7.org/fhir/StructureDefinition/elementdefinition-isCommonBinding": [
      "StructureDefinition.snapshot.element.binding"
    ],
    "http://hl7.org/fhir/StructureDefinition/elementdefinition-maxValueSet": [
      "StructureDefinition.snapshot.element.binding"
    ],
    "http://hl7.org/fhir/StructureDefinition/structuredefinition-category": [
      "StructureDefinition"
    ],
    "http://hl7.org/fhir/StructureDefinition/structuredefinition-display-hint": [
      "StructureDefinition.snapshot.element"
    ],
    "http://hl7.org/fhir/StructureDefinition/structuredefinition-explicit-type-name": [
      "StructureDefinition.snapshot.element"
    ],
    "http://hl7.org/fhir/StructureDefinition/structuredefinition-fhir-type": [
      "StructureDefinition.snapshot.element.type"
    ],
    "http://hl7.org/fhir/StructureDefinition/structuredefinition-hierarchy": [
      "StructureDefinition.snapshot.element.type"
    ],
    "http://hl7.org/fhir/StructureDefinition/structuredefinition-security-category": [
      "StructureDefinition"
    ],
    "http://hl7.org/fhir/StructureDefinition/structuredefinition-standards-status": [
      "StructureDefinition.snapshot.element"
    ],
    "http://hl7.org/fhir/tools/StructureDefinition/ig-parameter": [
      "ImplementationGuide.definition"
    ],
    "http://hl7.org/fhir/tools/StructureDefinition/resource-information": [
      "ImplementationGuide.definition.resource"
    ],
    "https://trifolia-fhir.lantanagroup.com/stu3/StructureDefinition/github-branch": [
      "Composition",
      "Organization"
    ],
    "https://trifolia-fhir.lantanagroup.com/stu3/StructureDefinition/github-path": [
      "Composition",
      "Organization"
    ]
  }
}