{
  "resourceType": "FamilyMemberHistory",
  "id": "FamilyMemberHistoryExample",
  "meta": {
    "profile": [
      "https://gitlab.mitre.org/awatson/sphr/StructureDefinition/PhrFamilyMemberHistory"
    ]
  },
  "text": {
    "status": "generated",
    "div": "<div xmlns=\"http://www.w3.org/1999/xhtml\"><p><b>Generated Narrative</b></p><div style=\"display: inline-block; background-color: #d9e0e7; padding: 6px; margin: 4px; border: 1px solid #8da1b4; border-radius: 5px; line-height: 60%\"><p style=\"margin-bottom: 0px\">Resource \"FamilyMemberHistoryExample\" </p><p style=\"margin-bottom: 0px\">Profile: <a href=\"StructureDefinition-PhrFamilyMemberHistory.html\">PhrFamilyMemberHistory</a></p></div><p><b>status</b>: completed</p><p><b>patient</b>: <a href=\"Patient-john-doe.html\">Patient/john-doe: John Doe</a> \" DOE\"</p><p><b>relationship</b>: Child <span style=\"background: LightGoldenRodYellow; margin: 4px; border: 1px solid khaki\"> (<a href=\"http://terminology.hl7.org/3.1.0/CodeSystem-v3-RoleCode.html\">RoleCode</a>#child)</span></p></div>"
  },
  "status": "completed",
  "patient": {
    "reference": "Patient/john-doe",
    "display": "John Doe"
  },
  "relationship": {
    "coding": [
      {
        "system": "http://terminology.hl7.org/CodeSystem/v3-RoleCode",
        "code": "child",
        "display": "Child"
      }
    ]
  }
}