{
  "resourceType": "ImplementationGuide",
  "id": "StandardPatientHealthRecordIG",
  "text": {
    "status": "extensions",
    "div": "<div xmlns=\"http://www.w3.org/1999/xhtml\"><h2>StandardPatientHealthRecordIG</h2><p>The official URL for this implementation guide is: </p><pre>https://gitlab.mitre.org/awatson/sphr/ImplementationGuide/StandardPatientHealthRecordIG</pre></div>"
  },
  "url": "https://gitlab.mitre.org/awatson/sphr/ImplementationGuide/StandardPatientHealthRecordIG",
  "version": "0.3.0",
  "name": "StandardPatientHealthRecordIG",
  "status": "draft",
  "date": "2022-03-31T10:13:20-05:00",
  "publisher": "MITRE",
  "contact": [
    {
      "name": "MITRE",
      "telecom": [
        {
          "system": "url",
          "value": "https://gitlab.mitre.org/awatson/sphr"
        }
      ]
    }
  ],
  "packageId": "StandardPatientHealthRecordIG",
  "license": "CC0-1.0",
  "fhirVersion": [
    "4.0.1"
  ],
  "definition": {
    "extension": [
      {
        "extension": [
          {
            "url": "code",
            "valueString": "copyrightyear"
          },
          {
            "url": "value",
            "valueString": "2022+"
          }
        ],
        "url": "http://hl7.org/fhir/tools/StructureDefinition/ig-parameter"
      },
      {
        "extension": [
          {
            "url": "code",
            "valueString": "releaselabel"
          },
          {
            "url": "value",
            "valueString": "ci-build"
          }
        ],
        "url": "http://hl7.org/fhir/tools/StructureDefinition/ig-parameter"
      },
      {
        "extension": [
          {
            "url": "code",
            "valueString": "path-liquid"
          },
          {
            "url": "value",
            "valueString": "template/liquid"
          }
        ],
        "url": "http://hl7.org/fhir/tools/StructureDefinition/ig-parameter"
      },
      {
        "extension": [
          {
            "url": "code",
            "valueString": "path-liquid"
          },
          {
            "url": "value",
            "valueString": "input/liquid"
          }
        ],
        "url": "http://hl7.org/fhir/tools/StructureDefinition/ig-parameter"
      },
      {
        "extension": [
          {
            "url": "code",
            "valueString": "path-qa"
          },
          {
            "url": "value",
            "valueString": "temp/qa"
          }
        ],
        "url": "http://hl7.org/fhir/tools/StructureDefinition/ig-parameter"
      },
      {
        "extension": [
          {
            "url": "code",
            "valueString": "path-temp"
          },
          {
            "url": "value",
            "valueString": "temp/pages"
          }
        ],
        "url": "http://hl7.org/fhir/tools/StructureDefinition/ig-parameter"
      },
      {
        "extension": [
          {
            "url": "code",
            "valueString": "path-output"
          },
          {
            "url": "value",
            "valueString": "output"
          }
        ],
        "url": "http://hl7.org/fhir/tools/StructureDefinition/ig-parameter"
      },
      {
        "extension": [
          {
            "url": "code",
            "valueString": "path-suppressed-warnings"
          },
          {
            "url": "value",
            "valueString": "input/ignoreWarnings.txt"
          }
        ],
        "url": "http://hl7.org/fhir/tools/StructureDefinition/ig-parameter"
      },
      {
        "extension": [
          {
            "url": "code",
            "valueString": "path-history"
          },
          {
            "url": "value",
            "valueString": "https://gitlab.mitre.org/awatson/sphr/history.html"
          }
        ],
        "url": "http://hl7.org/fhir/tools/StructureDefinition/ig-parameter"
      },
      {
        "extension": [
          {
            "url": "code",
            "valueString": "template-html"
          },
          {
            "url": "value",
            "valueString": "template-page.html"
          }
        ],
        "url": "http://hl7.org/fhir/tools/StructureDefinition/ig-parameter"
      },
      {
        "extension": [
          {
            "url": "code",
            "valueString": "template-md"
          },
          {
            "url": "value",
            "valueString": "template-page-md.html"
          }
        ],
        "url": "http://hl7.org/fhir/tools/StructureDefinition/ig-parameter"
      },
      {
        "extension": [
          {
            "url": "code",
            "valueString": "apply-contact"
          },
          {
            "url": "value",
            "valueString": "true"
          }
        ],
        "url": "http://hl7.org/fhir/tools/StructureDefinition/ig-parameter"
      },
      {
        "extension": [
          {
            "url": "code",
            "valueString": "apply-context"
          },
          {
            "url": "value",
            "valueString": "true"
          }
        ],
        "url": "http://hl7.org/fhir/tools/StructureDefinition/ig-parameter"
      },
      {
        "extension": [
          {
            "url": "code",
            "valueString": "apply-copyright"
          },
          {
            "url": "value",
            "valueString": "true"
          }
        ],
        "url": "http://hl7.org/fhir/tools/StructureDefinition/ig-parameter"
      },
      {
        "extension": [
          {
            "url": "code",
            "valueString": "apply-jurisdiction"
          },
          {
            "url": "value",
            "valueString": "true"
          }
        ],
        "url": "http://hl7.org/fhir/tools/StructureDefinition/ig-parameter"
      },
      {
        "extension": [
          {
            "url": "code",
            "valueString": "apply-license"
          },
          {
            "url": "value",
            "valueString": "true"
          }
        ],
        "url": "http://hl7.org/fhir/tools/StructureDefinition/ig-parameter"
      },
      {
        "extension": [
          {
            "url": "code",
            "valueString": "apply-publisher"
          },
          {
            "url": "value",
            "valueString": "true"
          }
        ],
        "url": "http://hl7.org/fhir/tools/StructureDefinition/ig-parameter"
      },
      {
        "extension": [
          {
            "url": "code",
            "valueString": "apply-version"
          },
          {
            "url": "value",
            "valueString": "true"
          }
        ],
        "url": "http://hl7.org/fhir/tools/StructureDefinition/ig-parameter"
      },
      {
        "extension": [
          {
            "url": "code",
            "valueString": "active-tables"
          },
          {
            "url": "value",
            "valueString": "true"
          }
        ],
        "url": "http://hl7.org/fhir/tools/StructureDefinition/ig-parameter"
      },
      {
        "extension": [
          {
            "url": "code",
            "valueString": "fmm-definition"
          },
          {
            "url": "value",
            "valueString": "http://hl7.org/fhir/versions.html#maturity"
          }
        ],
        "url": "http://hl7.org/fhir/tools/StructureDefinition/ig-parameter"
      },
      {
        "extension": [
          {
            "url": "code",
            "valueString": "propagate-status"
          },
          {
            "url": "value",
            "valueString": "true"
          }
        ],
        "url": "http://hl7.org/fhir/tools/StructureDefinition/ig-parameter"
      },
      {
        "extension": [
          {
            "url": "code",
            "valueString": "excludelogbinaryformat"
          },
          {
            "url": "value",
            "valueString": "true"
          }
        ],
        "url": "http://hl7.org/fhir/tools/StructureDefinition/ig-parameter"
      }
    ],
    "resource": [
      {
        "extension": [
          {
            "url": "http://hl7.org/fhir/tools/StructureDefinition/resource-information",
            "valueString": "StructureDefinition:resource"
          }
        ],
        "reference": {
          "reference": "StructureDefinition/PhrAllergyIntolerance"
        },
        "name": "PhrAllergyIntolerance",
        "description": "Standard PHR profile of the AllergyIntolerance resource.",
        "exampleBoolean": false
      },
      {
        "extension": [
          {
            "url": "http://hl7.org/fhir/tools/StructureDefinition/resource-information",
            "valueString": "StructureDefinition:resource"
          }
        ],
        "reference": {
          "reference": "StructureDefinition/PhrBodyStructure"
        },
        "name": "PhrBodyStructure",
        "description": "Standard PHR profile of the BodyStructure resource.",
        "exampleBoolean": false
      },
      {
        "extension": [
          {
            "url": "http://hl7.org/fhir/tools/StructureDefinition/resource-information",
            "valueString": "StructureDefinition:resource"
          }
        ],
        "reference": {
          "reference": "StructureDefinition/PhrCarePlan"
        },
        "name": "PhrCarePlan",
        "description": "Standard PHR profile of the CarePlan resource.",
        "exampleBoolean": false
      },
      {
        "extension": [
          {
            "url": "http://hl7.org/fhir/tools/StructureDefinition/resource-information",
            "valueString": "StructureDefinition:resource"
          }
        ],
        "reference": {
          "reference": "StructureDefinition/PhrCareTeam"
        },
        "name": "PhrCareTeam",
        "description": "Standard PHR profile of the CareTeam resource.",
        "exampleBoolean": false
      },
      {
        "extension": [
          {
            "url": "http://hl7.org/fhir/tools/StructureDefinition/resource-information",
            "valueString": "StructureDefinition:resource"
          }
        ],
        "reference": {
          "reference": "StructureDefinition/PhrCommunication"
        },
        "name": "PhrCommunication",
        "description": "Standard PHR profile of the Communication resource.",
        "exampleBoolean": false
      },
      {
        "extension": [
          {
            "url": "http://hl7.org/fhir/tools/StructureDefinition/resource-information",
            "valueString": "StructureDefinition:resource"
          }
        ],
        "reference": {
          "reference": "StructureDefinition/PhrCondition"
        },
        "name": "PhrCondition",
        "description": "Standard PHR profile of the Condition resource.",
        "exampleBoolean": false
      },
      {
        "extension": [
          {
            "url": "http://hl7.org/fhir/tools/StructureDefinition/resource-information",
            "valueString": "StructureDefinition:resource"
          }
        ],
        "reference": {
          "reference": "StructureDefinition/PhrConsent"
        },
        "name": "PhrConsent",
        "description": "Standard PHR profile of the Consent resource.",
        "exampleBoolean": false
      },
      {
        "extension": [
          {
            "url": "http://hl7.org/fhir/tools/StructureDefinition/resource-information",
            "valueString": "StructureDefinition:resource"
          }
        ],
        "reference": {
          "reference": "StructureDefinition/PhrDevice"
        },
        "name": "PhrDevice",
        "description": "Standard PHR profile of the Device resource.",
        "exampleBoolean": false
      },
      {
        "extension": [
          {
            "url": "http://hl7.org/fhir/tools/StructureDefinition/resource-information",
            "valueString": "StructureDefinition:resource"
          }
        ],
        "reference": {
          "reference": "StructureDefinition/PhrDiagnosticReport"
        },
        "name": "PhrDiagnosticReport",
        "description": "Standard PHR profile of the DiagnosticReport resource.",
        "exampleBoolean": false
      },
      {
        "extension": [
          {
            "url": "http://hl7.org/fhir/tools/StructureDefinition/resource-information",
            "valueString": "StructureDefinition:resource"
          }
        ],
        "reference": {
          "reference": "StructureDefinition/PhrFamilyMemberHistory"
        },
        "name": "PhrFamilyMemberHistory",
        "description": "Standard PHR profile of the FamilyMemberHistory resource.",
        "exampleBoolean": false
      },
      {
        "extension": [
          {
            "url": "http://hl7.org/fhir/tools/StructureDefinition/resource-information",
            "valueString": "StructureDefinition:resource"
          }
        ],
        "reference": {
          "reference": "StructureDefinition/PhrGoal"
        },
        "name": "PhrGoal",
        "description": "Standard PHR profile of the Goal resource.",
        "exampleBoolean": false
      },
      {
        "extension": [
          {
            "url": "http://hl7.org/fhir/tools/StructureDefinition/resource-information",
            "valueString": "StructureDefinition:resource"
          }
        ],
        "reference": {
          "reference": "StructureDefinition/PhrImmunization"
        },
        "name": "PhrImmunization",
        "description": "Standard PHR profile of the Immunization resource.",
        "exampleBoolean": false
      },
      {
        "extension": [
          {
            "url": "http://hl7.org/fhir/tools/StructureDefinition/resource-information",
            "valueString": "StructureDefinition:resource"
          }
        ],
        "reference": {
          "reference": "StructureDefinition/PhrMedication"
        },
        "name": "PhrMedication",
        "description": "Standard PHR profile of the Medication resource.",
        "exampleBoolean": false
      },
      {
        "extension": [
          {
            "url": "http://hl7.org/fhir/tools/StructureDefinition/resource-information",
            "valueString": "StructureDefinition:resource"
          }
        ],
        "reference": {
          "reference": "StructureDefinition/PhrMedicationStatement"
        },
        "name": "PhrMedicationStatement",
        "description": "Standard PHR profile of the MedicationStatement resource.",
        "exampleBoolean": false
      },
      {
        "extension": [
          {
            "url": "http://hl7.org/fhir/tools/StructureDefinition/resource-information",
            "valueString": "StructureDefinition:resource"
          }
        ],
        "reference": {
          "reference": "StructureDefinition/PhrMolecularSequence"
        },
        "name": "PhrMolecularSequence",
        "description": "Standard PHR profile of the MolecularSequence resource.",
        "exampleBoolean": false
      },
      {
        "extension": [
          {
            "url": "http://hl7.org/fhir/tools/StructureDefinition/resource-information",
            "valueString": "StructureDefinition:resource"
          }
        ],
        "reference": {
          "reference": "StructureDefinition/PhrObservation"
        },
        "name": "PhrObservation",
        "description": "Standard PHR profile of the Observation resource.",
        "exampleBoolean": false
      },
      {
        "extension": [
          {
            "url": "http://hl7.org/fhir/tools/StructureDefinition/resource-information",
            "valueString": "StructureDefinition:resource"
          }
        ],
        "reference": {
          "reference": "StructureDefinition/PhrPatient"
        },
        "name": "PhrPatient",
        "description": "Standard PHR profile of the Patient resource.",
        "exampleBoolean": false
      },
      {
        "extension": [
          {
            "url": "http://hl7.org/fhir/tools/StructureDefinition/resource-information",
            "valueString": "StructureDefinition:resource"
          }
        ],
        "reference": {
          "reference": "StructureDefinition/PhrPractitioner"
        },
        "name": "PhrPractitioner",
        "description": "Standard PHR profile of the Practitioner resource.",
        "exampleBoolean": false
      },
      {
        "extension": [
          {
            "url": "http://hl7.org/fhir/tools/StructureDefinition/resource-information",
            "valueString": "StructureDefinition:resource"
          }
        ],
        "reference": {
          "reference": "StructureDefinition/PhrProcedure"
        },
        "name": "PhrProcedure",
        "description": "Standard PHR profile of the Procedure resource.",
        "exampleBoolean": false
      },
      {
        "extension": [
          {
            "url": "http://hl7.org/fhir/tools/StructureDefinition/resource-information",
            "valueString": "StructureDefinition:resource"
          }
        ],
        "reference": {
          "reference": "StructureDefinition/PhrRelatedPerson"
        },
        "name": "PhrRelatedPerson",
        "description": "Standard PHR profile of the RelatedPerson resource.",
        "exampleBoolean": false
      },
      {
        "extension": [
          {
            "url": "http://hl7.org/fhir/tools/StructureDefinition/resource-information",
            "valueString": "StructureDefinition:resource"
          }
        ],
        "reference": {
          "reference": "StructureDefinition/PhrSpecimen"
        },
        "name": "PhrSpecimen",
        "description": "Standard PHR profile of the Specimen resource.",
        "exampleBoolean": false
      },
      {
        "extension": [
          {
            "url": "http://hl7.org/fhir/tools/StructureDefinition/resource-information",
            "valueString": "StructureDefinition:logical"
          }
        ],
        "reference": {
          "reference": "StructureDefinition/Environmental"
        },
        "name": "Environmental",
        "description": "Standard PHR profile of the Environmental resource.",
        "exampleBoolean": false
      },
      {
        "extension": [
          {
            "url": "http://hl7.org/fhir/tools/StructureDefinition/resource-information",
            "valueString": "StructureDefinition:logical"
          }
        ],
        "reference": {
          "reference": "StructureDefinition/HealthReceipt"
        },
        "name": "HealthReceipt",
        "description": "Standard PHR profile of the HealthReceipt resource.",
        "exampleBoolean": false
      },
      {
        "extension": [
          {
            "url": "http://hl7.org/fhir/tools/StructureDefinition/resource-information",
            "valueString": "StructureDefinition:logical"
          }
        ],
        "reference": {
          "reference": "StructureDefinition/NutrientIntake"
        },
        "name": "NutrientIntake",
        "description": "Standard PHR profile of the NutrientIntake resource.",
        "exampleBoolean": false
      },
      {
        "extension": [
          {
            "url": "http://hl7.org/fhir/tools/StructureDefinition/resource-information",
            "valueString": "StructureDefinition:logical"
          }
        ],
        "reference": {
          "reference": "StructureDefinition/NutrientOuttake"
        },
        "name": "NutrientOuttake",
        "description": "Standard PHR profile of the NutrientOuttake resource.",
        "exampleBoolean": false
      },
      {
        "extension": [
          {
            "url": "http://hl7.org/fhir/tools/StructureDefinition/resource-information",
            "valueString": "StructureDefinition:logical"
          }
        ],
        "reference": {
          "reference": "StructureDefinition/SocialMedia"
        },
        "name": "SocialMedia",
        "description": "Standard PHR profile of the SocialMedia resource.",
        "exampleBoolean": false
      },
      {
        "extension": [
          {
            "url": "http://hl7.org/fhir/tools/StructureDefinition/resource-information",
            "valueString": "Composition"
          }
        ],
        "reference": {
          "reference": "Composition/Care-Plan-Example"
        },
        "name": "Care-Plan-Example",
        "description": "John Doe - Composition - CarePlan",
        "exampleBoolean": true
      },
      {
        "extension": [
          {
            "url": "http://hl7.org/fhir/tools/StructureDefinition/resource-information",
            "valueString": "Composition"
          }
        ],
        "reference": {
          "reference": "Composition/Consultation-Note-Example"
        },
        "name": "Consultation-Note-Example",
        "description": "John Doe - Composition - Consultation Note",
        "exampleBoolean": true
      },
      {
        "extension": [
          {
            "url": "http://hl7.org/fhir/tools/StructureDefinition/resource-information",
            "valueString": "Composition"
          }
        ],
        "reference": {
          "reference": "Composition/ContinuityCareDocument1"
        },
        "name": "ContinuityCareDocument1",
        "description": "John Doe - Composition - Continuity of Care Document",
        "exampleBoolean": true
      },
      {
        "extension": [
          {
            "url": "http://hl7.org/fhir/tools/StructureDefinition/resource-information",
            "valueString": "Composition"
          }
        ],
        "reference": {
          "reference": "Composition/DiagnosticImagingReport1"
        },
        "name": "DiagnosticImagingReport1",
        "description": "John Doe - Composition - Diagnostic Imaging Report",
        "exampleBoolean": true
      },
      {
        "extension": [
          {
            "url": "http://hl7.org/fhir/tools/StructureDefinition/resource-information",
            "valueString": "Composition"
          }
        ],
        "reference": {
          "reference": "Composition/Discharge-Summary-Example"
        },
        "name": "Discharge-Summary-Example",
        "description": "John Doe - Composition - Discharge Summary",
        "exampleBoolean": true
      },
      {
        "extension": [
          {
            "url": "http://hl7.org/fhir/tools/StructureDefinition/resource-information",
            "valueString": "BodyStructure"
          }
        ],
        "reference": {
          "reference": "BodyStructure/ExampleBodyStructure"
        },
        "name": "ExampleBodyStructure",
        "description": "John Doe - BodyStructure - Left Foot",
        "exampleCanonical": "https://gitlab.mitre.org/awatson/sphr/StructureDefinition/PhrBodyStructure"
      },
      {
        "extension": [
          {
            "url": "http://hl7.org/fhir/tools/StructureDefinition/resource-information",
            "valueString": "CarePlan"
          }
        ],
        "reference": {
          "reference": "CarePlan/ExampleCarePlan"
        },
        "name": "ExampleCarePlan",
        "description": "John Doe - CarePlan - Consolidated",
        "exampleCanonical": "https://gitlab.mitre.org/awatson/sphr/StructureDefinition/PhrCarePlan"
      },
      {
        "extension": [
          {
            "url": "http://hl7.org/fhir/tools/StructureDefinition/resource-information",
            "valueString": "CareTeam"
          }
        ],
        "reference": {
          "reference": "CareTeam/ExampleCareTeam"
        },
        "name": "ExampleCareTeam",
        "description": "John Doe - CareTeam",
        "exampleCanonical": "https://gitlab.mitre.org/awatson/sphr/StructureDefinition/PhrCareTeam"
      },
      {
        "extension": [
          {
            "url": "http://hl7.org/fhir/tools/StructureDefinition/resource-information",
            "valueString": "Communication"
          }
        ],
        "reference": {
          "reference": "Communication/ExampleCommunication"
        },
        "name": "ExampleCommunication",
        "description": "John Doe - Communication - New medication request.",
        "exampleCanonical": "https://gitlab.mitre.org/awatson/sphr/StructureDefinition/PhrCommunication"
      },
      {
        "extension": [
          {
            "url": "http://hl7.org/fhir/tools/StructureDefinition/resource-information",
            "valueString": "Consent"
          }
        ],
        "reference": {
          "reference": "Consent/ExampleConsent"
        },
        "name": "ExampleConsent",
        "description": "John Doe - Consent - Advanced Directive",
        "exampleCanonical": "https://gitlab.mitre.org/awatson/sphr/StructureDefinition/PhrConsent"
      },
      {
        "extension": [
          {
            "url": "http://hl7.org/fhir/tools/StructureDefinition/resource-information",
            "valueString": "Device"
          }
        ],
        "reference": {
          "reference": "Device/ExampleDevice"
        },
        "name": "ExampleDevice",
        "description": "John Doe - Device - Digital Blood Pressure Cuff",
        "exampleCanonical": "https://gitlab.mitre.org/awatson/sphr/StructureDefinition/PhrDevice"
      },
      {
        "extension": [
          {
            "url": "http://hl7.org/fhir/tools/StructureDefinition/resource-information",
            "valueString": "DiagnosticReport"
          }
        ],
        "reference": {
          "reference": "DiagnosticReport/ExampleDiagnosticReport"
        },
        "name": "ExampleDiagnosticReport",
        "description": "John Doe - DiagnosticReport",
        "exampleCanonical": "https://gitlab.mitre.org/awatson/sphr/StructureDefinition/PhrDiagnosticReport"
      },
      {
        "extension": [
          {
            "url": "http://hl7.org/fhir/tools/StructureDefinition/resource-information",
            "valueString": "FamilyMemberHistory"
          }
        ],
        "reference": {
          "reference": "FamilyMemberHistory/ExampleFamilyMemberHistory"
        },
        "name": "ExampleFamilyMemberHistory",
        "description": "John Doe - FamilyMemberHistory",
        "exampleCanonical": "https://gitlab.mitre.org/awatson/sphr/StructureDefinition/PhrFamilyMemberHistory"
      },
      {
        "extension": [
          {
            "url": "http://hl7.org/fhir/tools/StructureDefinition/resource-information",
            "valueString": "RelatedPerson"
          }
        ],
        "reference": {
          "reference": "RelatedPerson/ExampleRelatedPerson"
        },
        "name": "ExampleRelatedPerson",
        "description": "John Doe - RelatedPerson - Sister",
        "exampleCanonical": "https://gitlab.mitre.org/awatson/sphr/StructureDefinition/PhrRelatedPerson"
      },
      {
        "extension": [
          {
            "url": "http://hl7.org/fhir/tools/StructureDefinition/resource-information",
            "valueString": "Specimen"
          }
        ],
        "reference": {
          "reference": "Specimen/ExampleSpecimen"
        },
        "name": "ExampleSpecimen",
        "description": "John Doe - Specimen - Urinalysis",
        "exampleCanonical": "https://gitlab.mitre.org/awatson/sphr/StructureDefinition/PhrSpecimen"
      },
      {
        "extension": [
          {
            "url": "http://hl7.org/fhir/tools/StructureDefinition/resource-information",
            "valueString": "Composition"
          }
        ],
        "reference": {
          "reference": "Composition/History-and-Physical-Example"
        },
        "name": "History-and-Physical-Example",
        "description": "John Doe - Composition - History & Physical",
        "exampleBoolean": true
      },
      {
        "extension": [
          {
            "url": "http://hl7.org/fhir/tools/StructureDefinition/resource-information",
            "valueString": "Condition"
          }
        ],
        "reference": {
          "reference": "Condition/JohnDoe-diabetes"
        },
        "name": "JohnDoe-diabetes",
        "description": "John Doe - Condition - Diabetes",
        "exampleBoolean": true
      },
      {
        "extension": [
          {
            "url": "http://hl7.org/fhir/tools/StructureDefinition/resource-information",
            "valueString": "Encounter"
          }
        ],
        "reference": {
          "reference": "Encounter/JohnDoe-diabetesOnset"
        },
        "name": "JohnDoe-diabetesOnset",
        "description": "John Doe - Encounter - Diabetes diagnosis",
        "exampleBoolean": true
      },
      {
        "extension": [
          {
            "url": "http://hl7.org/fhir/tools/StructureDefinition/resource-information",
            "valueString": "Bundle"
          }
        ],
        "reference": {
          "reference": "Bundle/Medication-Metformin"
        },
        "name": "Medication-Metformin",
        "description": "John Doe - Bundle - Medication Reconciliation Bundle",
        "exampleBoolean": true
      },
      {
        "extension": [
          {
            "url": "http://hl7.org/fhir/tools/StructureDefinition/resource-information",
            "valueString": "Bundle"
          }
        ],
        "reference": {
          "reference": "Bundle/ObservationsBundle1"
        },
        "name": "ObservationsBundle1",
        "description": "John Doe - Observation - Collection",
        "exampleBoolean": true
      },
      {
        "extension": [
          {
            "url": "http://hl7.org/fhir/tools/StructureDefinition/resource-information",
            "valueString": "Composition"
          }
        ],
        "reference": {
          "reference": "Composition/Operative-Note-Example"
        },
        "name": "Operative-Note-Example",
        "description": "John Doe - Composition - Operative Note",
        "exampleBoolean": true
      },
      {
        "extension": [
          {
            "url": "http://hl7.org/fhir/tools/StructureDefinition/resource-information",
            "valueString": "Bundle"
          }
        ],
        "reference": {
          "reference": "Bundle/PractitionersBundle1"
        },
        "name": "PractitionersBundle1",
        "description": "John Doe - Practitioners - Collection",
        "exampleBoolean": true
      },
      {
        "extension": [
          {
            "url": "http://hl7.org/fhir/tools/StructureDefinition/resource-information",
            "valueString": "Composition"
          }
        ],
        "reference": {
          "reference": "Composition/Procedure-Note-Example"
        },
        "name": "Procedure-Note-Example",
        "description": "John Doe - Composition - Procedure Note",
        "exampleBoolean": true
      },
      {
        "extension": [
          {
            "url": "http://hl7.org/fhir/tools/StructureDefinition/resource-information",
            "valueString": "Composition"
          }
        ],
        "reference": {
          "reference": "Composition/Progress-Note-Example"
        },
        "name": "Progress-Note-Example",
        "description": "John Doe - Composition - Progress Note",
        "exampleBoolean": true
      },
      {
        "extension": [
          {
            "url": "http://hl7.org/fhir/tools/StructureDefinition/resource-information",
            "valueString": "Composition"
          }
        ],
        "reference": {
          "reference": "Composition/Referral-Note-Example"
        },
        "name": "Referral-Note-Example",
        "description": "John Doe - Composition - Referral Note",
        "exampleBoolean": true
      },
      {
        "extension": [
          {
            "url": "http://hl7.org/fhir/tools/StructureDefinition/resource-information",
            "valueString": "Composition"
          }
        ],
        "reference": {
          "reference": "Composition/Transfer-Summary-Example"
        },
        "name": "Transfer-Summary-Example",
        "description": "John Doe - Composition - Transfer Summary",
        "exampleBoolean": true
      },
      {
        "extension": [
          {
            "url": "http://hl7.org/fhir/tools/StructureDefinition/resource-information",
            "valueString": "AllergyIntolerance"
          }
        ],
        "reference": {
          "reference": "AllergyIntolerance/allergy-intolerance"
        },
        "name": "allergy-intolerance",
        "description": "John Doe - AllergyIntolerance - Sulfonamide",
        "exampleBoolean": true
      },
      {
        "extension": [
          {
            "url": "http://hl7.org/fhir/tools/StructureDefinition/resource-information",
            "valueString": "Immunization"
          }
        ],
        "reference": {
          "reference": "Immunization/immunization"
        },
        "name": "immunization",
        "description": "John Doe - Immunization - Fluzone",
        "exampleBoolean": true
      },
      {
        "extension": [
          {
            "url": "http://hl7.org/fhir/tools/StructureDefinition/resource-information",
            "valueString": "Patient"
          }
        ],
        "reference": {
          "reference": "Patient/john-doe"
        },
        "name": "john-doe",
        "description": "John Doe - Patient Demographics",
        "exampleBoolean": true
      },
      {
        "extension": [
          {
            "url": "http://hl7.org/fhir/tools/StructureDefinition/resource-information",
            "valueString": "MedicationStatement"
          }
        ],
        "reference": {
          "reference": "MedicationStatement/medication-statement"
        },
        "name": "medication-statement",
        "description": "John Doe - MedicationStatement - Lisinopril",
        "exampleBoolean": true
      },
      {
        "extension": [
          {
            "url": "http://hl7.org/fhir/tools/StructureDefinition/resource-information",
            "valueString": "Observation"
          }
        ],
        "reference": {
          "reference": "Observation/observation-lab-urine"
        },
        "name": "observation-lab-urine",
        "description": "John Doe - Observation - Urinalysis",
        "exampleBoolean": true
      },
      {
        "extension": [
          {
            "url": "http://hl7.org/fhir/tools/StructureDefinition/resource-information",
            "valueString": "Observation"
          }
        ],
        "reference": {
          "reference": "Observation/observation-smoker"
        },
        "name": "observation-smoker",
        "description": "John Doe - Observation - Smoking status",
        "exampleBoolean": true
      },
      {
        "extension": [
          {
            "url": "http://hl7.org/fhir/tools/StructureDefinition/resource-information",
            "valueString": "Observation"
          }
        ],
        "reference": {
          "reference": "Observation/observation-vitals-temp"
        },
        "name": "observation-vitals-temp",
        "description": "John Doe - Observation - Body temperature",
        "exampleBoolean": true
      },
      {
        "extension": [
          {
            "url": "http://hl7.org/fhir/tools/StructureDefinition/resource-information",
            "valueString": "Organization"
          }
        ],
        "reference": {
          "reference": "Organization/organization-1"
        },
        "name": "organization-1",
        "description": "Organization - Acme Labs",
        "exampleBoolean": true
      },
      {
        "extension": [
          {
            "url": "http://hl7.org/fhir/tools/StructureDefinition/resource-information",
            "valueString": "Procedure"
          }
        ],
        "reference": {
          "reference": "Procedure/procedure-rehab"
        },
        "name": "procedure-rehab",
        "description": "John Doe - Procedure - Alcohol rehabilitation",
        "exampleBoolean": true
      },
      {
        "extension": [
          {
            "url": "http://hl7.org/fhir/tools/StructureDefinition/resource-information",
            "valueString": "Bundle"
          }
        ],
        "reference": {
          "reference": "Bundle/undefined"
        },
        "name": "undefined",
        "exampleBoolean": true
      }
    ],
    "page": {
      "nameUrl": "toc.html",
      "title": "Table of Contents",
      "generation": "html",
      "page": [
        {
          "nameUrl": "index.html",
          "title": "Getting Started",
          "generation": "markdown"
        },
        {
          "nameUrl": "environments.html",
          "title": "Environments",
          "generation": "markdown"
        },
        {
          "nameUrl": "datamodel.html",
          "title": "Data Model",
          "generation": "markdown"
        },
        {
          "nameUrl": "datastorage.html",
          "title": "Storage",
          "generation": "markdown"
        },
        {
          "nameUrl": "functionality.html",
          "title": "Functionality",
          "generation": "markdown"
        },
        {
          "nameUrl": "physiology.html",
          "title": "Physiology Simulations",
          "generation": "markdown"
        },
        {
          "nameUrl": "personas.html",
          "title": "Patient Personas",
          "generation": "markdown"
        }
      ]
    },
    "parameter": [
      {
        "code": "path-resource",
        "value": "input/capabilities"
      },
      {
        "code": "path-resource",
        "value": "input/examples"
      },
      {
        "code": "path-resource",
        "value": "input/extensions"
      },
      {
        "code": "path-resource",
        "value": "input/models"
      },
      {
        "code": "path-resource",
        "value": "input/operations"
      },
      {
        "code": "path-resource",
        "value": "input/profiles"
      },
      {
        "code": "path-resource",
        "value": "input/resources"
      },
      {
        "code": "path-resource",
        "value": "input/vocabulary"
      },
      {
        "code": "path-resource",
        "value": "input/maps"
      },
      {
        "code": "path-resource",
        "value": "input/testing"
      },
      {
        "code": "path-resource",
        "value": "input/history"
      },
      {
        "code": "path-resource",
        "value": "fsh-generated/resources"
      },
      {
        "code": "path-pages",
        "value": "template/config"
      },
      {
        "code": "path-pages",
        "value": "input/images"
      },
      {
        "code": "path-tx-cache",
        "value": "input-cache/txcache"
      }
    ]
  }
}