[
  {
    "id": "StandardPatientHealthRecordIG",
    "type": "ImplementationGuide",
    "url": "https://open-health-manager.github.io/standard-patient-health-record-ig/ImplementationGuide/StandardPatientHealthRecordIG",
    "version": "0.4.4",
    "name": "StandardPatientHealthRecordIG"
  },
  {
    "id": "Environmental",
    "type": "StructureDefinition",
    "url": "https://open-health-manager.github.io/standard-patient-health-record-ig/StructureDefinition/Environmental",
    "version": "0.4.4",
    "name": "Environmental"
  },
  {
    "id": "NutrientOuttake",
    "type": "StructureDefinition",
    "url": "https://open-health-manager.github.io/standard-patient-health-record-ig/StructureDefinition/NutrientOuttake",
    "version": "0.4.4",
    "name": "NutrientOuttake"
  },
  {
    "id": "PhrBundle",
    "type": "StructureDefinition",
    "url": "https://open-health-manager.github.io/standard-patient-health-record-ig/StructureDefinition/PhrBundle",
    "version": "0.4.4",
    "name": "PhrBundle"
  },
  {
    "id": "PhrComposition",
    "type": "StructureDefinition",
    "url": "https://open-health-manager.github.io/standard-patient-health-record-ig/StructureDefinition/PhrComposition",
    "version": "0.4.4",
    "name": "PhrComposition"
  },
  {
    "id": "PhrDocumentManifest",
    "type": "StructureDefinition",
    "url": "https://open-health-manager.github.io/standard-patient-health-record-ig/StructureDefinition/PhrDocumentManifest",
    "version": "0.4.4",
    "name": "PhrDocumentManifest"
  },
  {
    "id": "PhrDocumentReference",
    "type": "StructureDefinition",
    "url": "https://open-health-manager.github.io/standard-patient-health-record-ig/StructureDefinition/PhrDocumentReference",
    "version": "0.4.4",
    "name": "PhrDocumentReference"
  },
  {
    "id": "PhrMedia",
    "type": "StructureDefinition",
    "url": "https://open-health-manager.github.io/standard-patient-health-record-ig/StructureDefinition/PhrMedia",
    "version": "0.4.4",
    "name": "PhrMedia"
  },
  {
    "id": "PhrPatient",
    "type": "StructureDefinition",
    "url": "https://open-health-manager.github.io/standard-patient-health-record-ig/StructureDefinition/PhrPatient",
    "version": "0.4.4",
    "name": "PhrPatient"
  },
  {
    "id": "PhrProvenance",
    "type": "StructureDefinition",
    "url": "https://open-health-manager.github.io/standard-patient-health-record-ig/StructureDefinition/PhrProvenance",
    "version": "0.4.4",
    "name": "PhrProvenance"
  },
  {
    "id": "SocialMedia",
    "type": "StructureDefinition",
    "url": "https://open-health-manager.github.io/standard-patient-health-record-ig/StructureDefinition/SocialMedia",
    "version": "0.4.4",
    "name": "SocialMedia"
  },
  {
    "id": "apple-healthkit-sample",
    "type": "StructureDefinition",
    "url": "https://open-health-manager.github.io/standard-patient-health-record-ig/StructureDefinition/apple-healthkit-sample",
    "version": "0.4.4",
    "name": "AppleHealthKitSample"
  },
  {
    "id": "pcd-sleep-observation",
    "type": "StructureDefinition",
    "url": "https://open-health-manager.github.io/standard-patient-health-record-ig/StructureDefinition/pcd-sleep-observation",
    "version": "0.4.4",
    "name": "PCDSleepObservation"
  },
  {
    "id": "HKCategorySamplePregnancyToObservation",
    "type": "StructureMap",
    "url": "https://open-health-manager.github.io/standard-patient-health-record-ig/StructureMap/HKCategorySamplePregnancyToObservation",
    "version": "0.4.4",
    "name": "HKCategorySamplePregnancyToObservation"
  },
  {
    "id": "pcd-sleep-observation-code",
    "type": "ValueSet",
    "url": "https://open-health-manager.github.io/standard-patient-health-record-ig/ValueSet/pcd-sleep-observation-code",
    "version": "0.4.4",
    "name": "PCDSleepObservationCode"
  },
  {
    "id": "pcd-sleep-observation-value",
    "type": "ValueSet",
    "url": "https://open-health-manager.github.io/standard-patient-health-record-ig/ValueSet/pcd-sleep-observation-value",
    "version": "0.4.4",
    "name": "PCDSleepStageValueCode"
  }
]