<?xml version="1.0" encoding="UTF-8"?>

<CareTeam xmlns="http://hl7.org/fhir">
  <id value="CareTeamExample"/>
  <meta>
    <profile value="https://gitlab.mitre.org/awatson/sphr/StructureDefinition/MyCareTeam"/>
  </meta>
  <text>
    <status value="generated"/><div xmlns="http://www.w3.org/1999/xhtml"><p><b>Generated Narrative</b></p><div style="display: inline-block; background-color: #d9e0e7; padding: 6px; margin: 4px; border: 1px solid #8da1b4; border-radius: 5px; line-height: 60%"><p style="margin-bottom: 0px">Resource "CareTeamExample" </p><p style="margin-bottom: 0px">Profile: <a href="StructureDefinition-MyCareTeam.html">MyCareTeam</a></p></div></div>
  </text>
</CareTeam>