{
  "resourceType": "DiagnosticReport",
  "id": "DiagnosticReportExample",
  "meta": {
    "profile": [
      "https://gitlab.mitre.org/awatson/sphr/StructureDefinition/MyDiagnosticReport"
    ]
  },
  "text": {
    "status": "generated",
    "div": "<div xmlns=\"http://www.w3.org/1999/xhtml\"><h2><span title=\"Codes: {http://snomed.info/sct 184004}\">Withdrawal arrhythmia</span> </h2><table class=\"grid\"></table><p><b>Report Details</b></p></div>"
  },
  "status": "final",
  "code": {
    "coding": [
      {
        "system": "http://snomed.info/sct",
        "code": "184004",
        "display": "Withdrawal arrhythmia"
      }
    ]
  }
}