{
  "resourceType": "FamilyMemberHistory",
  "id": "FamilyMemberHistoryExample",
  "meta": {
    "profile": [
      "https://gitlab.mitre.org/awatson/hello-implementation-guide/StructureDefinition/MyFamilyMemberHistory"
    ]
  },
  "text": {
    "status": "generated",
    "div": "<div xmlns=\"http://www.w3.org/1999/xhtml\"><p><b>Generated Narrative</b></p><div style=\"display: inline-block; background-color: #d9e0e7; padding: 6px; margin: 4px; border: 1px solid #8da1b4; border-radius: 5px; line-height: 60%\"><p style=\"margin-bottom: 0px\">Resource \"FamilyMemberHistoryExample\" </p><p style=\"margin-bottom: 0px\">Profile: <a href=\"StructureDefinition-MyFamilyMemberHistory.html\">MyFamilyMemberHistory</a></p></div><p><b>status</b>: active</p><p><b>patient</b>: <a href=\"Patient/jane-doe\">Patient/jane-doe: Jane Doe</a></p><p><b>relationship</b>: Child <span style=\"background: LightGoldenRodYellow; margin: 4px; border: 1px solid khaki\"> (<a href=\"http://terminology.hl7.org/3.1.0/CodeSystem-v3-RoleCode.html\">RoleCode</a>#child)</span></p></div>"
  },
  "status": "active",
  "patient": {
    "reference": "Patient/jane-doe",
    "display": "Jane Doe"
  },
  "relationship": {
    "coding": [
      {
        "system": "http://terminology.hl7.org/CodeSystem/v3-RoleCode",
        "code": "child",
        "display": "Child"
      }
    ]
  }
}