<?xml version="1.0" encoding="UTF-8"?>

<Immunization xmlns="http://hl7.org/fhir">
  <id value="ImmunizationExample"/>
  <meta>
    <profile value="https://gitlab.mitre.org/awatson/sphr/StructureDefinition/MyImmunization"/>
  </meta>
  <text>
    <status value="generated"/><div xmlns="http://www.w3.org/1999/xhtml"><p><b>Generated Narrative</b></p><div style="display: inline-block; background-color: #d9e0e7; padding: 6px; margin: 4px; border: 1px solid #8da1b4; border-radius: 5px; line-height: 60%"><p style="margin-bottom: 0px">Resource "ImmunizationExample" </p><p style="margin-bottom: 0px">Profile: <a href="StructureDefinition-MyImmunization.html">MyImmunization</a></p></div><p><b>status</b>: completed</p><p><b>vaccineCode</b>: MMR <span style="background: LightGoldenRodYellow; margin: 4px; border: 1px solid khaki"> (<a href="http://terminology.hl7.org/3.1.0/CodeSystem-CVX.html">PH_VaccinesAdministeredCVX_CDC_NIP</a>#MMR)</span></p><p><b>patient</b>: <a href="Patient/jane-doe">Patient/jane-doe: Jane Doe</a></p><p><b>occurrence</b>: 2022-01-02</p></div>
  </text>
  <status value="completed"/>
  <vaccineCode>
    <coding>
      <system value="http://hl7.org/fhir/sid/cvx"/>
      <code value="MMR"/>
      <display value="MMR"/>
    </coding>
  </vaccineCode>
  <patient>
    <reference value="Patient/jane-doe"/>
    <display value="Jane Doe"/>
  </patient>
  <occurrenceString value="2022-01-02"/>
</Immunization>