<?xml version="1.0" encoding="UTF-8"?>

<Observation xmlns="http://hl7.org/fhir">
  <id value="PCDSleepObservation-stage-example"/>
  <meta>
    <profile value="https://open-health-manager.github.io/standard-patient-health-record-ig/StructureDefinition/pcd-sleep-observation"/>
  </meta>
  <text>
    <status value="generated"/><div xmlns="http://www.w3.org/1999/xhtml"><p><b>Generated Narrative: Observation</b><a name="PCDSleepObservation-stage-example"> </a></p><div style="display: inline-block; background-color: #d9e0e7; padding: 6px; margin: 4px; border: 1px solid #8da1b4; border-radius: 5px; line-height: 60%"><p style="margin-bottom: 0px">Resource Observation "PCDSleepObservation-stage-example" </p><p style="margin-bottom: 0px">Profile: <a href="StructureDefinition-pcd-sleep-observation.html">Patient contributed data: sleep observation</a></p></div><p><b>status</b>: final</p><p><b>code</b>: Sleep, function (observable entity) <span style="background: LightGoldenRodYellow; margin: 4px; border: 1px solid khaki"> (<a href="https://browser.ihtsdotools.org/">SNOMED CT</a>#258158006)</span></p><p><b>subject</b>: <a href="Patient/janesmith">Patient/janesmith: Jane Smith</a></p><p><b>effective</b>: 2022-10-07 10:57:00+0000 --&gt; 2022-10-08 09:13:34+0000</p><p><b>value</b>: Asleep (finding) <span style="background: LightGoldenRodYellow; margin: 4px; border: 1px solid khaki"> (<a href="https://browser.ihtsdotools.org/">SNOMED CT</a>#248220008)</span></p></div>
  </text>
  <status value="final"/>
  <code>
    <coding>
      <system value="http://snomed.info/sct"/>
      <code value="258158006"/>
      <display value="Sleep, function (observable entity)"/>
    </coding>
  </code>
  <subject>
    <reference value="Patient/janesmith"/>
    <display value="Jane Smith"/>
  </subject>
  <effectivePeriod>
    <start value="2022-10-07T22:57:00Z"/>
    <end value="2022-10-08T09:13:34.2112Z"/>
  </effectivePeriod>
  <valueCodeableConcept>
    <coding>
      <system value="http://snomed.info/sct"/>
      <code value="248220008"/>
      <display value="Asleep (finding)"/>
    </coding>
  </valueCodeableConcept>
</Observation>